{
  "afd5b8fa437e3399bbab7bd1fc8918aa" : {
    "statistic" : {
      "failed" : 0,
      "broken" : 0,
      "skipped" : 0,
      "passed" : 1,
      "unknown" : 0,
      "total" : 1
    },
    "items" : [ {
      "uid" : "dbc3ac904fe4a1ae",
      "status" : "passed",
      "time" : {
        "start" : 1656642221438,
        "stop" : 1656642221798,
        "duration" : 360
      }
    } ]
  },
  "7b94a35f76ab58821d02894eb57fc81d" : {
    "statistic" : {
      "failed" : 0,
      "broken" : 0,
      "skipped" : 0,
      "passed" : 1,
      "unknown" : 0,
      "total" : 1
    },
    "items" : [ {
      "uid" : "a967384d3633d8c0",
      "status" : "passed",
      "time" : {
        "start" : 1656642221345,
        "stop" : 1656642221735,
        "duration" : 390
      }
    } ]
  },
  "e1e532d9d683f438723ad738116874de" : {
    "statistic" : {
      "failed" : 0,
      "broken" : 0,
      "skipped" : 0,
      "passed" : 1,
      "unknown" : 0,
      "total" : 1
    },
    "items" : [ {
      "uid" : "69994050767a9e7f",
      "status" : "passed",
      "time" : {
        "start" : 1656642221204,
        "stop" : 1656642221423,
        "duration" : 219
      }
    } ]
  },
  "5eb9c9872b02e08fe1274451c1752740" : {
    "statistic" : {
      "failed" : 0,
      "broken" : 0,
      "skipped" : 0,
      "passed" : 1,
      "unknown" : 0,
      "total" : 1
    },
    "items" : [ {
      "uid" : "e7fc3703424dc1f7",
      "status" : "passed",
      "time" : {
        "start" : 1656642221173,
        "stop" : 1656642221298,
        "duration" : 125
      }
    } ]
  },
  "6a88c037cf1babac7c8d9389dfb6ca53" : {
    "statistic" : {
      "failed" : 0,
      "broken" : 0,
      "skipped" : 0,
      "passed" : 1,
      "unknown" : 0,
      "total" : 1
    },
    "items" : [ {
      "uid" : "af63c5f77c1e35bd",
      "status" : "passed",
      "time" : {
        "start" : 1656642221298,
        "stop" : 1656642221579,
        "duration" : 281
      }
    } ]
  },
  "00708f03bd1a1d2bb8d845792d5e67bd" : {
    "statistic" : {
      "failed" : 0,
      "broken" : 0,
      "skipped" : 0,
      "passed" : 1,
      "unknown" : 0,
      "total" : 1
    },
    "items" : [ {
      "uid" : "cbc82d71bac2e48f",
      "status" : "passed",
      "time" : {
        "start" : 1656642221954,
        "stop" : 1656642222095,
        "duration" : 141
      }
    } ]
  },
  "e402d4f5afdb11afc56a2e52b250b8b7" : {
    "statistic" : {
      "failed" : 0,
      "broken" : 0,
      "skipped" : 0,
      "passed" : 1,
      "unknown" : 0,
      "total" : 1
    },
    "items" : [ {
      "uid" : "16a296efbdd5f38",
      "status" : "passed",
      "time" : {
        "start" : 1656642222407,
        "stop" : 1656642222751,
        "duration" : 344
      }
    } ]
  },
  "278b2a7c9ac43764fae6fc61727ae281" : {
    "statistic" : {
      "failed" : 0,
      "broken" : 0,
      "skipped" : 0,
      "passed" : 1,
      "unknown" : 0,
      "total" : 1
    },
    "items" : [ {
      "uid" : "21bf830451399c03",
      "status" : "passed",
      "time" : {
        "start" : 1656642221735,
        "stop" : 1656642221938,
        "duration" : 203
      }
    } ]
  },
  "7e77df6106fcf9ced14f70f67930cdfc" : {
    "statistic" : {
      "failed" : 0,
      "broken" : 0,
      "skipped" : 0,
      "passed" : 1,
      "unknown" : 0,
      "total" : 1
    },
    "items" : [ {
      "uid" : "f3b35088d186b526",
      "status" : "passed",
      "time" : {
        "start" : 1656642221579,
        "stop" : 1656642222001,
        "duration" : 422
      }
    } ]
  },
  "809b9577037b738935e0101a9a21b881" : {
    "statistic" : {
      "failed" : 0,
      "broken" : 0,
      "skipped" : 0,
      "passed" : 1,
      "unknown" : 0,
      "total" : 1
    },
    "items" : [ {
      "uid" : "f178dd55ef4fc5a0",
      "status" : "passed",
      "time" : {
        "start" : 1656642221204,
        "stop" : 1656642221329,
        "duration" : 125
      }
    } ]
  },
  "5e84cecda5358b45118a62c2769c8f30" : {
    "statistic" : {
      "failed" : 0,
      "broken" : 0,
      "skipped" : 0,
      "passed" : 1,
      "unknown" : 0,
      "total" : 1
    },
    "items" : [ {
      "uid" : "28f01c6c6b7c587",
      "status" : "passed",
      "time" : {
        "start" : 1656642221813,
        "stop" : 1656642222188,
        "duration" : 375
      }
    } ]
  },
  "4cfac0c788c049c180e2f593ec96fd14" : {
    "statistic" : {
      "failed" : 0,
      "broken" : 0,
      "skipped" : 0,
      "passed" : 1,
      "unknown" : 0,
      "total" : 1
    },
    "items" : [ {
      "uid" : "e26bf82b805ac1dc",
      "status" : "passed",
      "time" : {
        "start" : 1656642222016,
        "stop" : 1656642222407,
        "duration" : 391
      }
    } ]
  }
}