"Status","Start Time","Stop Time","Duration in ms","Parent Suite","Suite","Sub Suite","Test Class","Test Method","Name","Description"
"passed","Thu Jun 30 09:31:00 CST 2022","Thu Jun 30 09:31:01 CST 2022","688","testCases.addInvoiceToConfirm","test_invoice_manage1_Test_scene_1","","","","test_test_scene_1[test_case4]",""
"passed","Thu Jun 30 09:30:57 CST 2022","Thu Jun 30 09:30:58 CST 2022","470","testCases.blue","test_invoice_manage2_Test_scene_1","","","","test_test_scene_1[test_case0]",""
"passed","Thu Jun 30 09:30:58 CST 2022","Thu Jun 30 09:30:58 CST 2022","809","testCases.addInvoiceToConfirm","test_invoice_manage_Test_scene_1","","","","test_test_scene_1[test_case1]",""
"passed","Thu Jun 30 09:30:59 CST 2022","Thu Jun 30 09:30:59 CST 2022","198","testCases.addInvoiceToConfirm","test_invoice_manage_Test_scene_1","","","","test_test_scene_1[test_case3]",""
"passed","Thu Jun 30 09:30:58 CST 2022","Thu Jun 30 09:30:59 CST 2022","305","testCases.addInvoiceToConfirm","test_invoice_manage_Test_scene_1","","","","test_test_scene_1[test_case2]",""
"passed","Thu Jun 30 09:30:59 CST 2022","Thu Jun 30 09:31:00 CST 2022","989","testCases.addInvoiceToConfirm","test_invoice_manage1_Test_scene_1","","","","test_test_scene_1[test_case3]",""
"passed","Thu Jun 30 09:30:57 CST 2022","Thu Jun 30 09:30:58 CST 2022","324","testCases.addInvoiceToConfirm","test_invoice_manage1_Test_scene_1","","","","test_test_scene_1[test_case0]",""
"passed","Thu Jun 30 09:30:59 CST 2022","Thu Jun 30 09:31:00 CST 2022","710","testCases.blue","test_invoice_manage2_Test_scene_1","","","","test_test_scene_1[test_case2]",""
"passed","Thu Jun 30 09:30:58 CST 2022","Thu Jun 30 09:30:59 CST 2022","940","testCases.blue","test_invoice_manage2_Test_scene_1","","","","test_test_scene_1[test_case1]",""
"passed","Thu Jun 30 09:30:57 CST 2022","Thu Jun 30 09:30:58 CST 2022","271","testCases.addInvoiceToConfirm","test_invoice_manage_Test_scene_1","","","","test_test_scene_1[test_case0]",""
"passed","Thu Jun 30 09:30:58 CST 2022","Thu Jun 30 09:30:59 CST 2022","1011","testCases.addInvoiceToConfirm","test_invoice_manage1_Test_scene_1","","","","test_test_scene_1[test_case2]",""
"passed","Thu Jun 30 09:30:58 CST 2022","Thu Jun 30 09:30:58 CST 2022","599","testCases.addInvoiceToConfirm","test_invoice_manage1_Test_scene_1","","","","test_test_scene_1[test_case1]",""
