[ {
  "uid" : "b56fe5470a5a9e1f",
  "name" : "test_2",
  "time" : {
    "start" : 1687944167296,
    "stop" : 1687944167296,
    "duration" : 0
  },
  "status" : "passed",
  "severity" : "normal"
}, {
  "uid" : "5bf6cbdcefabcaa",
  "name" : "test_1",
  "time" : {
    "start" : 1687944167296,
    "stop" : 1687944167296,
    "duration" : 0
  },
  "status" : "passed",
  "severity" : "normal"
}, {
  "uid" : "b1633b14b9e1fef3",
  "name" : "test_1",
  "time" : {
    "start" : 1687944167311,
    "stop" : 1687944167311,
    "duration" : 0
  },
  "status" : "passed",
  "severity" : "normal"
}, {
  "uid" : "a563c878ca47966b",
  "name" : "test_3",
  "time" : {
    "start" : 1687944167311,
    "stop" : 1687944167311,
    "duration" : 0
  },
  "status" : "passed",
  "severity" : "normal"
}, {
  "uid" : "ad9c034b12cdda3c",
  "name" : "test_3",
  "time" : {
    "start" : 1687944167311,
    "stop" : 1687944167311,
    "duration" : 0
  },
  "status" : "passed",
  "severity" : "normal"
}, {
  "uid" : "8e7fb961c73b187b",
  "name" : "test_2",
  "time" : {
    "start" : 1687944167311,
    "stop" : 1687944167311,
    "duration" : 0
  },
  "status" : "passed",
  "severity" : "normal"
} ]