{
  "7b94a35f76ab58821d02894eb57fc81d" : {
    "statistic" : {
      "failed" : 0,
      "broken" : 0,
      "skipped" : 0,
      "passed" : 1,
      "unknown" : 0,
      "total" : 1
    },
    "items" : [ {
      "uid" : "eb2489fa280d7bd6",
      "status" : "passed",
      "time" : {
        "start" : 1656555303706,
        "stop" : 1656555304355,
        "duration" : 649
      }
    } ]
  },
  "afd5b8fa437e3399bbab7bd1fc8918aa" : {
    "statistic" : {
      "failed" : 0,
      "broken" : 0,
      "skipped" : 0,
      "passed" : 1,
      "unknown" : 0,
      "total" : 1
    },
    "items" : [ {
      "uid" : "127e25b0a65784aa",
      "status" : "passed",
      "time" : {
        "start" : 1656555303770,
        "stop" : 1656555304347,
        "duration" : 577
      }
    } ]
  },
  "e1e532d9d683f438723ad738116874de" : {
    "statistic" : {
      "failed" : 0,
      "broken" : 0,
      "skipped" : 0,
      "passed" : 1,
      "unknown" : 0,
      "total" : 1
    },
    "items" : [ {
      "uid" : "bdf6de0af88c3204",
      "status" : "passed",
      "time" : {
        "start" : 1656555303358,
        "stop" : 1656555303756,
        "duration" : 398
      }
    } ]
  },
  "5eb9c9872b02e08fe1274451c1752740" : {
    "statistic" : {
      "failed" : 0,
      "broken" : 0,
      "skipped" : 0,
      "passed" : 1,
      "unknown" : 0,
      "total" : 1
    },
    "items" : [ {
      "uid" : "b16962ef38c87429",
      "status" : "passed",
      "time" : {
        "start" : 1656555303472,
        "stop" : 1656555303734,
        "duration" : 262
      }
    } ]
  },
  "6a88c037cf1babac7c8d9389dfb6ca53" : {
    "statistic" : {
      "failed" : 0,
      "broken" : 0,
      "skipped" : 0,
      "passed" : 1,
      "unknown" : 0,
      "total" : 1
    },
    "items" : [ {
      "uid" : "cd02373c5e5cbc4b",
      "status" : "passed",
      "time" : {
        "start" : 1656555303749,
        "stop" : 1656555304214,
        "duration" : 465
      }
    } ]
  },
  "00708f03bd1a1d2bb8d845792d5e67bd" : {
    "statistic" : {
      "failed" : 0,
      "broken" : 0,
      "skipped" : 0,
      "passed" : 1,
      "unknown" : 0,
      "total" : 1
    },
    "items" : [ {
      "uid" : "acdeef381029b047",
      "status" : "passed",
      "time" : {
        "start" : 1656555304871,
        "stop" : 1656555305118,
        "duration" : 247
      }
    } ]
  },
  "e402d4f5afdb11afc56a2e52b250b8b7" : {
    "statistic" : {
      "failed" : 0,
      "broken" : 0,
      "skipped" : 0,
      "passed" : 1,
      "unknown" : 0,
      "total" : 1
    },
    "items" : [ {
      "uid" : "b719866c9b9ee736",
      "status" : "passed",
      "time" : {
        "start" : 1656555305503,
        "stop" : 1656555306050,
        "duration" : 547
      }
    } ]
  },
  "278b2a7c9ac43764fae6fc61727ae281" : {
    "statistic" : {
      "failed" : 0,
      "broken" : 0,
      "skipped" : 0,
      "passed" : 1,
      "unknown" : 0,
      "total" : 1
    },
    "items" : [ {
      "uid" : "833bd0ea2c6b1ba6",
      "status" : "passed",
      "time" : {
        "start" : 1656555304397,
        "stop" : 1656555304856,
        "duration" : 459
      }
    } ]
  },
  "7e77df6106fcf9ced14f70f67930cdfc" : {
    "statistic" : {
      "failed" : 0,
      "broken" : 0,
      "skipped" : 0,
      "passed" : 1,
      "unknown" : 0,
      "total" : 1
    },
    "items" : [ {
      "uid" : "f08704ae30eff2ca",
      "status" : "passed",
      "time" : {
        "start" : 1656555304226,
        "stop" : 1656555304867,
        "duration" : 641
      }
    } ]
  },
  "809b9577037b738935e0101a9a21b881" : {
    "statistic" : {
      "failed" : 0,
      "broken" : 0,
      "skipped" : 0,
      "passed" : 1,
      "unknown" : 0,
      "total" : 1
    },
    "items" : [ {
      "uid" : "287dba1007035a63",
      "status" : "passed",
      "time" : {
        "start" : 1656555303498,
        "stop" : 1656555303688,
        "duration" : 190
      }
    } ]
  },
  "5e84cecda5358b45118a62c2769c8f30" : {
    "statistic" : {
      "failed" : 0,
      "broken" : 0,
      "skipped" : 0,
      "passed" : 1,
      "unknown" : 0,
      "total" : 1
    },
    "items" : [ {
      "uid" : "d2e2583e8fa98d44",
      "status" : "passed",
      "time" : {
        "start" : 1656555304385,
        "stop" : 1656555304860,
        "duration" : 475
      }
    } ]
  },
  "4cfac0c788c049c180e2f593ec96fd14" : {
    "statistic" : {
      "failed" : 0,
      "broken" : 0,
      "skipped" : 0,
      "passed" : 1,
      "unknown" : 0,
      "total" : 1
    },
    "items" : [ {
      "uid" : "f637862c272e4c25",
      "status" : "passed",
      "time" : {
        "start" : 1656555304891,
        "stop" : 1656555305487,
        "duration" : 596
      }
    } ]
  }
}