[ {
  "uid" : "36e0e8bb51fccb0f",
  "name" : "test_test_scene_1[test_case0]",
  "time" : {
    "start" : 1656641784515,
    "stop" : 1656641784718,
    "duration" : 203
  },
  "status" : "passed",
  "severity" : "normal"
}, {
  "uid" : "e76cb5c0ff58bb4c",
  "name" : "test_test_scene_1[test_case2]",
  "time" : {
    "start" : 1656641785655,
    "stop" : 1656641785655,
    "duration" : 0
  },
  "status" : "broken",
  "severity" : "normal"
}, {
  "uid" : "de19cb4eeaef09ff",
  "name" : "test_test_scene_1[test_case0]",
  "time" : {
    "start" : 1656641784561,
    "stop" : 1656641784733,
    "duration" : 172
  },
  "status" : "broken",
  "severity" : "normal"
}, {
  "uid" : "3faa21c0b3c29e8d",
  "name" : "test_test_scene_1[test_case2]",
  "time" : {
    "start" : 1656641785280,
    "stop" : 1656641785280,
    "duration" : 0
  },
  "status" : "broken",
  "severity" : "normal"
}, {
  "uid" : "d35bfd79ffe6337e",
  "name" : "test_test_scene_1[test_case4]",
  "time" : {
    "start" : 1656641785655,
    "stop" : 1656641785655,
    "duration" : 0
  },
  "status" : "broken",
  "severity" : "normal"
}, {
  "uid" : "4558aea442457891",
  "name" : "test_test_scene_1[test_case3]",
  "time" : {
    "start" : 1656641785530,
    "stop" : 1656641785530,
    "duration" : 0
  },
  "status" : "broken",
  "severity" : "normal"
}, {
  "uid" : "a78f9a3f3ebb3ed4",
  "name" : "test_test_scene_1[test_case2]",
  "time" : {
    "start" : 1656641785264,
    "stop" : 1656641785264,
    "duration" : 0
  },
  "status" : "broken",
  "severity" : "normal"
}, {
  "uid" : "b1ff897097ca3b3f",
  "name" : "test_test_scene_1[test_case0]",
  "time" : {
    "start" : 1656641784546,
    "stop" : 1656641784874,
    "duration" : 328
  },
  "status" : "broken",
  "severity" : "normal"
}, {
  "uid" : "786e5fe6b6a6011e",
  "name" : "test_test_scene_1[test_case1]",
  "time" : {
    "start" : 1656641785530,
    "stop" : 1656641785530,
    "duration" : 0
  },
  "status" : "broken",
  "severity" : "normal"
}, {
  "uid" : "32cc1a37188ab982",
  "name" : "test_test_scene_1[test_case1]",
  "time" : {
    "start" : 1656641785218,
    "stop" : 1656641785218,
    "duration" : 0
  },
  "status" : "broken",
  "severity" : "normal"
}, {
  "uid" : "14158805be82493a",
  "name" : "test_test_scene_1[test_case3]",
  "time" : {
    "start" : 1656641785530,
    "stop" : 1656641785530,
    "duration" : 0
  },
  "status" : "broken",
  "severity" : "normal"
}, {
  "uid" : "5c15529fbc115674",
  "name" : "test_test_scene_1[test_case1]",
  "time" : {
    "start" : 1656641784733,
    "stop" : 1656641784733,
    "duration" : 0
  },
  "status" : "broken",
  "severity" : "normal"
} ]