"Status","Start Time","Stop Time","Duration in ms","Parent Suite","Suite","Sub Suite","Test Class","Test Method","Name","Description"
"passed","Thu Jun 30 09:32:58 CST 2022","Thu Jun 30 09:32:58 CST 2022","294","testCases.addInvoiceToConfirm","test_invoice_manage_Test_scene_1","","","","test_test_scene_1[test_case0]",""
"passed","Thu Jun 30 09:32:58 CST 2022","Thu Jun 30 09:32:59 CST 2022","373","testCases.blue","test_invoice_manage2_Test_scene_1","","","","test_test_scene_1[test_case0]",""
"passed","Thu Jun 30 09:32:58 CST 2022","Thu Jun 30 09:32:59 CST 2022","545","testCases.addInvoiceToConfirm","test_invoice_manage1_Test_scene_1","","","","test_test_scene_1[test_case1]",""
"passed","Thu Jun 30 09:32:58 CST 2022","Thu Jun 30 09:32:59 CST 2022","675","testCases.addInvoiceToConfirm","test_invoice_manage_Test_scene_1","","","","test_test_scene_1[test_case1]",""
"passed","Thu Jun 30 09:33:00 CST 2022","Thu Jun 30 09:33:01 CST 2022","644","testCases.addInvoiceToConfirm","test_invoice_manage1_Test_scene_1","","","","test_test_scene_1[test_case4]",""
"passed","Thu Jun 30 09:32:59 CST 2022","Thu Jun 30 09:33:00 CST 2022","225","testCases.addInvoiceToConfirm","test_invoice_manage_Test_scene_1","","","","test_test_scene_1[test_case3]",""
"passed","Thu Jun 30 09:32:59 CST 2022","Thu Jun 30 09:32:59 CST 2022","585","testCases.blue","test_invoice_manage2_Test_scene_1","","","","test_test_scene_1[test_case1]",""
"passed","Thu Jun 30 09:32:59 CST 2022","Thu Jun 30 09:32:59 CST 2022","296","testCases.addInvoiceToConfirm","test_invoice_manage_Test_scene_1","","","","test_test_scene_1[test_case2]",""
"passed","Thu Jun 30 09:33:00 CST 2022","Thu Jun 30 09:33:00 CST 2022","557","testCases.addInvoiceToConfirm","test_invoice_manage1_Test_scene_1","","","","test_test_scene_1[test_case3]",""
"passed","Thu Jun 30 09:32:58 CST 2022","Thu Jun 30 09:32:58 CST 2022","292","testCases.addInvoiceToConfirm","test_invoice_manage1_Test_scene_1","","","","test_test_scene_1[test_case0]",""
"passed","Thu Jun 30 09:32:59 CST 2022","Thu Jun 30 09:33:00 CST 2022","428","testCases.blue","test_invoice_manage2_Test_scene_1","","","","test_test_scene_1[test_case2]",""
"passed","Thu Jun 30 09:32:59 CST 2022","Thu Jun 30 09:33:00 CST 2022","646","testCases.addInvoiceToConfirm","test_invoice_manage1_Test_scene_1","","","","test_test_scene_1[test_case2]",""
