{
  "uid" : "83edc06c07f9ae9e47eb6dd1b683e4e2",
  "name" : "packages",
  "children" : [ {
    "name" : "testCases",
    "children" : [ {
      "name" : "blue.test_invoice_manage2_Test_scene_1",
      "children" : [ {
        "name" : "test_test_scene_1[test_case0]",
        "uid" : "5abf01d33a6447ac",
        "parentUid" : "d7a00d56d26bf23793d278102a4dae01",
        "status" : "passed",
        "time" : {
          "start" : 1656294168355,
          "stop" : 1656294168572,
          "duration" : 217
        },
        "flaky" : false,
        "newFailed" : false,
        "newPassed" : false,
        "newBroken" : false,
        "retriesCount" : 0,
        "retriesStatusChange" : false,
        "parameters" : [ "{'blue': {'step_1': {'script': {'request_header': {'base_url': 'https://fenqitest.midea.com', 'env': '/invoice_sit', 'Method': 'post', 'path': '/invoice/trans/blue', 'Connection': 'keep-alive', 'timeout': 10, 'sleep_time': 0, 'is_login': False}, 'request_body': {'appId': '${appId}', 'appKey': '${appKey}', 'data': {'invoiceAmt': 610.0, 'immediateInvoice': 1, 'payTaxpayerName': '${payTaxpayerName}', 'invoiceHead': 1, 'bizId': 'biz$(fdate)$(ftime)', 'invoiceType': 3, 'remarks': '票面备注：客户名称：${payTaxpayerName}, bizId=biz$(fdate)$(ftime)$(fnum::2)', 'taxpayerCode': '${taxpayerCode}', 'businessNo': '$(fdate)$(ftime)$(fnum::4)', 'detailList': [{'standards': 'MT-TZBKC01', 'taxRate': 0.13, 'taxUnitPrice': 180.0, 'businessNo': '$(fdate)$(ftime)$(fnum::2)', 'goodCount': 1, 'goodUnit': '台', 'bizDetailId': 'bdid$(fnum::11)', 'amtContainTax': 180.0, 'taxCode': '1080422', 'goodsName': 'Micca 炊具'}, {'standards': 'MP-SJ20W101', 'taxRate': 0.13, 'taxUnitPrice': 430.0, 'businessNo': '$(fdate)$(ftime)$(fnum::2)', 'goodCount': 1, 'goodUnit': '台', 'bizDetailId': 'bdid$(fnum::11)', 'amtContainTax': 430.0, 'taxCode': '107060112', 'goodsName': 'Midea/美的 餐饮具'}]}}, 'check_body': {'check_json': {'check_type': 'perfect_match', 'expected_code': 200, 'expected_result': 'blue_response.json'}, 'check_part': {'check_type': 'in', 'expected_code': 200, 'expected_result': {'code': '00000'}}}}, 'data': {'appId': 'IBCP', 'appKey': '123456', 'payTaxpayerName': 'muzili_blue', 'taxpayerCode': '440001999999260'}}}}" ]
      }, {
        "name" : "test_test_scene_1[test_case1]",
        "uid" : "29f38b6988efb29a",
        "parentUid" : "d7a00d56d26bf23793d278102a4dae01",
        "status" : "passed",
        "time" : {
          "start" : 1656294168582,
          "stop" : 1656294169054,
          "duration" : 472
        },
        "flaky" : false,
        "newFailed" : false,
        "newPassed" : false,
        "newBroken" : false,
        "retriesCount" : 0,
        "retriesStatusChange" : false,
        "parameters" : [ "{'batchConfirm': {'step_2': {'script': {'request_header': {'Method': 'post', 'path': '/mage/manual/batchConfirm', 'Connection': 'keep-alive', 'Content-Type': 'application/x-www-form-urlencoded', 'timeout': 10, 'sleep_time': 0, 'is_login': True}, 'request_body': {'str': '$DB{id}'}, 'check_body': {'check_json': {'check_type': 'perfect_match', 'expected_code': 200, 'expected_result': 'batchConfirm_response.json'}}}, 'data': {'sql': \"['select id from t_invoice_to_confirm where business_no = $Req{blue.data.businessNo}']\"}}}}" ]
      }, {
        "name" : "test_test_scene_1[test_case2]",
        "uid" : "b257e62e48b86b79",
        "parentUid" : "d7a00d56d26bf23793d278102a4dae01",
        "status" : "passed",
        "time" : {
          "start" : 1656294169063,
          "stop" : 1656294169418,
          "duration" : 355
        },
        "flaky" : false,
        "newFailed" : false,
        "newPassed" : false,
        "newBroken" : false,
        "retriesCount" : 0,
        "retriesStatusChange" : false,
        "parameters" : [ "{'batchInvoice': {'step_3': {'script': {'request_header': {'Method': 'post', 'path': '/mage/draft/batchInvoice', 'Connection': 'keep-alive', 'Content-Type': 'application/x-www-form-urlencoded', 'timeout': 10, 'sleep_time': 0, 'is_login': True}, 'request_body': {'str': '$DB{id}'}, 'check_body': {'check_json': {'check_type': 'perfect_match', 'expected_code': 200, 'expected_result': 'batchInvoice_response.json'}}}, 'data': {'sql': \"['select id from t_invoice_trans where business_no = $Req{blue.data.businessNo}']\"}}}}" ]
      } ],
      "uid" : "blue.test_invoice_manage2_Test_scene_1"
    }, {
      "name" : "addInvoiceToConfirm",
      "children" : [ {
        "name" : "test_invoice_manage_Test_scene_1",
        "children" : [ {
          "name" : "test_test_scene_1[test_case0]",
          "uid" : "41f201aa86671ae7",
          "parentUid" : "6fb7c3af11d4b55ff9f8274583c251d9",
          "status" : "passed",
          "time" : {
            "start" : 1656294168355,
            "stop" : 1656294168556,
            "duration" : 201
          },
          "flaky" : false,
          "newFailed" : false,
          "newPassed" : false,
          "newBroken" : false,
          "retriesCount" : 0,
          "retriesStatusChange" : false,
          "parameters" : [ "{'addInvoiceToConfirm': {'step_1': {'script': {'request_header': {'Method': 'post', 'path': '/mage/manual/addInvoiceToConfirm', 'Connection': 'keep-alive', 'timeout': 10, 'sleep_time': 0, 'is_login': True}, 'request_body': {'appId': '${appId}', 'appKey': '${appKey}', 'data': {'id': '', 'invoiceType': '1', 'invoiceHead': '1', 'erpCustCode': '', 'sysSource': '0', 'autoSendFlag': '${autoSendFlag}', 'ouName': '', 'ouCode': '', 'payTaxpayerName': '${payTaxpayerName}', 'payTaxpayerCode': '', 'payUnitAddress': '220610', 'payFixedPhoneNumber': '220610', 'businessNos': '$(fdate)$(ftime)$(fnum::4)', 'mail': '220610', 'messagePhone': '220610', 'payBankName': '220610', 'payBankAccount': '220610', 'invoiceToConfirmDetailBOList': [{'businessNo': '$(fdate)$(ftime)$(fnum::2)', 'goodsName': '石狮子', 'goodsId': 204, 'goodsCode': '17122000041283', 'standards': '220610', 'goodsUnit': '只', 'goodsCount': 1, 'taxUnitPrice': 100, 'notTaxUnitPrice': 88.5, 'amtContainTax': 100, 'amtNotContainTax': 88.5, 'taxAmt': 11.5, 'taxClassificationId': 999, 'taxName': '矿产品', 'taxFullName': '其他矿产品', 'taxRate': 0.13, 'taxCode': '1020600000000000000', 'shortTaxCode': '10206'}, {'businessNo': '$(fdate)$(ftime)$(fnum::2)', 'goodsName': '收音机', 'goodsId': 179, 'goodsCode': '963852741', 'standards': '220610', 'goodsUnit': '件', 'goodsCount': 2, 'taxUnitPrice': 100, 'notTaxUnitPrice': 88.495, 'amtContainTax': 200, 'amtNotContainTax': 176.99, 'taxAmt': 23.01, 'taxClassificationId': 999, 'taxName': '绘图测量仪器', 'taxFullName': '数学计算器具', 'taxRate': 0.13, 'taxCode': '1090604040000000000', 'shortTaxCode': '109060404'}], 'recTaxpayerId': 269, 'recTaxpayerName': '百鸣鸟装饰有限公司', 'recTaxpayerCode': '440001999999260', 'reviewer': '沙和尚', 'receiver': '猪八戒', 'openMan': '孙悟空', 'remarks': '220610', 'recUnitAddress': '佛山市顺德区北滘美的大道148号', 'recFixedPhoneNumber': '0817-25945214', 'recBankName': '中国农商银行佛山北滘支行', 'recBankAccount': '1845822362245224477', 'invoiceByHandFlag': 1, 'amount': '', 'deviceId': 234, 'deviceType': 1, 'amtNotContainTax': 265.49, 'taxAmt': 34.51, 'invoiceAmt': 300, 'blueInvoiceNo': '', 'blueInvoiceCode': '', 'redRushInfoNo': ''}}, 'check_body': {'check_json': {'check_type': 'perfect_match', 'expected_code': 200, 'expected_result': 'addInvoiceToConfirm_response.json'}}}, 'data': {'appId': 'IBCP', 'appKey': '123456', 'payTaxpayerName': 'muzili', 'autoSendFlag': '0'}}}}" ]
        }, {
          "name" : "test_test_scene_1[test_case1]",
          "uid" : "d74a49281ea676ac",
          "parentUid" : "6fb7c3af11d4b55ff9f8274583c251d9",
          "status" : "passed",
          "time" : {
            "start" : 1656294168566,
            "stop" : 1656294169071,
            "duration" : 505
          },
          "flaky" : false,
          "newFailed" : false,
          "newPassed" : false,
          "newBroken" : false,
          "retriesCount" : 0,
          "retriesStatusChange" : false,
          "parameters" : [ "{'batchConfirm': {'step_2': {'script': {'request_header': {'Method': 'post', 'path': '/mage/manual/batchConfirm', 'Connection': 'keep-alive', 'Content-Type': 'application/x-www-form-urlencoded', 'timeout': 10, 'sleep_time': 0, 'is_login': True}, 'request_body': {'str': '$DB{id}'}, 'check_body': {'check_json': {'check_type': 'perfect_match', 'expected_code': 200, 'expected_result': 'batchConfirm_response.json'}}}, 'data': {'sql': \"['select id from t_invoice_to_confirm where business_no = $Req{addInvoiceToConfirm.data.businessNos}',\\n'select id from t_invoice_to_confirm where business_no = $Req{blue.data.businessNos}']\"}}}}" ]
        }, {
          "name" : "test_test_scene_1[test_case2]",
          "uid" : "11ec7578ba0c2d65",
          "parentUid" : "6fb7c3af11d4b55ff9f8274583c251d9",
          "status" : "passed",
          "time" : {
            "start" : 1656294169083,
            "stop" : 1656294169348,
            "duration" : 265
          },
          "flaky" : false,
          "newFailed" : false,
          "newPassed" : false,
          "newBroken" : false,
          "retriesCount" : 0,
          "retriesStatusChange" : false,
          "parameters" : [ "{'draftList': {'step_3': {'script': {'request_header': {'Method': 'post', 'path': '/mage/draft/draftList', 'Connection': 'keep-alive', 'timeout': 10, 'sleep_time': 0, 'is_login': True}, 'request_body': {'invoiceType': '', 'businessNos': '$Req{addInvoiceToConfirm.data.businessNos}', 'payTaxpayerName': '', 'createDateStartStr': '', 'createDateEndStr': '', 'status': '', 'provinceCentre': '', 'taxpayerCode': '', 'recTaxpayerName': '', 'ouName': '', 'sysSource': '', 'requestChannel': '', 'blueInvoiceNo': '', 'pageNumber': 1, 'pageSize': 10}, 'check_body': {'check_part': {'expected_code': 200, 'check_type': 'partial_match', 'expected_result': {'isSuccess': True, 'data': {'total': 1}}}}}, 'data': None}}}" ]
        }, {
          "name" : "test_test_scene_1[test_case3]",
          "uid" : "9edf8cb4de73e582",
          "parentUid" : "6fb7c3af11d4b55ff9f8274583c251d9",
          "status" : "passed",
          "time" : {
            "start" : 1656294169356,
            "stop" : 1656294169475,
            "duration" : 119
          },
          "flaky" : false,
          "newFailed" : false,
          "newPassed" : false,
          "newBroken" : false,
          "retriesCount" : 0,
          "retriesStatusChange" : false,
          "parameters" : [ "{'exportQueryDraft': {'step_4': {'script': {'request_header': {'Method': 'post', 'path': '/mage/draft/exportQueryDraft', 'Connection': 'keep-alive', 'timeout': 10, 'sleep_time': 0, 'is_login': True}, 'request_body': {'businessNos': '$Req{addInvoiceToConfirm.data.businessNos}', 'pageNumber': 1, 'pageSize': 10, 'totalCount': 2, 'filter': ['businessNos', 'payTaxpayerName', 'payTaxpayerCode', 'noTaxInvoiceAmt', 'totalTaxAmt', 'invoiceAmt', 'payUnitAddress', 'payFixedPhoneNumber', 'payBankName', 'payBankAccount', 'remarks', 'recTaxpayerName', 'status', 'invoiceType', 'requestChannel', 'operate']}, 'check_body': {'check_part': {'expected_code': 200, 'check_type': 'partial_match', 'expected_result': {'isSuccess': True, 'data': None}}}}, 'data': None}}}" ]
        } ],
        "uid" : "6fb7c3af11d4b55ff9f8274583c251d9"
      }, {
        "name" : "test_invoice_manage1_Test_scene_1",
        "children" : [ {
          "name" : "test_test_scene_1[test_case0]",
          "uid" : "7e59522aff440d6",
          "parentUid" : "17d4a0aba0062df40eebef22bfe4380a",
          "status" : "passed",
          "time" : {
            "start" : 1656294168375,
            "stop" : 1656294168636,
            "duration" : 261
          },
          "flaky" : false,
          "newFailed" : false,
          "newPassed" : false,
          "newBroken" : false,
          "retriesCount" : 0,
          "retriesStatusChange" : false,
          "parameters" : [ "{'addInvoiceToConfirm': {'step_1': {'script': {'request_header': {'Method': 'post', 'path': '/mage/manual/addInvoiceToConfirm', 'Connection': 'keep-alive', 'timeout': 10, 'sleep_time': 0, 'is_login': True}, 'request_body': {'appId': '${appId}', 'appKey': '${appKey}', 'data': {'id': '', 'invoiceType': '1', 'invoiceHead': '1', 'erpCustCode': '', 'sysSource': '0', 'autoSendFlag': '${autoSendFlag}', 'ouName': '', 'ouCode': '', 'payTaxpayerName': '${payTaxpayerName}', 'payTaxpayerCode': '', 'payUnitAddress': '220610', 'payFixedPhoneNumber': '220610', 'businessNos': '$(fdate)$(ftime)$(fnum::4)', 'mail': '220610', 'messagePhone': '220610', 'payBankName': '220610', 'payBankAccount': '220610', 'invoiceToConfirmDetailBOList': [{'businessNo': '$(fdate)$(ftime)$(fnum::2)', 'goodsName': '石狮子', 'goodsId': 204, 'goodsCode': '17122000041283', 'standards': '220610', 'goodsUnit': '只', 'goodsCount': 1, 'taxUnitPrice': 100, 'notTaxUnitPrice': 88.5, 'amtContainTax': 100, 'amtNotContainTax': 88.5, 'taxAmt': 11.5, 'taxClassificationId': 999, 'taxName': '矿产品', 'taxFullName': '其他矿产品', 'taxRate': 0.13, 'taxCode': '1020600000000000000', 'shortTaxCode': '10206'}, {'businessNo': '$(fdate)$(ftime)$(fnum::2)', 'goodsName': '收音机', 'goodsId': 179, 'goodsCode': '963852741', 'standards': '220610', 'goodsUnit': '件', 'goodsCount': 2, 'taxUnitPrice': 100, 'notTaxUnitPrice': 88.495, 'amtContainTax': 200, 'amtNotContainTax': 176.99, 'taxAmt': 23.01, 'taxClassificationId': 999, 'taxName': '绘图测量仪器', 'taxFullName': '数学计算器具', 'taxRate': 0.13, 'taxCode': '1090604040000000000', 'shortTaxCode': '109060404'}], 'recTaxpayerId': 269, 'recTaxpayerName': '百鸣鸟装饰有限公司', 'recTaxpayerCode': '440001999999260', 'reviewer': '沙和尚', 'receiver': '猪八戒', 'openMan': '孙悟空', 'remarks': '220610', 'recUnitAddress': '佛山市顺德区北滘美的大道148号', 'recFixedPhoneNumber': '0817-25945214', 'recBankName': '中国农商银行佛山北滘支行', 'recBankAccount': '1845822362245224477', 'invoiceByHandFlag': 1, 'amount': '', 'deviceId': 234, 'deviceType': 1, 'amtNotContainTax': 265.49, 'taxAmt': 34.51, 'invoiceAmt': 300, 'blueInvoiceNo': '', 'blueInvoiceCode': '', 'redRushInfoNo': ''}}, 'check_body': {'check_json': {'check_type': 'perfect_match', 'expected_code': 200, 'expected_result': 'addInvoiceToConfirm_response.json'}}}, 'data': {'appId': 'IBCP', 'appKey': '123456', 'payTaxpayerName': 'muzili', 'autoSendFlag': '1'}}}}" ]
        }, {
          "name" : "test_test_scene_1[test_case1]",
          "uid" : "2d9f6d0e02d29705",
          "parentUid" : "17d4a0aba0062df40eebef22bfe4380a",
          "status" : "passed",
          "time" : {
            "start" : 1656294168645,
            "stop" : 1656294168945,
            "duration" : 300
          },
          "flaky" : false,
          "newFailed" : false,
          "newPassed" : false,
          "newBroken" : false,
          "retriesCount" : 0,
          "retriesStatusChange" : false,
          "parameters" : [ "{'viewInvoiceToConfirm': {'step_2': {'script': {'request_header': {'Method': 'post', 'path': '/mage/manual/viewInvoiceToConfirm', 'Content-Type': 'application/x-www-form-urlencoded', 'Connection': 'keep-alive', 'timeout': 10, 'sleep_time': 0, 'is_login': True}, 'request_body': {'id': '$DB{id}', 'isEdit': 1}, 'check_body': {'check_part': {'expected_code': 200, 'check_type': 'partial_match', 'expected_result': {'errorCode': None, 'isPinCode': None, 'isSuccess': True, 'message': None}}}}, 'data': {'sql': \"['select id from t_invoice_to_confirm where business_no = $Req{addInvoiceToConfirm.data.businessNos}']\"}}}}" ]
        }, {
          "name" : "test_test_scene_1[test_case2]",
          "uid" : "c35ff093ef3c698",
          "parentUid" : "17d4a0aba0062df40eebef22bfe4380a",
          "status" : "passed",
          "time" : {
            "start" : 1656294168953,
            "stop" : 1656294169422,
            "duration" : 469
          },
          "flaky" : false,
          "newFailed" : false,
          "newPassed" : false,
          "newBroken" : false,
          "retriesCount" : 0,
          "retriesStatusChange" : false,
          "parameters" : [ "{'updateInvoiceToConfirm': {'step_3': {'script': {'request_header': {'Method': 'post', 'path': '/mage/manual/updateInvoiceToConfirm', 'Connection': 'keep-alive', 'timeout': 10, 'sleep_time': 0, 'is_login': True}, 'request_body': {'appId': 'IBCP', 'appKey': '123456', 'data': {'id': '$DB{id}', 'invoiceType': '1', 'invoiceHead': 1, 'erpCustCode': '', 'sysSource': 0, 'autoSendFlag': 1, 'ouName': '', 'ouCode': '', 'payTaxpayerName': 'muzili', 'payTaxpayerCode': '', 'payUnitAddress': '220610', 'payFixedPhoneNumber': '220610', 'businessNos': '$Req{addInvoiceToConfirm.data.businessNos}', 'mail': '220615', 'messagePhone': '220615', 'payBankName': '220610', 'payBankAccount': '220610', 'invoiceToConfirmDetailBOList': [{'businessNo': '$Req{addInvoiceToConfirm.data.invoiceToConfirmDetailBOList[0].businessNo}', 'bizDetailId': '$DB{b0_bizDetailId}', 'standards': '220610', 'goodsCount': 1, 'amtContainTax': 100, 'amtNotContainTax': 88.5, 'taxAmt': 11.5, 'goodsId': 206, 'goodsCode': '17122000041283', 'goodsName': '石狮子', 'goodsUnit': '只', 'taxUnitPrice': 100, 'notTaxUnitPrice': 88.5, 'taxClassificationId': 378, 'taxCode': '1020600000000000000', 'taxRate': 0.13, 'taxName': '矿产品', 'taxFullName': '其他矿产品', 'merchantId': '0000111008', 'shortTaxCode': '10206', 'confirmId': '$DB{b0_id}', '_X_ROW_KEY': 'row_5553'}, {'businessNo': '$Req{addInvoiceToConfirm.data.invoiceToConfirmDetailBOList[1].businessNo}', 'bizDetailId': '$DB{b1_bizDetailId}', 'standards': '220610', 'goodsCount': 2, 'amtContainTax': 200, 'amtNotContainTax': 176.99, 'taxAmt': 23.01, 'goodsId': 178, 'goodsCode': '963852741', 'goodsName': '收音机', 'goodsUnit': '件', 'taxUnitPrice': 100, 'notTaxUnitPrice': 88.495, 'taxClassificationId': 999, 'taxCode': '1090604040000000000', 'taxRate': 0.13, 'taxName': '黑色金属矿石', 'taxFullName': '铁矿石', 'merchantId': '0000111008', 'shortTaxCode': '1020301', 'confirmId': '$DB{b1_id}', '_X_ROW_KEY': 'row_5554'}], 'recTaxpayerId': 0, 'recTaxpayerName': '百鸣鸟装饰有限公司', 'recTaxpayerCode': '440001999999260', 'reviewer': '沙和尚', 'receiver': '猪八戒', 'openMan': '孙悟空', 'remarks': '2206101212', 'recUnitAddress': '中欧', 'recFixedPhoneNumber': '13688889999', 'recBankName': '中国农商银行佛山北滘支行', 'recBankAccount': '12353154656665', 'invoiceByHandFlag': '', 'amount': '', 'deviceId': '', 'deviceType': 1, 'amtNotContainTax': 265.49, 'taxAmt': 34.51, 'invoiceAmt': 300, 'blueInvoiceNo': '', 'blueInvoiceCode': '', 'redRushInfoNo': ''}}, 'check_body': {'check_json': {'check_type': 'perfect_match', 'expected_code': 200, 'expected_result': 'updateInvoiceToConfirm_response.json'}}}, 'data': {'sql': \"['select id from t_invoice_to_confirm where business_no = $Req{addInvoiceToConfirm.data.businessNos}',\\n'select id as b0_id, biz_detail_id as b0_bizDetailId from t_invoice_to_confirm_detail where business_no = $Req{addInvoiceToConfirm.data.invoiceToConfirmDetailBOList[0].businessNo}',\\n'select id as b1_id, biz_detail_id as b1_bizDetailId from t_invoice_to_confirm_detail where business_no = $Req{addInvoiceToConfirm.data.invoiceToConfirmDetailBOList[1].businessNo}']\"}}}}" ]
        }, {
          "name" : "test_test_scene_1[test_case3]",
          "uid" : "d43ebbbe6499c5a0",
          "parentUid" : "17d4a0aba0062df40eebef22bfe4380a",
          "status" : "passed",
          "time" : {
            "start" : 1656294169431,
            "stop" : 1656294169843,
            "duration" : 412
          },
          "flaky" : false,
          "newFailed" : false,
          "newPassed" : false,
          "newBroken" : false,
          "retriesCount" : 0,
          "retriesStatusChange" : false,
          "parameters" : [ "{'batchConfirm': {'step_4': {'script': {'request_header': {'Method': 'post', 'path': '/mage/manual/batchConfirm', 'Connection': 'keep-alive', 'Content-Type': 'application/x-www-form-urlencoded', 'timeout': 10, 'sleep_time': 0, 'is_login': True}, 'request_body': {'str': '$DB{id}'}, 'check_body': {'check_json': {'check_type': 'perfect_match', 'expected_code': 200, 'expected_result': 'batchConfirm_response.json'}}}, 'data': {'sql': \"['select id from t_invoice_to_confirm where business_no = $Req{addInvoiceToConfirm.data.businessNos}']\"}}}}" ]
        }, {
          "name" : "test_test_scene_1[test_case4]",
          "uid" : "946f845ca79edaa4",
          "parentUid" : "17d4a0aba0062df40eebef22bfe4380a",
          "status" : "passed",
          "time" : {
            "start" : 1656294169852,
            "stop" : 1656294170179,
            "duration" : 327
          },
          "flaky" : false,
          "newFailed" : false,
          "newPassed" : false,
          "newBroken" : false,
          "retriesCount" : 0,
          "retriesStatusChange" : false,
          "parameters" : [ "{'batchInvoice': {'step_5': {'script': {'request_header': {'Method': 'post', 'path': '/mage/draft/batchInvoice', 'Connection': 'keep-alive', 'Content-Type': 'application/x-www-form-urlencoded', 'timeout': 10, 'sleep_time': 0, 'is_login': True}, 'request_body': {'str': '$DB{id}'}, 'check_body': {'check_json': {'check_type': 'perfect_match', 'expected_code': 200, 'expected_result': 'batchInvoice_response.json'}}}, 'data': {'sql': \"['select id from t_invoice_trans where business_no = $Req{addInvoiceToConfirm.data.businessNos}']\"}}}}" ]
        } ],
        "uid" : "17d4a0aba0062df40eebef22bfe4380a"
      } ],
      "uid" : "0d87ebc170977177162330fc017dd8a0"
    } ],
    "uid" : "cfc8e8fdd97a2be9c902f7e7586bd330"
  } ]
}