[ {
  "uid" : "da9a839acf0a860e",
  "name" : "test_test_scene_1[test_case2]",
  "time" : {
    "start" : 1656554460824,
    "stop" : 1656554461047,
    "duration" : 223
  },
  "status" : "passed",
  "severity" : "normal"
}, {
  "uid" : "640de98af6336acd",
  "name" : "test_test_scene_1[test_case0]",
  "time" : {
    "start" : 1656554459882,
    "stop" : 1656554460247,
    "duration" : 365
  },
  "status" : "passed",
  "severity" : "normal"
}, {
  "uid" : "31256f3f078ca921",
  "name" : "test_test_scene_1[test_case1]",
  "time" : {
    "start" : 1656554460260,
    "stop" : 1656554460623,
    "duration" : 363
  },
  "status" : "passed",
  "severity" : "normal"
}, {
  "uid" : "8d7e657680424254",
  "name" : "test_test_scene_1[test_case1]",
  "time" : {
    "start" : 1656554460334,
    "stop" : 1656554460872,
    "duration" : 538
  },
  "status" : "passed",
  "severity" : "normal"
}, {
  "uid" : "8bf41ef78e98e5c0",
  "name" : "test_test_scene_1[test_case3]",
  "time" : {
    "start" : 1656554461058,
    "stop" : 1656554461231,
    "duration" : 173
  },
  "status" : "passed",
  "severity" : "normal"
}, {
  "uid" : "2a681eaca08db3a",
  "name" : "test_test_scene_1[test_case4]",
  "time" : {
    "start" : 1656554461658,
    "stop" : 1656554462081,
    "duration" : 423
  },
  "status" : "passed",
  "severity" : "normal"
}, {
  "uid" : "cc37e7b756e9acac",
  "name" : "test_test_scene_1[test_case2]",
  "time" : {
    "start" : 1656554460634,
    "stop" : 1656554461132,
    "duration" : 498
  },
  "status" : "passed",
  "severity" : "normal"
}, {
  "uid" : "77bb5fc5e05c16bb",
  "name" : "test_test_scene_1[test_case2]",
  "time" : {
    "start" : 1656554460883,
    "stop" : 1656554461185,
    "duration" : 302
  },
  "status" : "passed",
  "severity" : "normal"
}, {
  "uid" : "e6870efcce2ece8",
  "name" : "test_test_scene_1[test_case0]",
  "time" : {
    "start" : 1656554459890,
    "stop" : 1656554460320,
    "duration" : 430
  },
  "status" : "passed",
  "severity" : "normal"
}, {
  "uid" : "5843499aa631197b",
  "name" : "test_test_scene_1[test_case3]",
  "time" : {
    "start" : 1656554461143,
    "stop" : 1656554461644,
    "duration" : 501
  },
  "status" : "passed",
  "severity" : "normal"
}, {
  "uid" : "98ba9d5695f50317",
  "name" : "test_test_scene_1[test_case0]",
  "time" : {
    "start" : 1656554459921,
    "stop" : 1656554460249,
    "duration" : 328
  },
  "status" : "passed",
  "severity" : "normal"
}, {
  "uid" : "1527cf97299f83fe",
  "name" : "test_test_scene_1[test_case1]",
  "time" : {
    "start" : 1656554460263,
    "stop" : 1656554460810,
    "duration" : 547
  },
  "status" : "passed",
  "severity" : "normal"
} ]