[ {
  "uid" : "c394003c0cf3ffbd",
  "name" : "test_test_scene_1[test_case0]",
  "time" : {
    "start" : 1656553621309,
    "stop" : 1656553621532,
    "duration" : 223
  },
  "status" : "passed",
  "severity" : "normal"
}, {
  "uid" : "ca585bcba926c471",
  "name" : "test_test_scene_1[test_case2]",
  "time" : {
    "start" : 1656553622224,
    "stop" : 1656553622580,
    "duration" : 356
  },
  "status" : "passed",
  "severity" : "normal"
}, {
  "uid" : "1e535e5795b564c",
  "name" : "test_test_scene_1[test_case1]",
  "time" : {
    "start" : 1656553621674,
    "stop" : 1656553622246,
    "duration" : 572
  },
  "status" : "passed",
  "severity" : "normal"
}, {
  "uid" : "24bea1027d56c36f",
  "name" : "test_test_scene_1[test_case0]",
  "time" : {
    "start" : 1656553621375,
    "stop" : 1656553621663,
    "duration" : 288
  },
  "status" : "passed",
  "severity" : "normal"
}, {
  "uid" : "4372383d950e9fb4",
  "name" : "test_test_scene_1[test_case3]",
  "time" : {
    "start" : 1656553622591,
    "stop" : 1656553622781,
    "duration" : 190
  },
  "status" : "passed",
  "severity" : "normal"
}, {
  "uid" : "4668c23b59c359cd",
  "name" : "test_test_scene_1[test_case1]",
  "time" : {
    "start" : 1656553621545,
    "stop" : 1656553622212,
    "duration" : 667
  },
  "status" : "passed",
  "severity" : "normal"
}, {
  "uid" : "90cfac7dd850128f",
  "name" : "test_test_scene_1[test_case0]",
  "time" : {
    "start" : 1656553621308,
    "stop" : 1656553621551,
    "duration" : 243
  },
  "status" : "passed",
  "severity" : "normal"
}, {
  "uid" : "cf8e574ee735b6d8",
  "name" : "test_test_scene_1[test_case3]",
  "time" : {
    "start" : 1656553622880,
    "stop" : 1656553623534,
    "duration" : 654
  },
  "status" : "passed",
  "severity" : "normal"
}, {
  "uid" : "a7e0822411ec2cb",
  "name" : "test_test_scene_1[test_case2]",
  "time" : {
    "start" : 1656553622169,
    "stop" : 1656553622870,
    "duration" : 701
  },
  "status" : "passed",
  "severity" : "normal"
}, {
  "uid" : "235682ea9a33b666",
  "name" : "test_test_scene_1[test_case1]",
  "time" : {
    "start" : 1656553621562,
    "stop" : 1656553622159,
    "duration" : 597
  },
  "status" : "passed",
  "severity" : "normal"
}, {
  "uid" : "f82b124df262404d",
  "name" : "test_test_scene_1[test_case2]",
  "time" : {
    "start" : 1656553622256,
    "stop" : 1656553622719,
    "duration" : 463
  },
  "status" : "passed",
  "severity" : "normal"
}, {
  "uid" : "1372792c72c9a9f7",
  "name" : "test_test_scene_1[test_case4]",
  "time" : {
    "start" : 1656553623542,
    "stop" : 1656553623984,
    "duration" : 442
  },
  "status" : "passed",
  "severity" : "normal"
} ]