{
  "7b94a35f76ab58821d02894eb57fc81d" : {
    "statistic" : {
      "failed" : 0,
      "broken" : 0,
      "skipped" : 0,
      "passed" : 1,
      "unknown" : 0,
      "total" : 1
    },
    "items" : [ {
      "uid" : "2fa960dfa09601fe",
      "status" : "passed",
      "time" : {
        "start" : 1656554580890,
        "stop" : 1656554581441,
        "duration" : 551
      }
    } ]
  },
  "afd5b8fa437e3399bbab7bd1fc8918aa" : {
    "statistic" : {
      "failed" : 0,
      "broken" : 0,
      "skipped" : 0,
      "passed" : 1,
      "unknown" : 0,
      "total" : 1
    },
    "items" : [ {
      "uid" : "2a77389858886aba",
      "status" : "passed",
      "time" : {
        "start" : 1656554580903,
        "stop" : 1656554581428,
        "duration" : 525
      }
    } ]
  },
  "e1e532d9d683f438723ad738116874de" : {
    "statistic" : {
      "failed" : 0,
      "broken" : 0,
      "skipped" : 0,
      "passed" : 1,
      "unknown" : 0,
      "total" : 1
    },
    "items" : [ {
      "uid" : "7b1766d583fae7db",
      "status" : "passed",
      "time" : {
        "start" : 1656554580486,
        "stop" : 1656554580890,
        "duration" : 404
      }
    } ]
  },
  "5eb9c9872b02e08fe1274451c1752740" : {
    "statistic" : {
      "failed" : 0,
      "broken" : 0,
      "skipped" : 0,
      "passed" : 1,
      "unknown" : 0,
      "total" : 1
    },
    "items" : [ {
      "uid" : "6325d555237d049c",
      "status" : "passed",
      "time" : {
        "start" : 1656554580486,
        "stop" : 1656554580872,
        "duration" : 386
      }
    } ]
  },
  "6a88c037cf1babac7c8d9389dfb6ca53" : {
    "statistic" : {
      "failed" : 0,
      "broken" : 0,
      "skipped" : 0,
      "passed" : 1,
      "unknown" : 0,
      "total" : 1
    },
    "items" : [ {
      "uid" : "807f0ace60c40d70",
      "status" : "passed",
      "time" : {
        "start" : 1656554580888,
        "stop" : 1656554581308,
        "duration" : 420
      }
    } ]
  },
  "00708f03bd1a1d2bb8d845792d5e67bd" : {
    "statistic" : {
      "failed" : 0,
      "broken" : 0,
      "skipped" : 0,
      "passed" : 1,
      "unknown" : 0,
      "total" : 1
    },
    "items" : [ {
      "uid" : "71276f9c676c7de7",
      "status" : "passed",
      "time" : {
        "start" : 1656554581770,
        "stop" : 1656554581947,
        "duration" : 177
      }
    } ]
  },
  "e402d4f5afdb11afc56a2e52b250b8b7" : {
    "statistic" : {
      "failed" : 0,
      "broken" : 0,
      "skipped" : 0,
      "passed" : 1,
      "unknown" : 0,
      "total" : 1
    },
    "items" : [ {
      "uid" : "9e27897f183ba2ea",
      "status" : "passed",
      "time" : {
        "start" : 1656554582465,
        "stop" : 1656554582929,
        "duration" : 464
      }
    } ]
  },
  "278b2a7c9ac43764fae6fc61727ae281" : {
    "statistic" : {
      "failed" : 0,
      "broken" : 0,
      "skipped" : 0,
      "passed" : 1,
      "unknown" : 0,
      "total" : 1
    },
    "items" : [ {
      "uid" : "c9eaf2c6b4b981c9",
      "status" : "passed",
      "time" : {
        "start" : 1656554581457,
        "stop" : 1656554581755,
        "duration" : 298
      }
    } ]
  },
  "809b9577037b738935e0101a9a21b881" : {
    "statistic" : {
      "failed" : 0,
      "broken" : 0,
      "skipped" : 0,
      "passed" : 1,
      "unknown" : 0,
      "total" : 1
    },
    "items" : [ {
      "uid" : "60f110eea5a8d054",
      "status" : "passed",
      "time" : {
        "start" : 1656554580562,
        "stop" : 1656554580877,
        "duration" : 315
      }
    } ]
  },
  "7e77df6106fcf9ced14f70f67930cdfc" : {
    "statistic" : {
      "failed" : 0,
      "broken" : 0,
      "skipped" : 0,
      "passed" : 1,
      "unknown" : 0,
      "total" : 1
    },
    "items" : [ {
      "uid" : "d427ad8ae9f327c6",
      "status" : "passed",
      "time" : {
        "start" : 1656554581320,
        "stop" : 1656554581919,
        "duration" : 599
      }
    } ]
  },
  "5e84cecda5358b45118a62c2769c8f30" : {
    "statistic" : {
      "failed" : 0,
      "broken" : 0,
      "skipped" : 0,
      "passed" : 1,
      "unknown" : 0,
      "total" : 1
    },
    "items" : [ {
      "uid" : "cc31ffa221ae6966",
      "status" : "passed",
      "time" : {
        "start" : 1656554581442,
        "stop" : 1656554581858,
        "duration" : 416
      }
    } ]
  },
  "4cfac0c788c049c180e2f593ec96fd14" : {
    "statistic" : {
      "failed" : 0,
      "broken" : 0,
      "skipped" : 0,
      "passed" : 1,
      "unknown" : 0,
      "total" : 1
    },
    "items" : [ {
      "uid" : "a9e4cefb0018fcdb",
      "status" : "passed",
      "time" : {
        "start" : 1656554581936,
        "stop" : 1656554582454,
        "duration" : 518
      }
    } ]
  }
}