[ {
  "uid" : "7fb4d946c75551a0",
  "name" : "test_test_scene_1[test_case4]",
  "time" : {
    "start" : 1656642062414,
    "stop" : 1656642062414,
    "duration" : 0
  },
  "status" : "broken",
  "severity" : "normal"
}, {
  "uid" : "9ca7d7156806c2dc",
  "name" : "test_test_scene_1[test_case2]",
  "time" : {
    "start" : 1656642062258,
    "stop" : 1656642062258,
    "duration" : 0
  },
  "status" : "broken",
  "severity" : "normal"
}, {
  "uid" : "37c5abbf0bb219d6",
  "name" : "test_test_scene_1[test_case3]",
  "time" : {
    "start" : 1656642062367,
    "stop" : 1656642062367,
    "duration" : 0
  },
  "status" : "broken",
  "severity" : "normal"
}, {
  "uid" : "ca69a5d41b001160",
  "name" : "test_test_scene_1[test_case0]",
  "time" : {
    "start" : 1656642061430,
    "stop" : 1656642061727,
    "duration" : 297
  },
  "status" : "passed",
  "severity" : "normal"
}, {
  "uid" : "b21bd39b09f77bea",
  "name" : "test_test_scene_1[test_case1]",
  "time" : {
    "start" : 1656642061743,
    "stop" : 1656642061743,
    "duration" : 0
  },
  "status" : "broken",
  "severity" : "normal"
}, {
  "uid" : "26f8f1a0bd38d953",
  "name" : "test_test_scene_1[test_case0]",
  "time" : {
    "start" : 1656642061477,
    "stop" : 1656642061711,
    "duration" : 234
  },
  "status" : "broken",
  "severity" : "normal"
}, {
  "uid" : "69245c34bd750291",
  "name" : "test_test_scene_1[test_case1]",
  "time" : {
    "start" : 1656642062242,
    "stop" : 1656642062242,
    "duration" : 0
  },
  "status" : "broken",
  "severity" : "normal"
}, {
  "uid" : "f1b856fa56888676",
  "name" : "test_test_scene_1[test_case3]",
  "time" : {
    "start" : 1656642062321,
    "stop" : 1656642062321,
    "duration" : 0
  },
  "status" : "broken",
  "severity" : "normal"
}, {
  "uid" : "4082b05ef5003bc5",
  "name" : "test_test_scene_1[test_case2]",
  "time" : {
    "start" : 1656642062258,
    "stop" : 1656642062258,
    "duration" : 0
  },
  "status" : "broken",
  "severity" : "normal"
}, {
  "uid" : "2260f4307d125260",
  "name" : "test_test_scene_1[test_case2]",
  "time" : {
    "start" : 1656642062305,
    "stop" : 1656642062305,
    "duration" : 0
  },
  "status" : "broken",
  "severity" : "normal"
}, {
  "uid" : "befd3c53334a7b54",
  "name" : "test_test_scene_1[test_case0]",
  "time" : {
    "start" : 1656642061446,
    "stop" : 1656642061758,
    "duration" : 312
  },
  "status" : "broken",
  "severity" : "normal"
}, {
  "uid" : "e25d02804449a77",
  "name" : "test_test_scene_1[test_case1]",
  "time" : {
    "start" : 1656642062211,
    "stop" : 1656642062211,
    "duration" : 0
  },
  "status" : "broken",
  "severity" : "normal"
} ]