{
  "total" : 2,
  "items" : [ {
    "uid" : "ad85971d1336889bc8c648978153f3e5",
    "name" : "testCases.addInvoiceToConfirm",
    "statistic" : {
      "failed" : 0,
      "broken" : 9,
      "skipped" : 0,
      "passed" : 0,
      "unknown" : 0,
      "total" : 9
    }
  }, {
    "uid" : "b32971e86386f587fb025bba26c178a8",
    "name" : "testCases.blue",
    "statistic" : {
      "failed" : 0,
      "broken" : 2,
      "skipped" : 0,
      "passed" : 1,
      "unknown" : 0,
      "total" : 3
    }
  } ]
}