"Status","Start Time","Stop Time","Duration in ms","Parent Suite","Suite","Sub Suite","Test Class","Test Method","Name","Description"
"passed","Thu Jun 30 10:05:07 CST 2022","Thu Jun 30 10:05:08 CST 2022","609","testCases.addInvoiceToConfirm","test_invoice_manage1_Test_scene_1","","","","test_test_scene_1[test_case3]",""
"passed","Thu Jun 30 10:05:07 CST 2022","Thu Jun 30 10:05:07 CST 2022","448","testCases.addInvoiceToConfirm","test_invoice_manage_Test_scene_1","","","","test_test_scene_1[test_case2]",""
"passed","Thu Jun 30 10:05:06 CST 2022","Thu Jun 30 10:05:06 CST 2022","760","testCases.addInvoiceToConfirm","test_invoice_manage_Test_scene_1","","","","test_test_scene_1[test_case1]",""
"passed","Thu Jun 30 10:05:07 CST 2022","Thu Jun 30 10:05:07 CST 2022","212","testCases.addInvoiceToConfirm","test_invoice_manage_Test_scene_1","","","","test_test_scene_1[test_case3]",""
"passed","Thu Jun 30 10:05:05 CST 2022","Thu Jun 30 10:05:07 CST 2022","1092","testCases.blue","test_invoice_manage2_Test_scene_1","","","","test_test_scene_1[test_case1]",""
"passed","Thu Jun 30 10:05:05 CST 2022","Thu Jun 30 10:05:05 CST 2022","437","testCases.blue","test_invoice_manage2_Test_scene_1","","","","test_test_scene_1[test_case0]",""
"passed","Thu Jun 30 10:05:05 CST 2022","Thu Jun 30 10:05:05 CST 2022","298","testCases.addInvoiceToConfirm","test_invoice_manage1_Test_scene_1","","","","test_test_scene_1[test_case0]",""
"passed","Thu Jun 30 10:05:05 CST 2022","Thu Jun 30 10:05:05 CST 2022","236","testCases.addInvoiceToConfirm","test_invoice_manage_Test_scene_1","","","","test_test_scene_1[test_case0]",""
"passed","Thu Jun 30 10:05:07 CST 2022","Thu Jun 30 10:05:07 CST 2022","386","testCases.blue","test_invoice_manage2_Test_scene_1","","","","test_test_scene_1[test_case2]",""
"passed","Thu Jun 30 10:05:06 CST 2022","Thu Jun 30 10:05:07 CST 2022","1253","testCases.addInvoiceToConfirm","test_invoice_manage1_Test_scene_1","","","","test_test_scene_1[test_case2]",""
"passed","Thu Jun 30 10:05:05 CST 2022","Thu Jun 30 10:05:06 CST 2022","459","testCases.addInvoiceToConfirm","test_invoice_manage1_Test_scene_1","","","","test_test_scene_1[test_case1]",""
"passed","Thu Jun 30 10:05:08 CST 2022","Thu Jun 30 10:05:08 CST 2022","499","testCases.addInvoiceToConfirm","test_invoice_manage1_Test_scene_1","","","","test_test_scene_1[test_case4]",""
