{
  "afd5b8fa437e3399bbab7bd1fc8918aa" : {
    "statistic" : {
      "failed" : 0,
      "broken" : 0,
      "skipped" : 0,
      "passed" : 1,
      "unknown" : 0,
      "total" : 1
    },
    "items" : [ {
      "uid" : "e2123084b9f05c8d",
      "status" : "passed",
      "time" : {
        "start" : 1656552658363,
        "stop" : 1656552659303,
        "duration" : 940
      }
    } ]
  },
  "e1e532d9d683f438723ad738116874de" : {
    "statistic" : {
      "failed" : 0,
      "broken" : 0,
      "skipped" : 0,
      "passed" : 1,
      "unknown" : 0,
      "total" : 1
    },
    "items" : [ {
      "uid" : "a17a9e5f259ecc4d",
      "status" : "passed",
      "time" : {
        "start" : 1656552657880,
        "stop" : 1656552658350,
        "duration" : 470
      }
    } ]
  },
  "7b94a35f76ab58821d02894eb57fc81d" : {
    "statistic" : {
      "failed" : 0,
      "broken" : 0,
      "skipped" : 0,
      "passed" : 1,
      "unknown" : 0,
      "total" : 1
    },
    "items" : [ {
      "uid" : "37e42bc1d67f4840",
      "status" : "passed",
      "time" : {
        "start" : 1656552658168,
        "stop" : 1656552658977,
        "duration" : 809
      }
    } ]
  },
  "5eb9c9872b02e08fe1274451c1752740" : {
    "statistic" : {
      "failed" : 0,
      "broken" : 0,
      "skipped" : 0,
      "passed" : 1,
      "unknown" : 0,
      "total" : 1
    },
    "items" : [ {
      "uid" : "6c0e20653771eb2d",
      "status" : "passed",
      "time" : {
        "start" : 1656552657824,
        "stop" : 1656552658148,
        "duration" : 324
      }
    } ]
  },
  "6a88c037cf1babac7c8d9389dfb6ca53" : {
    "statistic" : {
      "failed" : 0,
      "broken" : 0,
      "skipped" : 0,
      "passed" : 1,
      "unknown" : 0,
      "total" : 1
    },
    "items" : [ {
      "uid" : "a5a15ebaeeb3dd64",
      "status" : "passed",
      "time" : {
        "start" : 1656552658162,
        "stop" : 1656552658761,
        "duration" : 599
      }
    } ]
  },
  "00708f03bd1a1d2bb8d845792d5e67bd" : {
    "statistic" : {
      "failed" : 0,
      "broken" : 0,
      "skipped" : 0,
      "passed" : 1,
      "unknown" : 0,
      "total" : 1
    },
    "items" : [ {
      "uid" : "135768bbdd236589",
      "status" : "passed",
      "time" : {
        "start" : 1656552659305,
        "stop" : 1656552659503,
        "duration" : 198
      }
    } ]
  },
  "e402d4f5afdb11afc56a2e52b250b8b7" : {
    "statistic" : {
      "failed" : 0,
      "broken" : 0,
      "skipped" : 0,
      "passed" : 1,
      "unknown" : 0,
      "total" : 1
    },
    "items" : [ {
      "uid" : "a3f7ff9444b48cc7",
      "status" : "passed",
      "time" : {
        "start" : 1656552660795,
        "stop" : 1656552661483,
        "duration" : 688
      }
    } ]
  },
  "278b2a7c9ac43764fae6fc61727ae281" : {
    "statistic" : {
      "failed" : 0,
      "broken" : 0,
      "skipped" : 0,
      "passed" : 1,
      "unknown" : 0,
      "total" : 1
    },
    "items" : [ {
      "uid" : "d5f7cd9d6dafb3df",
      "status" : "passed",
      "time" : {
        "start" : 1656552658989,
        "stop" : 1656552659294,
        "duration" : 305
      }
    } ]
  },
  "7e77df6106fcf9ced14f70f67930cdfc" : {
    "statistic" : {
      "failed" : 0,
      "broken" : 0,
      "skipped" : 0,
      "passed" : 1,
      "unknown" : 0,
      "total" : 1
    },
    "items" : [ {
      "uid" : "18021c372594d3c2",
      "status" : "passed",
      "time" : {
        "start" : 1656552658770,
        "stop" : 1656552659781,
        "duration" : 1011
      }
    } ]
  },
  "809b9577037b738935e0101a9a21b881" : {
    "statistic" : {
      "failed" : 0,
      "broken" : 0,
      "skipped" : 0,
      "passed" : 1,
      "unknown" : 0,
      "total" : 1
    },
    "items" : [ {
      "uid" : "b114df9a2e43da34",
      "status" : "passed",
      "time" : {
        "start" : 1656552657881,
        "stop" : 1656552658152,
        "duration" : 271
      }
    } ]
  },
  "5e84cecda5358b45118a62c2769c8f30" : {
    "statistic" : {
      "failed" : 0,
      "broken" : 0,
      "skipped" : 0,
      "passed" : 1,
      "unknown" : 0,
      "total" : 1
    },
    "items" : [ {
      "uid" : "d31a289f2d282a89",
      "status" : "passed",
      "time" : {
        "start" : 1656552659313,
        "stop" : 1656552660023,
        "duration" : 710
      }
    } ]
  },
  "4cfac0c788c049c180e2f593ec96fd14" : {
    "statistic" : {
      "failed" : 0,
      "broken" : 0,
      "skipped" : 0,
      "passed" : 1,
      "unknown" : 0,
      "total" : 1
    },
    "items" : [ {
      "uid" : "ebadcd72da639bd0",
      "status" : "passed",
      "time" : {
        "start" : 1656552659792,
        "stop" : 1656552660781,
        "duration" : 989
      }
    } ]
  }
}