{
  "afd5b8fa437e3399bbab7bd1fc8918aa" : {
    "statistic" : {
      "failed" : 0,
      "broken" : 0,
      "skipped" : 0,
      "passed" : 1,
      "unknown" : 0,
      "total" : 1
    },
    "items" : [ {
      "uid" : "86f7dd2d0f784cd3",
      "status" : "passed",
      "time" : {
        "start" : 1656553744892,
        "stop" : 1656553745572,
        "duration" : 680
      }
    } ]
  },
  "7b94a35f76ab58821d02894eb57fc81d" : {
    "statistic" : {
      "failed" : 0,
      "broken" : 0,
      "skipped" : 0,
      "passed" : 1,
      "unknown" : 0,
      "total" : 1
    },
    "items" : [ {
      "uid" : "30adb545bddb490d",
      "status" : "passed",
      "time" : {
        "start" : 1656553744580,
        "stop" : 1656553745334,
        "duration" : 754
      }
    } ]
  },
  "e1e532d9d683f438723ad738116874de" : {
    "statistic" : {
      "failed" : 0,
      "broken" : 0,
      "skipped" : 0,
      "passed" : 1,
      "unknown" : 0,
      "total" : 1
    },
    "items" : [ {
      "uid" : "920a8fb0d4e09cea",
      "status" : "passed",
      "time" : {
        "start" : 1656553744474,
        "stop" : 1656553744878,
        "duration" : 404
      }
    } ]
  },
  "5eb9c9872b02e08fe1274451c1752740" : {
    "statistic" : {
      "failed" : 0,
      "broken" : 0,
      "skipped" : 0,
      "passed" : 1,
      "unknown" : 0,
      "total" : 1
    },
    "items" : [ {
      "uid" : "e48750b560463773",
      "status" : "passed",
      "time" : {
        "start" : 1656553744386,
        "stop" : 1656553744672,
        "duration" : 286
      }
    } ]
  },
  "6a88c037cf1babac7c8d9389dfb6ca53" : {
    "statistic" : {
      "failed" : 0,
      "broken" : 0,
      "skipped" : 0,
      "passed" : 1,
      "unknown" : 0,
      "total" : 1
    },
    "items" : [ {
      "uid" : "fe290034437b16c7",
      "status" : "passed",
      "time" : {
        "start" : 1656553744684,
        "stop" : 1656553745234,
        "duration" : 550
      }
    } ]
  },
  "00708f03bd1a1d2bb8d845792d5e67bd" : {
    "statistic" : {
      "failed" : 0,
      "broken" : 0,
      "skipped" : 0,
      "passed" : 1,
      "unknown" : 0,
      "total" : 1
    },
    "items" : [ {
      "uid" : "95079bd5069aab20",
      "status" : "passed",
      "time" : {
        "start" : 1656553745656,
        "stop" : 1656553745877,
        "duration" : 221
      }
    } ]
  },
  "e402d4f5afdb11afc56a2e52b250b8b7" : {
    "statistic" : {
      "failed" : 0,
      "broken" : 0,
      "skipped" : 0,
      "passed" : 1,
      "unknown" : 0,
      "total" : 1
    },
    "items" : [ {
      "uid" : "8bf4f9404d003a97",
      "status" : "passed",
      "time" : {
        "start" : 1656553746668,
        "stop" : 1656553747152,
        "duration" : 484
      }
    } ]
  },
  "278b2a7c9ac43764fae6fc61727ae281" : {
    "statistic" : {
      "failed" : 0,
      "broken" : 0,
      "skipped" : 0,
      "passed" : 1,
      "unknown" : 0,
      "total" : 1
    },
    "items" : [ {
      "uid" : "f35001422e35c001",
      "status" : "passed",
      "time" : {
        "start" : 1656553745353,
        "stop" : 1656553745641,
        "duration" : 288
      }
    } ]
  },
  "809b9577037b738935e0101a9a21b881" : {
    "statistic" : {
      "failed" : 0,
      "broken" : 0,
      "skipped" : 0,
      "passed" : 1,
      "unknown" : 0,
      "total" : 1
    },
    "items" : [ {
      "uid" : "833504dc94658da8",
      "status" : "passed",
      "time" : {
        "start" : 1656553744291,
        "stop" : 1656553744567,
        "duration" : 276
      }
    } ]
  },
  "7e77df6106fcf9ced14f70f67930cdfc" : {
    "statistic" : {
      "failed" : 0,
      "broken" : 0,
      "skipped" : 0,
      "passed" : 1,
      "unknown" : 0,
      "total" : 1
    },
    "items" : [ {
      "uid" : "fd6e819a6ecba871",
      "status" : "passed",
      "time" : {
        "start" : 1656553745245,
        "stop" : 1656553745967,
        "duration" : 722
      }
    } ]
  },
  "5e84cecda5358b45118a62c2769c8f30" : {
    "statistic" : {
      "failed" : 0,
      "broken" : 0,
      "skipped" : 0,
      "passed" : 1,
      "unknown" : 0,
      "total" : 1
    },
    "items" : [ {
      "uid" : "d0b320b9340995f1",
      "status" : "passed",
      "time" : {
        "start" : 1656553745592,
        "stop" : 1656553746135,
        "duration" : 543
      }
    } ]
  },
  "4cfac0c788c049c180e2f593ec96fd14" : {
    "statistic" : {
      "failed" : 0,
      "broken" : 0,
      "skipped" : 0,
      "passed" : 1,
      "unknown" : 0,
      "total" : 1
    },
    "items" : [ {
      "uid" : "d4fa601aac1ce063",
      "status" : "passed",
      "time" : {
        "start" : 1656553745982,
        "stop" : 1656553746652,
        "duration" : 670
      }
    } ]
  }
}