"Status","Start Time","Stop Time","Duration in ms","Parent Suite","Suite","Sub Suite","Test Class","Test Method","Name","Description"
"passed","Thu Jun 30 09:56:58 CST 2022","Thu Jun 30 09:56:59 CST 2022","355","testCases.addInvoiceToConfirm","test_invoice_manage1_Test_scene_1","","","","test_test_scene_1[test_case1]",""
"passed","Thu Jun 30 09:56:58 CST 2022","Thu Jun 30 09:56:58 CST 2022","226","testCases.addInvoiceToConfirm","test_invoice_manage_Test_scene_1","","","","test_test_scene_1[test_case0]",""
"passed","Thu Jun 30 09:57:00 CST 2022","Thu Jun 30 09:57:00 CST 2022","411","testCases.addInvoiceToConfirm","test_invoice_manage1_Test_scene_1","","","","test_test_scene_1[test_case4]",""
"passed","Thu Jun 30 09:56:59 CST 2022","Thu Jun 30 09:56:59 CST 2022","170","testCases.addInvoiceToConfirm","test_invoice_manage_Test_scene_1","","","","test_test_scene_1[test_case3]",""
"passed","Thu Jun 30 09:56:58 CST 2022","Thu Jun 30 09:56:58 CST 2022","337","testCases.blue","test_invoice_manage2_Test_scene_1","","","","test_test_scene_1[test_case0]",""
"passed","Thu Jun 30 09:56:58 CST 2022","Thu Jun 30 09:56:59 CST 2022","533","testCases.addInvoiceToConfirm","test_invoice_manage_Test_scene_1","","","","test_test_scene_1[test_case1]",""
"passed","Thu Jun 30 09:56:59 CST 2022","Thu Jun 30 09:56:59 CST 2022","269","testCases.addInvoiceToConfirm","test_invoice_manage_Test_scene_1","","","","test_test_scene_1[test_case2]",""
"passed","Thu Jun 30 09:56:59 CST 2022","Thu Jun 30 09:56:59 CST 2022","417","testCases.addInvoiceToConfirm","test_invoice_manage1_Test_scene_1","","","","test_test_scene_1[test_case2]",""
"passed","Thu Jun 30 09:56:58 CST 2022","Thu Jun 30 09:56:58 CST 2022","219","testCases.addInvoiceToConfirm","test_invoice_manage1_Test_scene_1","","","","test_test_scene_1[test_case0]",""
"passed","Thu Jun 30 09:56:58 CST 2022","Thu Jun 30 09:56:59 CST 2022","450","testCases.blue","test_invoice_manage2_Test_scene_1","","","","test_test_scene_1[test_case1]",""
"passed","Thu Jun 30 09:56:59 CST 2022","Thu Jun 30 09:57:00 CST 2022","482","testCases.addInvoiceToConfirm","test_invoice_manage1_Test_scene_1","","","","test_test_scene_1[test_case3]",""
"passed","Thu Jun 30 09:56:59 CST 2022","Thu Jun 30 09:56:59 CST 2022","366","testCases.blue","test_invoice_manage2_Test_scene_1","","","","test_test_scene_1[test_case2]",""
