[ {
  "uid" : "150c1e2371a1a97b",
  "name" : "test_test_scene_1[test_case1]",
  "time" : {
    "start" : 1656553263189,
    "stop" : 1656553263805,
    "duration" : 616
  },
  "status" : "passed",
  "severity" : "normal"
}, {
  "uid" : "1506ecfccf3b6166",
  "name" : "test_test_scene_1[test_case2]",
  "time" : {
    "start" : 1656553263795,
    "stop" : 1656553264025,
    "duration" : 230
  },
  "status" : "passed",
  "severity" : "normal"
}, {
  "uid" : "e8759690664c2899",
  "name" : "test_test_scene_1[test_case3]",
  "time" : {
    "start" : 1656553264107,
    "stop" : 1656553264810,
    "duration" : 703
  },
  "status" : "passed",
  "severity" : "normal"
}, {
  "uid" : "b4f90d8639358f16",
  "name" : "test_test_scene_1[test_case2]",
  "time" : {
    "start" : 1656553263465,
    "stop" : 1656553264092,
    "duration" : 627
  },
  "status" : "passed",
  "severity" : "normal"
}, {
  "uid" : "522630747d158131",
  "name" : "test_test_scene_1[test_case0]",
  "time" : {
    "start" : 1656553262635,
    "stop" : 1656553263165,
    "duration" : 530
  },
  "status" : "passed",
  "severity" : "normal"
}, {
  "uid" : "6b69a0861e742399",
  "name" : "test_test_scene_1[test_case0]",
  "time" : {
    "start" : 1656553262579,
    "stop" : 1656553262977,
    "duration" : 398
  },
  "status" : "passed",
  "severity" : "normal"
}, {
  "uid" : "265ee2eac5744154",
  "name" : "test_test_scene_1[test_case2]",
  "time" : {
    "start" : 1656553263822,
    "stop" : 1656553264277,
    "duration" : 455
  },
  "status" : "passed",
  "severity" : "normal"
}, {
  "uid" : "a2692c8d51e15b6c",
  "name" : "test_test_scene_1[test_case1]",
  "time" : {
    "start" : 1656553263156,
    "stop" : 1656553263776,
    "duration" : 620
  },
  "status" : "passed",
  "severity" : "normal"
}, {
  "uid" : "22e7a2e432ce9fed",
  "name" : "test_test_scene_1[test_case3]",
  "time" : {
    "start" : 1656553264064,
    "stop" : 1656553264337,
    "duration" : 273
  },
  "status" : "passed",
  "severity" : "normal"
}, {
  "uid" : "8b066b844320759f",
  "name" : "test_test_scene_1[test_case1]",
  "time" : {
    "start" : 1656553263000,
    "stop" : 1656553263454,
    "duration" : 454
  },
  "status" : "passed",
  "severity" : "normal"
}, {
  "uid" : "f4a6367071929802",
  "name" : "test_test_scene_1[test_case4]",
  "time" : {
    "start" : 1656553264821,
    "stop" : 1656553265429,
    "duration" : 608
  },
  "status" : "passed",
  "severity" : "normal"
}, {
  "uid" : "31cf1712a0857aca",
  "name" : "test_test_scene_1[test_case0]",
  "time" : {
    "start" : 1656553262644,
    "stop" : 1656553263070,
    "duration" : 426
  },
  "status" : "passed",
  "severity" : "normal"
} ]