"Status","Start Time","Stop Time","Duration in ms","Parent Suite","Suite","Sub Suite","Test Class","Test Method","Name","Description"
"passed","Fri Jul 01 10:26:11 CST 2022","Fri Jul 01 10:26:11 CST 2022","390","testCases.addInvoiceToConfirm","test_invoice_manage1_Test_scene_1","","","","test_test_scene_1[test_case2]",""
"passed","Fri Jul 01 10:26:11 CST 2022","Fri Jul 01 10:26:12 CST 2022","344","testCases.addInvoiceToConfirm","test_invoice_manage1_Test_scene_1","","","","test_test_scene_1[test_case3]",""
"passed","Fri Jul 01 10:26:11 CST 2022","Fri Jul 01 10:26:11 CST 2022","109","testCases.addInvoiceToConfirm","test_invoice_manage_Test_scene_1","","","","test_test_scene_1[test_case3]",""
"passed","Fri Jul 01 10:26:11 CST 2022","Fri Jul 01 10:26:11 CST 2022","219","testCases.blue","test_invoice_manage2_Test_scene_1","","","","test_test_scene_1[test_case2]",""
"passed","Fri Jul 01 10:26:11 CST 2022","Fri Jul 01 10:26:11 CST 2022","234","testCases.addInvoiceToConfirm","test_invoice_manage1_Test_scene_1","","","","test_test_scene_1[test_case1]",""
"passed","Fri Jul 01 10:26:11 CST 2022","Fri Jul 01 10:26:11 CST 2022","219","testCases.addInvoiceToConfirm","test_invoice_manage_Test_scene_1","","","","test_test_scene_1[test_case0]",""
"passed","Fri Jul 01 10:26:11 CST 2022","Fri Jul 01 10:26:11 CST 2022","343","testCases.blue","test_invoice_manage2_Test_scene_1","","","","test_test_scene_1[test_case1]",""
"passed","Fri Jul 01 10:26:11 CST 2022","Fri Jul 01 10:26:11 CST 2022","156","testCases.addInvoiceToConfirm","test_invoice_manage_Test_scene_1","","","","test_test_scene_1[test_case2]",""
"passed","Fri Jul 01 10:26:12 CST 2022","Fri Jul 01 10:26:12 CST 2022","312","testCases.addInvoiceToConfirm","test_invoice_manage1_Test_scene_1","","","","test_test_scene_1[test_case4]",""
"passed","Fri Jul 01 10:26:11 CST 2022","Fri Jul 01 10:26:11 CST 2022","297","testCases.blue","test_invoice_manage2_Test_scene_1","","","","test_test_scene_1[test_case0]",""
"passed","Fri Jul 01 10:26:11 CST 2022","Fri Jul 01 10:26:11 CST 2022","156","testCases.addInvoiceToConfirm","test_invoice_manage1_Test_scene_1","","","","test_test_scene_1[test_case0]",""
"passed","Fri Jul 01 10:26:11 CST 2022","Fri Jul 01 10:26:11 CST 2022","390","testCases.addInvoiceToConfirm","test_invoice_manage_Test_scene_1","","","","test_test_scene_1[test_case1]",""
