"Status","Start Time","Stop Time","Duration in ms","Parent Suite","Suite","Sub Suite","Test Class","Test Method","Name","Description"
"passed","Thu Jun 30 09:41:03 CST 2022","Thu Jun 30 09:41:03 CST 2022","616","testCases.blue","test_invoice_manage2_Test_scene_1","","","","test_test_scene_1[test_case1]",""
"passed","Thu Jun 30 09:41:03 CST 2022","Thu Jun 30 09:41:04 CST 2022","230","testCases.addInvoiceToConfirm","test_invoice_manage_Test_scene_1","","","","test_test_scene_1[test_case2]",""
"passed","Thu Jun 30 09:41:04 CST 2022","Thu Jun 30 09:41:04 CST 2022","703","testCases.addInvoiceToConfirm","test_invoice_manage1_Test_scene_1","","","","test_test_scene_1[test_case3]",""
"passed","Thu Jun 30 09:41:03 CST 2022","Thu Jun 30 09:41:04 CST 2022","627","testCases.addInvoiceToConfirm","test_invoice_manage1_Test_scene_1","","","","test_test_scene_1[test_case2]",""
"passed","Thu Jun 30 09:41:02 CST 2022","Thu Jun 30 09:41:03 CST 2022","530","testCases.blue","test_invoice_manage2_Test_scene_1","","","","test_test_scene_1[test_case0]",""
"passed","Thu Jun 30 09:41:02 CST 2022","Thu Jun 30 09:41:02 CST 2022","398","testCases.addInvoiceToConfirm","test_invoice_manage1_Test_scene_1","","","","test_test_scene_1[test_case0]",""
"passed","Thu Jun 30 09:41:03 CST 2022","Thu Jun 30 09:41:04 CST 2022","455","testCases.blue","test_invoice_manage2_Test_scene_1","","","","test_test_scene_1[test_case2]",""
"passed","Thu Jun 30 09:41:03 CST 2022","Thu Jun 30 09:41:03 CST 2022","620","testCases.addInvoiceToConfirm","test_invoice_manage_Test_scene_1","","","","test_test_scene_1[test_case1]",""
"passed","Thu Jun 30 09:41:04 CST 2022","Thu Jun 30 09:41:04 CST 2022","273","testCases.addInvoiceToConfirm","test_invoice_manage_Test_scene_1","","","","test_test_scene_1[test_case3]",""
"passed","Thu Jun 30 09:41:03 CST 2022","Thu Jun 30 09:41:03 CST 2022","454","testCases.addInvoiceToConfirm","test_invoice_manage1_Test_scene_1","","","","test_test_scene_1[test_case1]",""
"passed","Thu Jun 30 09:41:04 CST 2022","Thu Jun 30 09:41:05 CST 2022","608","testCases.addInvoiceToConfirm","test_invoice_manage1_Test_scene_1","","","","test_test_scene_1[test_case4]",""
"passed","Thu Jun 30 09:41:02 CST 2022","Thu Jun 30 09:41:03 CST 2022","426","testCases.addInvoiceToConfirm","test_invoice_manage_Test_scene_1","","","","test_test_scene_1[test_case0]",""
