"Status","Start Time","Stop Time","Duration in ms","Parent Suite","Suite","Sub Suite","Test Class","Test Method","Name","Description"
"passed","Thu Jun 30 10:13:04 CST 2022","Thu Jun 30 10:13:05 CST 2022","779","testCases.addInvoiceToConfirm","test_invoice_manage1_Test_scene_1","","","","test_test_scene_1[test_case1]",""
"passed","Thu Jun 30 10:13:04 CST 2022","Thu Jun 30 10:13:04 CST 2022","346","testCases.addInvoiceToConfirm","test_invoice_manage_Test_scene_1","","","","test_test_scene_1[test_case0]",""
"passed","Thu Jun 30 10:13:04 CST 2022","Thu Jun 30 10:13:05 CST 2022","768","testCases.addInvoiceToConfirm","test_invoice_manage_Test_scene_1","","","","test_test_scene_1[test_case1]",""
"passed","Thu Jun 30 10:13:04 CST 2022","Thu Jun 30 10:13:04 CST 2022","427","testCases.addInvoiceToConfirm","test_invoice_manage1_Test_scene_1","","","","test_test_scene_1[test_case0]",""
"passed","Thu Jun 30 10:13:06 CST 2022","Thu Jun 30 10:13:07 CST 2022","418","testCases.addInvoiceToConfirm","test_invoice_manage1_Test_scene_1","","","","test_test_scene_1[test_case4]",""
"passed","Thu Jun 30 10:13:05 CST 2022","Thu Jun 30 10:13:06 CST 2022","391","testCases.blue","test_invoice_manage2_Test_scene_1","","","","test_test_scene_1[test_case2]",""
"passed","Thu Jun 30 10:13:05 CST 2022","Thu Jun 30 10:13:06 CST 2022","625","testCases.addInvoiceToConfirm","test_invoice_manage1_Test_scene_1","","","","test_test_scene_1[test_case2]",""
"passed","Thu Jun 30 10:13:05 CST 2022","Thu Jun 30 10:13:06 CST 2022","301","testCases.addInvoiceToConfirm","test_invoice_manage_Test_scene_1","","","","test_test_scene_1[test_case2]",""
"passed","Thu Jun 30 10:13:06 CST 2022","Thu Jun 30 10:13:06 CST 2022","185","testCases.addInvoiceToConfirm","test_invoice_manage_Test_scene_1","","","","test_test_scene_1[test_case3]",""
"passed","Thu Jun 30 10:13:04 CST 2022","Thu Jun 30 10:13:04 CST 2022","485","testCases.blue","test_invoice_manage2_Test_scene_1","","","","test_test_scene_1[test_case0]",""
"passed","Thu Jun 30 10:13:04 CST 2022","Thu Jun 30 10:13:05 CST 2022","732","testCases.blue","test_invoice_manage2_Test_scene_1","","","","test_test_scene_1[test_case1]",""
"passed","Thu Jun 30 10:13:06 CST 2022","Thu Jun 30 10:13:06 CST 2022","531","testCases.addInvoiceToConfirm","test_invoice_manage1_Test_scene_1","","","","test_test_scene_1[test_case3]",""
