"Status","Start Time","Stop Time","Duration in ms","Parent Suite","Suite","Sub Suite","Test Class","Test Method","Name","Description"
"passed","Thu Jun 30 09:43:06 CST 2022","Thu Jun 30 09:43:06 CST 2022","291","testCases.addInvoiceToConfirm","test_invoice_manage_Test_scene_1","","","","test_test_scene_1[test_case2]",""
"passed","Thu Jun 30 09:43:05 CST 2022","Thu Jun 30 09:43:05 CST 2022","355","testCases.addInvoiceToConfirm","test_invoice_manage_Test_scene_1","","","","test_test_scene_1[test_case0]",""
"passed","Thu Jun 30 09:43:06 CST 2022","Thu Jun 30 09:43:06 CST 2022","613","testCases.addInvoiceToConfirm","test_invoice_manage1_Test_scene_1","","","","test_test_scene_1[test_case2]",""
"passed","Thu Jun 30 09:43:07 CST 2022","Thu Jun 30 09:43:07 CST 2022","551","testCases.addInvoiceToConfirm","test_invoice_manage1_Test_scene_1","","","","test_test_scene_1[test_case4]",""
"passed","Thu Jun 30 09:43:05 CST 2022","Thu Jun 30 09:43:06 CST 2022","580","testCases.blue","test_invoice_manage2_Test_scene_1","","","","test_test_scene_1[test_case1]",""
"passed","Thu Jun 30 09:43:06 CST 2022","Thu Jun 30 09:43:06 CST 2022","397","testCases.blue","test_invoice_manage2_Test_scene_1","","","","test_test_scene_1[test_case2]",""
"passed","Thu Jun 30 09:43:06 CST 2022","Thu Jun 30 09:43:07 CST 2022","528","testCases.addInvoiceToConfirm","test_invoice_manage1_Test_scene_1","","","","test_test_scene_1[test_case3]",""
"passed","Thu Jun 30 09:43:05 CST 2022","Thu Jun 30 09:43:05 CST 2022","337","testCases.blue","test_invoice_manage2_Test_scene_1","","","","test_test_scene_1[test_case0]",""
"passed","Thu Jun 30 09:43:05 CST 2022","Thu Jun 30 09:43:06 CST 2022","464","testCases.addInvoiceToConfirm","test_invoice_manage1_Test_scene_1","","","","test_test_scene_1[test_case1]",""
"passed","Thu Jun 30 09:43:05 CST 2022","Thu Jun 30 09:43:06 CST 2022","586","testCases.addInvoiceToConfirm","test_invoice_manage_Test_scene_1","","","","test_test_scene_1[test_case1]",""
"passed","Thu Jun 30 09:43:05 CST 2022","Thu Jun 30 09:43:05 CST 2022","317","testCases.addInvoiceToConfirm","test_invoice_manage1_Test_scene_1","","","","test_test_scene_1[test_case0]",""
"passed","Thu Jun 30 09:43:06 CST 2022","Thu Jun 30 09:43:06 CST 2022","218","testCases.addInvoiceToConfirm","test_invoice_manage_Test_scene_1","","","","test_test_scene_1[test_case3]",""
