{
  "7b94a35f76ab58821d02894eb57fc81d" : {
    "statistic" : {
      "failed" : 0,
      "broken" : 0,
      "skipped" : 0,
      "passed" : 1,
      "unknown" : 0,
      "total" : 1
    },
    "items" : [ {
      "uid" : "40c2b7cabebb40ea",
      "status" : "passed",
      "time" : {
        "start" : 1656554825334,
        "stop" : 1656554825953,
        "duration" : 619
      }
    } ]
  },
  "e1e532d9d683f438723ad738116874de" : {
    "statistic" : {
      "failed" : 0,
      "broken" : 0,
      "skipped" : 0,
      "passed" : 1,
      "unknown" : 0,
      "total" : 1
    },
    "items" : [ {
      "uid" : "d41f7c7403e73df7",
      "status" : "passed",
      "time" : {
        "start" : 1656554824967,
        "stop" : 1656554825346,
        "duration" : 379
      }
    } ]
  },
  "afd5b8fa437e3399bbab7bd1fc8918aa" : {
    "statistic" : {
      "failed" : 0,
      "broken" : 0,
      "skipped" : 0,
      "passed" : 1,
      "unknown" : 0,
      "total" : 1
    },
    "items" : [ {
      "uid" : "80980cf2b148410a",
      "status" : "passed",
      "time" : {
        "start" : 1656554825368,
        "stop" : 1656554825974,
        "duration" : 606
      }
    } ]
  },
  "5eb9c9872b02e08fe1274451c1752740" : {
    "statistic" : {
      "failed" : 0,
      "broken" : 0,
      "skipped" : 0,
      "passed" : 1,
      "unknown" : 0,
      "total" : 1
    },
    "items" : [ {
      "uid" : "c5a71575b0d89f48",
      "status" : "passed",
      "time" : {
        "start" : 1656554824932,
        "stop" : 1656554825335,
        "duration" : 403
      }
    } ]
  },
  "6a88c037cf1babac7c8d9389dfb6ca53" : {
    "statistic" : {
      "failed" : 0,
      "broken" : 0,
      "skipped" : 0,
      "passed" : 1,
      "unknown" : 0,
      "total" : 1
    },
    "items" : [ {
      "uid" : "b7b2f150ef6534de",
      "status" : "passed",
      "time" : {
        "start" : 1656554825355,
        "stop" : 1656554825831,
        "duration" : 476
      }
    } ]
  },
  "00708f03bd1a1d2bb8d845792d5e67bd" : {
    "statistic" : {
      "failed" : 0,
      "broken" : 0,
      "skipped" : 0,
      "passed" : 1,
      "unknown" : 0,
      "total" : 1
    },
    "items" : [ {
      "uid" : "de448d3733dbffed",
      "status" : "passed",
      "time" : {
        "start" : 1656554826316,
        "stop" : 1656554826531,
        "duration" : 215
      }
    } ]
  },
  "e402d4f5afdb11afc56a2e52b250b8b7" : {
    "statistic" : {
      "failed" : 0,
      "broken" : 0,
      "skipped" : 0,
      "passed" : 1,
      "unknown" : 0,
      "total" : 1
    },
    "items" : [ {
      "uid" : "c30403d0f8eafed6",
      "status" : "passed",
      "time" : {
        "start" : 1656554827089,
        "stop" : 1656554827514,
        "duration" : 425
      }
    } ]
  },
  "278b2a7c9ac43764fae6fc61727ae281" : {
    "statistic" : {
      "failed" : 0,
      "broken" : 0,
      "skipped" : 0,
      "passed" : 1,
      "unknown" : 0,
      "total" : 1
    },
    "items" : [ {
      "uid" : "1c54cf61dd3a846e",
      "status" : "passed",
      "time" : {
        "start" : 1656554825998,
        "stop" : 1656554826299,
        "duration" : 301
      }
    } ]
  },
  "7e77df6106fcf9ced14f70f67930cdfc" : {
    "statistic" : {
      "failed" : 0,
      "broken" : 0,
      "skipped" : 0,
      "passed" : 1,
      "unknown" : 0,
      "total" : 1
    },
    "items" : [ {
      "uid" : "a9b576362c033e65",
      "status" : "passed",
      "time" : {
        "start" : 1656554825843,
        "stop" : 1656554826457,
        "duration" : 614
      }
    } ]
  },
  "809b9577037b738935e0101a9a21b881" : {
    "statistic" : {
      "failed" : 0,
      "broken" : 0,
      "skipped" : 0,
      "passed" : 1,
      "unknown" : 0,
      "total" : 1
    },
    "items" : [ {
      "uid" : "b97e08f6aa672ee0",
      "status" : "passed",
      "time" : {
        "start" : 1656554824929,
        "stop" : 1656554825312,
        "duration" : 383
      }
    } ]
  },
  "5e84cecda5358b45118a62c2769c8f30" : {
    "statistic" : {
      "failed" : 0,
      "broken" : 0,
      "skipped" : 0,
      "passed" : 1,
      "unknown" : 0,
      "total" : 1
    },
    "items" : [ {
      "uid" : "31e964576aad64c4",
      "status" : "passed",
      "time" : {
        "start" : 1656554825995,
        "stop" : 1656554826392,
        "duration" : 397
      }
    } ]
  },
  "4cfac0c788c049c180e2f593ec96fd14" : {
    "statistic" : {
      "failed" : 0,
      "broken" : 0,
      "skipped" : 0,
      "passed" : 1,
      "unknown" : 0,
      "total" : 1
    },
    "items" : [ {
      "uid" : "dc3567ea38dc7492",
      "status" : "passed",
      "time" : {
        "start" : 1656554826476,
        "stop" : 1656554827066,
        "duration" : 590
      }
    } ]
  }
}