{
  "e1e532d9d683f438723ad738116874de" : {
    "statistic" : {
      "failed" : 0,
      "broken" : 0,
      "skipped" : 0,
      "passed" : 1,
      "unknown" : 0,
      "total" : 1
    },
    "items" : [ {
      "uid" : "11f2e6cc37a831ad",
      "status" : "passed",
      "time" : {
        "start" : 1656555062896,
        "stop" : 1656555063280,
        "duration" : 384
      }
    } ]
  },
  "7b94a35f76ab58821d02894eb57fc81d" : {
    "statistic" : {
      "failed" : 0,
      "broken" : 0,
      "skipped" : 0,
      "passed" : 1,
      "unknown" : 0,
      "total" : 1
    },
    "items" : [ {
      "uid" : "bf16d82f8b6d72c3",
      "status" : "passed",
      "time" : {
        "start" : 1656555063161,
        "stop" : 1656555063705,
        "duration" : 544
      }
    } ]
  },
  "afd5b8fa437e3399bbab7bd1fc8918aa" : {
    "statistic" : {
      "failed" : 0,
      "broken" : 0,
      "skipped" : 0,
      "passed" : 1,
      "unknown" : 0,
      "total" : 1
    },
    "items" : [ {
      "uid" : "a8276bb7b69cff09",
      "status" : "passed",
      "time" : {
        "start" : 1656555063290,
        "stop" : 1656555063789,
        "duration" : 499
      }
    } ]
  },
  "5eb9c9872b02e08fe1274451c1752740" : {
    "statistic" : {
      "failed" : 0,
      "broken" : 0,
      "skipped" : 0,
      "passed" : 1,
      "unknown" : 0,
      "total" : 1
    },
    "items" : [ {
      "uid" : "188875dcd10eed34",
      "status" : "passed",
      "time" : {
        "start" : 1656555062885,
        "stop" : 1656555063225,
        "duration" : 340
      }
    } ]
  },
  "6a88c037cf1babac7c8d9389dfb6ca53" : {
    "statistic" : {
      "failed" : 0,
      "broken" : 0,
      "skipped" : 0,
      "passed" : 1,
      "unknown" : 0,
      "total" : 1
    },
    "items" : [ {
      "uid" : "557b5234e09877ae",
      "status" : "passed",
      "time" : {
        "start" : 1656555063235,
        "stop" : 1656555063584,
        "duration" : 349
      }
    } ]
  },
  "00708f03bd1a1d2bb8d845792d5e67bd" : {
    "statistic" : {
      "failed" : 0,
      "broken" : 0,
      "skipped" : 0,
      "passed" : 1,
      "unknown" : 0,
      "total" : 1
    },
    "items" : [ {
      "uid" : "bddf067c18c6aa43",
      "status" : "passed",
      "time" : {
        "start" : 1656555063969,
        "stop" : 1656555064162,
        "duration" : 193
      }
    } ]
  },
  "e402d4f5afdb11afc56a2e52b250b8b7" : {
    "statistic" : {
      "failed" : 0,
      "broken" : 0,
      "skipped" : 0,
      "passed" : 1,
      "unknown" : 0,
      "total" : 1
    },
    "items" : [ {
      "uid" : "85a1addce99ff5d1",
      "status" : "passed",
      "time" : {
        "start" : 1656555064812,
        "stop" : 1656555065210,
        "duration" : 398
      }
    } ]
  },
  "278b2a7c9ac43764fae6fc61727ae281" : {
    "statistic" : {
      "failed" : 0,
      "broken" : 0,
      "skipped" : 0,
      "passed" : 1,
      "unknown" : 0,
      "total" : 1
    },
    "items" : [ {
      "uid" : "8e030eb4fb2f5f4a",
      "status" : "passed",
      "time" : {
        "start" : 1656555063718,
        "stop" : 1656555063957,
        "duration" : 239
      }
    } ]
  },
  "809b9577037b738935e0101a9a21b881" : {
    "statistic" : {
      "failed" : 0,
      "broken" : 0,
      "skipped" : 0,
      "passed" : 1,
      "unknown" : 0,
      "total" : 1
    },
    "items" : [ {
      "uid" : "c6db9f58d63a70f7",
      "status" : "passed",
      "time" : {
        "start" : 1656555062895,
        "stop" : 1656555063151,
        "duration" : 256
      }
    } ]
  },
  "7e77df6106fcf9ced14f70f67930cdfc" : {
    "statistic" : {
      "failed" : 0,
      "broken" : 0,
      "skipped" : 0,
      "passed" : 1,
      "unknown" : 0,
      "total" : 1
    },
    "items" : [ {
      "uid" : "2741dc7837940ae4",
      "status" : "passed",
      "time" : {
        "start" : 1656555063593,
        "stop" : 1656555064210,
        "duration" : 617
      }
    } ]
  },
  "5e84cecda5358b45118a62c2769c8f30" : {
    "statistic" : {
      "failed" : 0,
      "broken" : 0,
      "skipped" : 0,
      "passed" : 1,
      "unknown" : 0,
      "total" : 1
    },
    "items" : [ {
      "uid" : "2389f44e10c32c04",
      "status" : "passed",
      "time" : {
        "start" : 1656555063799,
        "stop" : 1656555064156,
        "duration" : 357
      }
    } ]
  },
  "4cfac0c788c049c180e2f593ec96fd14" : {
    "statistic" : {
      "failed" : 0,
      "broken" : 0,
      "skipped" : 0,
      "passed" : 1,
      "unknown" : 0,
      "total" : 1
    },
    "items" : [ {
      "uid" : "d7b0e59cd41807f1",
      "status" : "passed",
      "time" : {
        "start" : 1656555064219,
        "stop" : 1656555064796,
        "duration" : 577
      }
    } ]
  }
}