"Status","Start Time","Stop Time","Duration in ms","Parent Suite","Suite","Sub Suite","Test Class","Test Method","Name","Description"
"passed","Thu Jun 30 09:45:08 CST 2022","Thu Jun 30 09:45:08 CST 2022","699","testCases.addInvoiceToConfirm","test_invoice_manage1_Test_scene_1","","","","test_test_scene_1[test_case2]",""
"passed","Thu Jun 30 09:45:07 CST 2022","Thu Jun 30 09:45:08 CST 2022","702","testCases.blue","test_invoice_manage2_Test_scene_1","","","","test_test_scene_1[test_case1]",""
"passed","Thu Jun 30 09:45:07 CST 2022","Thu Jun 30 09:45:08 CST 2022","795","testCases.addInvoiceToConfirm","test_invoice_manage_Test_scene_1","","","","test_test_scene_1[test_case1]",""
"passed","Thu Jun 30 09:45:08 CST 2022","Thu Jun 30 09:45:08 CST 2022","292","testCases.addInvoiceToConfirm","test_invoice_manage_Test_scene_1","","","","test_test_scene_1[test_case2]",""
"passed","Thu Jun 30 09:45:07 CST 2022","Thu Jun 30 09:45:07 CST 2022","284","testCases.addInvoiceToConfirm","test_invoice_manage1_Test_scene_1","","","","test_test_scene_1[test_case0]",""
"passed","Thu Jun 30 09:45:08 CST 2022","Thu Jun 30 09:45:09 CST 2022","993","testCases.addInvoiceToConfirm","test_invoice_manage1_Test_scene_1","","","","test_test_scene_1[test_case3]",""
"passed","Thu Jun 30 09:45:07 CST 2022","Thu Jun 30 09:45:07 CST 2022","410","testCases.blue","test_invoice_manage2_Test_scene_1","","","","test_test_scene_1[test_case0]",""
"passed","Thu Jun 30 09:45:08 CST 2022","Thu Jun 30 09:45:08 CST 2022","231","testCases.addInvoiceToConfirm","test_invoice_manage_Test_scene_1","","","","test_test_scene_1[test_case3]",""
"passed","Thu Jun 30 09:45:07 CST 2022","Thu Jun 30 09:45:08 CST 2022","635","testCases.addInvoiceToConfirm","test_invoice_manage1_Test_scene_1","","","","test_test_scene_1[test_case1]",""
"passed","Thu Jun 30 09:45:10 CST 2022","Thu Jun 30 09:45:10 CST 2022","502","testCases.addInvoiceToConfirm","test_invoice_manage1_Test_scene_1","","","","test_test_scene_1[test_case4]",""
"passed","Thu Jun 30 09:45:08 CST 2022","Thu Jun 30 09:45:08 CST 2022","410","testCases.blue","test_invoice_manage2_Test_scene_1","","","","test_test_scene_1[test_case2]",""
"passed","Thu Jun 30 09:45:07 CST 2022","Thu Jun 30 09:45:07 CST 2022","279","testCases.addInvoiceToConfirm","test_invoice_manage_Test_scene_1","","","","test_test_scene_1[test_case0]",""
