"Status","Start Time","Stop Time","Duration in ms","Parent Suite","Suite","Sub Suite","Test Class","Test Method","Name","Description"
"passed","Thu Jun 30 09:49:04 CST 2022","Thu Jun 30 09:49:05 CST 2022","754","testCases.addInvoiceToConfirm","test_invoice_manage_Test_scene_1","","","","test_test_scene_1[test_case1]",""
"passed","Thu Jun 30 09:49:05 CST 2022","Thu Jun 30 09:49:06 CST 2022","670","testCases.addInvoiceToConfirm","test_invoice_manage1_Test_scene_1","","","","test_test_scene_1[test_case3]",""
"passed","Thu Jun 30 09:49:05 CST 2022","Thu Jun 30 09:49:05 CST 2022","221","testCases.addInvoiceToConfirm","test_invoice_manage_Test_scene_1","","","","test_test_scene_1[test_case3]",""
"passed","Thu Jun 30 09:49:04 CST 2022","Thu Jun 30 09:49:05 CST 2022","680","testCases.blue","test_invoice_manage2_Test_scene_1","","","","test_test_scene_1[test_case1]",""
"passed","Thu Jun 30 09:49:05 CST 2022","Thu Jun 30 09:49:06 CST 2022","543","testCases.blue","test_invoice_manage2_Test_scene_1","","","","test_test_scene_1[test_case2]",""
"passed","Thu Jun 30 09:49:04 CST 2022","Thu Jun 30 09:49:04 CST 2022","276","testCases.addInvoiceToConfirm","test_invoice_manage_Test_scene_1","","","","test_test_scene_1[test_case0]",""
"passed","Thu Jun 30 09:49:04 CST 2022","Thu Jun 30 09:49:04 CST 2022","286","testCases.addInvoiceToConfirm","test_invoice_manage1_Test_scene_1","","","","test_test_scene_1[test_case0]",""
"passed","Thu Jun 30 09:49:04 CST 2022","Thu Jun 30 09:49:05 CST 2022","550","testCases.addInvoiceToConfirm","test_invoice_manage1_Test_scene_1","","","","test_test_scene_1[test_case1]",""
"passed","Thu Jun 30 09:49:05 CST 2022","Thu Jun 30 09:49:05 CST 2022","288","testCases.addInvoiceToConfirm","test_invoice_manage_Test_scene_1","","","","test_test_scene_1[test_case2]",""
"passed","Thu Jun 30 09:49:06 CST 2022","Thu Jun 30 09:49:07 CST 2022","484","testCases.addInvoiceToConfirm","test_invoice_manage1_Test_scene_1","","","","test_test_scene_1[test_case4]",""
"passed","Thu Jun 30 09:49:05 CST 2022","Thu Jun 30 09:49:05 CST 2022","722","testCases.addInvoiceToConfirm","test_invoice_manage1_Test_scene_1","","","","test_test_scene_1[test_case2]",""
"passed","Thu Jun 30 09:49:04 CST 2022","Thu Jun 30 09:49:04 CST 2022","404","testCases.blue","test_invoice_manage2_Test_scene_1","","","","test_test_scene_1[test_case0]",""
