{
  "uid" : "b1a8273437954620fa374b796ffaacdd",
  "name" : "behaviors",
  "children" : [ {
    "name" : "test_2",
    "uid" : "7431a90260a4474d",
    "parentUid" : "b1a8273437954620fa374b796ffaacdd",
    "status" : "passed",
    "time" : {
      "start" : 1687919727188,
      "stop" : 1687919727188,
      "duration" : 0
    },
    "flaky" : false,
    "newFailed" : false,
    "newPassed" : false,
    "newBroken" : false,
    "retriesCount" : 0,
    "retriesStatusChange" : false,
    "parameters" : [ ]
  }, {
    "name" : "test_1",
    "uid" : "13482d02d99bf7ce",
    "parentUid" : "b1a8273437954620fa374b796ffaacdd",
    "status" : "passed",
    "time" : {
      "start" : 1687919727188,
      "stop" : 1687919727188,
      "duration" : 0
    },
    "flaky" : false,
    "newFailed" : false,
    "newPassed" : false,
    "newBroken" : false,
    "retriesCount" : 0,
    "retriesStatusChange" : false,
    "parameters" : [ ]
  }, {
    "name" : "test_3",
    "uid" : "66d2e78a57eff95a",
    "parentUid" : "b1a8273437954620fa374b796ffaacdd",
    "status" : "passed",
    "time" : {
      "start" : 1687919727198,
      "stop" : 1687919727198,
      "duration" : 0
    },
    "flaky" : false,
    "newFailed" : false,
    "newPassed" : false,
    "newBroken" : false,
    "retriesCount" : 0,
    "retriesStatusChange" : false,
    "parameters" : [ ]
  } ]
}