{
  "uid" : "83edc06c07f9ae9e47eb6dd1b683e4e2",
  "name" : "packages",
  "children" : [ {
    "name" : "testCase.pro.apis.test_1",
    "children" : [ {
      "name" : "test_2",
      "uid" : "7431a90260a4474d",
      "parentUid" : "d92ecb28c7658aff2c8a3c63264e0195",
      "status" : "passed",
      "time" : {
        "start" : 1687919727188,
        "stop" : 1687919727188,
        "duration" : 0
      },
      "flaky" : false,
      "newFailed" : false,
      "newPassed" : false,
      "newBroken" : false,
      "retriesCount" : 0,
      "retriesStatusChange" : false,
      "parameters" : [ ]
    }, {
      "name" : "test_1",
      "uid" : "13482d02d99bf7ce",
      "parentUid" : "d92ecb28c7658aff2c8a3c63264e0195",
      "status" : "passed",
      "time" : {
        "start" : 1687919727188,
        "stop" : 1687919727188,
        "duration" : 0
      },
      "flaky" : false,
      "newFailed" : false,
      "newPassed" : false,
      "newBroken" : false,
      "retriesCount" : 0,
      "retriesStatusChange" : false,
      "parameters" : [ ]
    }, {
      "name" : "test_3",
      "uid" : "66d2e78a57eff95a",
      "parentUid" : "d92ecb28c7658aff2c8a3c63264e0195",
      "status" : "passed",
      "time" : {
        "start" : 1687919727198,
        "stop" : 1687919727198,
        "duration" : 0
      },
      "flaky" : false,
      "newFailed" : false,
      "newPassed" : false,
      "newBroken" : false,
      "retriesCount" : 0,
      "retriesStatusChange" : false,
      "parameters" : [ ]
    } ],
    "uid" : "testCase.pro.apis.test_1"
  } ]
}