{
  "uid" : "ab17fc5a4eb3bca4b216b548c7f9fcbc",
  "name" : "timeline",
  "children" : [ {
    "name" : "CN01XIT00000ZON",
    "children" : [ {
      "name" : "48740-MainThread",
      "children" : [ {
        "name" : "test_2",
        "uid" : "7431a90260a4474d",
        "parentUid" : "b6a09689025a8847d99ed2e8b5f6c4f7",
        "status" : "passed",
        "time" : {
          "start" : 1687919727188,
          "stop" : 1687919727188,
          "duration" : 0
        },
        "flaky" : false,
        "newFailed" : false,
        "newPassed" : false,
        "newBroken" : false,
        "retriesCount" : 0,
        "retriesStatusChange" : false,
        "parameters" : [ ]
      }, {
        "name" : "test_1",
        "uid" : "13482d02d99bf7ce",
        "parentUid" : "b6a09689025a8847d99ed2e8b5f6c4f7",
        "status" : "passed",
        "time" : {
          "start" : 1687919727188,
          "stop" : 1687919727188,
          "duration" : 0
        },
        "flaky" : false,
        "newFailed" : false,
        "newPassed" : false,
        "newBroken" : false,
        "retriesCount" : 0,
        "retriesStatusChange" : false,
        "parameters" : [ ]
      }, {
        "name" : "test_3",
        "uid" : "66d2e78a57eff95a",
        "parentUid" : "b6a09689025a8847d99ed2e8b5f6c4f7",
        "status" : "passed",
        "time" : {
          "start" : 1687919727198,
          "stop" : 1687919727198,
          "duration" : 0
        },
        "flaky" : false,
        "newFailed" : false,
        "newPassed" : false,
        "newBroken" : false,
        "retriesCount" : 0,
        "retriesStatusChange" : false,
        "parameters" : [ ]
      } ],
      "uid" : "b6a09689025a8847d99ed2e8b5f6c4f7"
    } ],
    "uid" : "f8b0faf773517d923b353d1ef0c9672e"
  } ]
}