{
  "bc9880d8614df209dbcda5de753ff43c" : {
    "statistic" : {
      "failed" : 0,
      "broken" : 0,
      "skipped" : 0,
      "passed" : 1,
      "unknown" : 0,
      "total" : 1
    },
    "items" : [ {
      "uid" : "210d4e12d08e1b2a",
      "status" : "passed",
      "time" : {
        "start" : 1687926060214,
        "stop" : 1687926060214,
        "duration" : 0
      }
    } ]
  },
  "09b9d018b4cec6ba76c3dc15398d6f10" : {
    "statistic" : {
      "failed" : 0,
      "broken" : 0,
      "skipped" : 0,
      "passed" : 1,
      "unknown" : 0,
      "total" : 1
    },
    "items" : [ {
      "uid" : "7365a37285e5a965",
      "status" : "passed",
      "time" : {
        "start" : 1687926060214,
        "stop" : 1687926060214,
        "duration" : 0
      }
    } ]
  },
  "30363634153052517fa3bdf6c753fcf8" : {
    "statistic" : {
      "failed" : 0,
      "broken" : 0,
      "skipped" : 0,
      "passed" : 1,
      "unknown" : 0,
      "total" : 1
    },
    "items" : [ {
      "uid" : "3ca8b81bf2698678",
      "status" : "passed",
      "time" : {
        "start" : 1687926060199,
        "stop" : 1687926060199,
        "duration" : 0
      }
    } ]
  }
}