[ {
  "uid" : "d5f7cd9d6dafb3df",
  "name" : "test_test_scene_1[test_case2]",
  "time" : {
    "start" : 1656552658989,
    "stop" : 1656552659294,
    "duration" : 305
  },
  "status" : "passed",
  "severity" : "normal"
}, {
  "uid" : "d31a289f2d282a89",
  "name" : "test_test_scene_1[test_case2]",
  "time" : {
    "start" : 1656552659313,
    "stop" : 1656552660023,
    "duration" : 710
  },
  "status" : "passed",
  "severity" : "normal"
}, {
  "uid" : "37e42bc1d67f4840",
  "name" : "test_test_scene_1[test_case1]",
  "time" : {
    "start" : 1656552658168,
    "stop" : 1656552658977,
    "duration" : 809
  },
  "status" : "passed",
  "severity" : "normal"
}, {
  "uid" : "a3f7ff9444b48cc7",
  "name" : "test_test_scene_1[test_case4]",
  "time" : {
    "start" : 1656552660795,
    "stop" : 1656552661483,
    "duration" : 688
  },
  "status" : "passed",
  "severity" : "normal"
}, {
  "uid" : "a5a15ebaeeb3dd64",
  "name" : "test_test_scene_1[test_case1]",
  "time" : {
    "start" : 1656552658162,
    "stop" : 1656552658761,
    "duration" : 599
  },
  "status" : "passed",
  "severity" : "normal"
}, {
  "uid" : "a17a9e5f259ecc4d",
  "name" : "test_test_scene_1[test_case0]",
  "time" : {
    "start" : 1656552657880,
    "stop" : 1656552658350,
    "duration" : 470
  },
  "status" : "passed",
  "severity" : "normal"
}, {
  "uid" : "6c0e20653771eb2d",
  "name" : "test_test_scene_1[test_case0]",
  "time" : {
    "start" : 1656552657824,
    "stop" : 1656552658148,
    "duration" : 324
  },
  "status" : "passed",
  "severity" : "normal"
}, {
  "uid" : "135768bbdd236589",
  "name" : "test_test_scene_1[test_case3]",
  "time" : {
    "start" : 1656552659305,
    "stop" : 1656552659503,
    "duration" : 198
  },
  "status" : "passed",
  "severity" : "normal"
}, {
  "uid" : "b114df9a2e43da34",
  "name" : "test_test_scene_1[test_case0]",
  "time" : {
    "start" : 1656552657881,
    "stop" : 1656552658152,
    "duration" : 271
  },
  "status" : "passed",
  "severity" : "normal"
}, {
  "uid" : "ebadcd72da639bd0",
  "name" : "test_test_scene_1[test_case3]",
  "time" : {
    "start" : 1656552659792,
    "stop" : 1656552660781,
    "duration" : 989
  },
  "status" : "passed",
  "severity" : "normal"
}, {
  "uid" : "e2123084b9f05c8d",
  "name" : "test_test_scene_1[test_case1]",
  "time" : {
    "start" : 1656552658363,
    "stop" : 1656552659303,
    "duration" : 940
  },
  "status" : "passed",
  "severity" : "normal"
}, {
  "uid" : "18021c372594d3c2",
  "name" : "test_test_scene_1[test_case2]",
  "time" : {
    "start" : 1656552658770,
    "stop" : 1656552659781,
    "duration" : 1011
  },
  "status" : "passed",
  "severity" : "normal"
} ]