{
  "7b94a35f76ab58821d02894eb57fc81d" : {
    "statistic" : {
      "failed" : 0,
      "broken" : 0,
      "skipped" : 0,
      "passed" : 1,
      "unknown" : 0,
      "total" : 1
    },
    "items" : [ {
      "uid" : "1527cf97299f83fe",
      "status" : "passed",
      "time" : {
        "start" : 1656554460263,
        "stop" : 1656554460810,
        "duration" : 547
      }
    } ]
  },
  "e1e532d9d683f438723ad738116874de" : {
    "statistic" : {
      "failed" : 0,
      "broken" : 0,
      "skipped" : 0,
      "passed" : 1,
      "unknown" : 0,
      "total" : 1
    },
    "items" : [ {
      "uid" : "e6870efcce2ece8",
      "status" : "passed",
      "time" : {
        "start" : 1656554459890,
        "stop" : 1656554460320,
        "duration" : 430
      }
    } ]
  },
  "afd5b8fa437e3399bbab7bd1fc8918aa" : {
    "statistic" : {
      "failed" : 0,
      "broken" : 0,
      "skipped" : 0,
      "passed" : 1,
      "unknown" : 0,
      "total" : 1
    },
    "items" : [ {
      "uid" : "8d7e657680424254",
      "status" : "passed",
      "time" : {
        "start" : 1656554460334,
        "stop" : 1656554460872,
        "duration" : 538
      }
    } ]
  },
  "5eb9c9872b02e08fe1274451c1752740" : {
    "statistic" : {
      "failed" : 0,
      "broken" : 0,
      "skipped" : 0,
      "passed" : 1,
      "unknown" : 0,
      "total" : 1
    },
    "items" : [ {
      "uid" : "640de98af6336acd",
      "status" : "passed",
      "time" : {
        "start" : 1656554459882,
        "stop" : 1656554460247,
        "duration" : 365
      }
    } ]
  },
  "6a88c037cf1babac7c8d9389dfb6ca53" : {
    "statistic" : {
      "failed" : 0,
      "broken" : 0,
      "skipped" : 0,
      "passed" : 1,
      "unknown" : 0,
      "total" : 1
    },
    "items" : [ {
      "uid" : "31256f3f078ca921",
      "status" : "passed",
      "time" : {
        "start" : 1656554460260,
        "stop" : 1656554460623,
        "duration" : 363
      }
    } ]
  },
  "00708f03bd1a1d2bb8d845792d5e67bd" : {
    "statistic" : {
      "failed" : 0,
      "broken" : 0,
      "skipped" : 0,
      "passed" : 1,
      "unknown" : 0,
      "total" : 1
    },
    "items" : [ {
      "uid" : "8bf41ef78e98e5c0",
      "status" : "passed",
      "time" : {
        "start" : 1656554461058,
        "stop" : 1656554461231,
        "duration" : 173
      }
    } ]
  },
  "e402d4f5afdb11afc56a2e52b250b8b7" : {
    "statistic" : {
      "failed" : 0,
      "broken" : 0,
      "skipped" : 0,
      "passed" : 1,
      "unknown" : 0,
      "total" : 1
    },
    "items" : [ {
      "uid" : "2a681eaca08db3a",
      "status" : "passed",
      "time" : {
        "start" : 1656554461658,
        "stop" : 1656554462081,
        "duration" : 423
      }
    } ]
  },
  "278b2a7c9ac43764fae6fc61727ae281" : {
    "statistic" : {
      "failed" : 0,
      "broken" : 0,
      "skipped" : 0,
      "passed" : 1,
      "unknown" : 0,
      "total" : 1
    },
    "items" : [ {
      "uid" : "da9a839acf0a860e",
      "status" : "passed",
      "time" : {
        "start" : 1656554460824,
        "stop" : 1656554461047,
        "duration" : 223
      }
    } ]
  },
  "809b9577037b738935e0101a9a21b881" : {
    "statistic" : {
      "failed" : 0,
      "broken" : 0,
      "skipped" : 0,
      "passed" : 1,
      "unknown" : 0,
      "total" : 1
    },
    "items" : [ {
      "uid" : "98ba9d5695f50317",
      "status" : "passed",
      "time" : {
        "start" : 1656554459921,
        "stop" : 1656554460249,
        "duration" : 328
      }
    } ]
  },
  "7e77df6106fcf9ced14f70f67930cdfc" : {
    "statistic" : {
      "failed" : 0,
      "broken" : 0,
      "skipped" : 0,
      "passed" : 1,
      "unknown" : 0,
      "total" : 1
    },
    "items" : [ {
      "uid" : "cc37e7b756e9acac",
      "status" : "passed",
      "time" : {
        "start" : 1656554460634,
        "stop" : 1656554461132,
        "duration" : 498
      }
    } ]
  },
  "5e84cecda5358b45118a62c2769c8f30" : {
    "statistic" : {
      "failed" : 0,
      "broken" : 0,
      "skipped" : 0,
      "passed" : 1,
      "unknown" : 0,
      "total" : 1
    },
    "items" : [ {
      "uid" : "77bb5fc5e05c16bb",
      "status" : "passed",
      "time" : {
        "start" : 1656554460883,
        "stop" : 1656554461185,
        "duration" : 302
      }
    } ]
  },
  "4cfac0c788c049c180e2f593ec96fd14" : {
    "statistic" : {
      "failed" : 0,
      "broken" : 0,
      "skipped" : 0,
      "passed" : 1,
      "unknown" : 0,
      "total" : 1
    },
    "items" : [ {
      "uid" : "5843499aa631197b",
      "status" : "passed",
      "time" : {
        "start" : 1656554461143,
        "stop" : 1656554461644,
        "duration" : 501
      }
    } ]
  }
}