[ {
  "uid" : "4b3ffaa9b05936ae",
  "name" : "test_test_scene_1[test_case0]",
  "time" : {
    "start" : 1656552902131,
    "stop" : 1656552902554,
    "duration" : 423
  },
  "status" : "passed",
  "severity" : "normal"
}, {
  "uid" : "323e046bcf6fd1e0",
  "name" : "test_test_scene_1[test_case2]",
  "time" : {
    "start" : 1656552903260,
    "stop" : 1656552903755,
    "duration" : 495
  },
  "status" : "passed",
  "severity" : "normal"
}, {
  "uid" : "feacdafcb465e364",
  "name" : "test_test_scene_1[test_case0]",
  "time" : {
    "start" : 1656552902104,
    "stop" : 1656552902641,
    "duration" : 537
  },
  "status" : "passed",
  "severity" : "normal"
}, {
  "uid" : "1cb3b8474c751b6b",
  "name" : "test_test_scene_1[test_case1]",
  "time" : {
    "start" : 1656552902662,
    "stop" : 1656552903015,
    "duration" : 353
  },
  "status" : "passed",
  "severity" : "normal"
}, {
  "uid" : "c705081e58c30936",
  "name" : "test_test_scene_1[test_case1]",
  "time" : {
    "start" : 1656552902568,
    "stop" : 1656552903237,
    "duration" : 669
  },
  "status" : "passed",
  "severity" : "normal"
}, {
  "uid" : "928b72ec5e1d41d9",
  "name" : "test_test_scene_1[test_case0]",
  "time" : {
    "start" : 1656552902180,
    "stop" : 1656552902548,
    "duration" : 368
  },
  "status" : "passed",
  "severity" : "normal"
}, {
  "uid" : "3ec1b5f0b2cf0f9e",
  "name" : "test_test_scene_1[test_case4]",
  "time" : {
    "start" : 1656552904547,
    "stop" : 1656552905190,
    "duration" : 643
  },
  "status" : "passed",
  "severity" : "normal"
}, {
  "uid" : "1eddd48255852946",
  "name" : "test_test_scene_1[test_case2]",
  "time" : {
    "start" : 1656552903027,
    "stop" : 1656552903747,
    "duration" : 720
  },
  "status" : "passed",
  "severity" : "normal"
}, {
  "uid" : "de5e16cc5da5a9d6",
  "name" : "test_test_scene_1[test_case3]",
  "time" : {
    "start" : 1656552903706,
    "stop" : 1656552904008,
    "duration" : 302
  },
  "status" : "passed",
  "severity" : "normal"
}, {
  "uid" : "884be0a75959154c",
  "name" : "test_test_scene_1[test_case1]",
  "time" : {
    "start" : 1656552902563,
    "stop" : 1656552903244,
    "duration" : 681
  },
  "status" : "passed",
  "severity" : "normal"
}, {
  "uid" : "c13bb6508443e5a7",
  "name" : "test_test_scene_1[test_case2]",
  "time" : {
    "start" : 1656552903257,
    "stop" : 1656552903640,
    "duration" : 383
  },
  "status" : "passed",
  "severity" : "normal"
}, {
  "uid" : "5b29a3ad02e8b9c4",
  "name" : "test_test_scene_1[test_case3]",
  "time" : {
    "start" : 1656552903767,
    "stop" : 1656552904534,
    "duration" : 767
  },
  "status" : "passed",
  "severity" : "normal"
} ]