{
  "afd5b8fa437e3399bbab7bd1fc8918aa" : {
    "statistic" : {
      "failed" : 0,
      "broken" : 0,
      "skipped" : 0,
      "passed" : 1,
      "unknown" : 0,
      "total" : 1
    },
    "items" : [ {
      "uid" : "4eb08bfeec54de15",
      "status" : "passed",
      "time" : {
        "start" : 1656553507612,
        "stop" : 1656553508314,
        "duration" : 702
      }
    } ]
  },
  "e1e532d9d683f438723ad738116874de" : {
    "statistic" : {
      "failed" : 0,
      "broken" : 0,
      "skipped" : 0,
      "passed" : 1,
      "unknown" : 0,
      "total" : 1
    },
    "items" : [ {
      "uid" : "8d479965028d62e6",
      "status" : "passed",
      "time" : {
        "start" : 1656553507172,
        "stop" : 1656553507582,
        "duration" : 410
      }
    } ]
  },
  "7b94a35f76ab58821d02894eb57fc81d" : {
    "statistic" : {
      "failed" : 0,
      "broken" : 0,
      "skipped" : 0,
      "passed" : 1,
      "unknown" : 0,
      "total" : 1
    },
    "items" : [ {
      "uid" : "2ceb2a29ad5cf56d",
      "status" : "passed",
      "time" : {
        "start" : 1656553507467,
        "stop" : 1656553508262,
        "duration" : 795
      }
    } ]
  },
  "5eb9c9872b02e08fe1274451c1752740" : {
    "statistic" : {
      "failed" : 0,
      "broken" : 0,
      "skipped" : 0,
      "passed" : 1,
      "unknown" : 0,
      "total" : 1
    },
    "items" : [ {
      "uid" : "1b47cad7e7467605",
      "status" : "passed",
      "time" : {
        "start" : 1656553507172,
        "stop" : 1656553507456,
        "duration" : 284
      }
    } ]
  },
  "6a88c037cf1babac7c8d9389dfb6ca53" : {
    "statistic" : {
      "failed" : 0,
      "broken" : 0,
      "skipped" : 0,
      "passed" : 1,
      "unknown" : 0,
      "total" : 1
    },
    "items" : [ {
      "uid" : "1e73f02c10387f2a",
      "status" : "passed",
      "time" : {
        "start" : 1656553507478,
        "stop" : 1656553508113,
        "duration" : 635
      }
    } ]
  },
  "00708f03bd1a1d2bb8d845792d5e67bd" : {
    "statistic" : {
      "failed" : 0,
      "broken" : 0,
      "skipped" : 0,
      "passed" : 1,
      "unknown" : 0,
      "total" : 1
    },
    "items" : [ {
      "uid" : "cfadac04c9b4b473",
      "status" : "passed",
      "time" : {
        "start" : 1656553508603,
        "stop" : 1656553508834,
        "duration" : 231
      }
    } ]
  },
  "e402d4f5afdb11afc56a2e52b250b8b7" : {
    "statistic" : {
      "failed" : 0,
      "broken" : 0,
      "skipped" : 0,
      "passed" : 1,
      "unknown" : 0,
      "total" : 1
    },
    "items" : [ {
      "uid" : "db5472460c3d7664",
      "status" : "passed",
      "time" : {
        "start" : 1656553510141,
        "stop" : 1656553510643,
        "duration" : 502
      }
    } ]
  },
  "278b2a7c9ac43764fae6fc61727ae281" : {
    "statistic" : {
      "failed" : 0,
      "broken" : 0,
      "skipped" : 0,
      "passed" : 1,
      "unknown" : 0,
      "total" : 1
    },
    "items" : [ {
      "uid" : "140fc8f38adb675f",
      "status" : "passed",
      "time" : {
        "start" : 1656553508299,
        "stop" : 1656553508591,
        "duration" : 292
      }
    } ]
  },
  "7e77df6106fcf9ced14f70f67930cdfc" : {
    "statistic" : {
      "failed" : 0,
      "broken" : 0,
      "skipped" : 0,
      "passed" : 1,
      "unknown" : 0,
      "total" : 1
    },
    "items" : [ {
      "uid" : "c15910e28ab0c39b",
      "status" : "passed",
      "time" : {
        "start" : 1656553508125,
        "stop" : 1656553508824,
        "duration" : 699
      }
    } ]
  },
  "809b9577037b738935e0101a9a21b881" : {
    "statistic" : {
      "failed" : 0,
      "broken" : 0,
      "skipped" : 0,
      "passed" : 1,
      "unknown" : 0,
      "total" : 1
    },
    "items" : [ {
      "uid" : "fd574de35d786023",
      "status" : "passed",
      "time" : {
        "start" : 1656553507172,
        "stop" : 1656553507451,
        "duration" : 279
      }
    } ]
  },
  "5e84cecda5358b45118a62c2769c8f30" : {
    "statistic" : {
      "failed" : 0,
      "broken" : 0,
      "skipped" : 0,
      "passed" : 1,
      "unknown" : 0,
      "total" : 1
    },
    "items" : [ {
      "uid" : "4b10e96930273af0",
      "status" : "passed",
      "time" : {
        "start" : 1656553508332,
        "stop" : 1656553508742,
        "duration" : 410
      }
    } ]
  },
  "4cfac0c788c049c180e2f593ec96fd14" : {
    "statistic" : {
      "failed" : 0,
      "broken" : 0,
      "skipped" : 0,
      "passed" : 1,
      "unknown" : 0,
      "total" : 1
    },
    "items" : [ {
      "uid" : "429065cbe7b0c1ad",
      "status" : "passed",
      "time" : {
        "start" : 1656553508841,
        "stop" : 1656553509834,
        "duration" : 993
      }
    } ]
  }
}