[ {
  "uid" : "d2e2583e8fa98d44",
  "name" : "test_test_scene_1[test_case2]",
  "time" : {
    "start" : 1656555304385,
    "stop" : 1656555304860,
    "duration" : 475
  },
  "status" : "passed",
  "severity" : "normal"
}, {
  "uid" : "127e25b0a65784aa",
  "name" : "test_test_scene_1[test_case1]",
  "time" : {
    "start" : 1656555303770,
    "stop" : 1656555304347,
    "duration" : 577
  },
  "status" : "passed",
  "severity" : "normal"
}, {
  "uid" : "f08704ae30eff2ca",
  "name" : "test_test_scene_1[test_case2]",
  "time" : {
    "start" : 1656555304226,
    "stop" : 1656555304867,
    "duration" : 641
  },
  "status" : "passed",
  "severity" : "normal"
}, {
  "uid" : "b16962ef38c87429",
  "name" : "test_test_scene_1[test_case0]",
  "time" : {
    "start" : 1656555303472,
    "stop" : 1656555303734,
    "duration" : 262
  },
  "status" : "passed",
  "severity" : "normal"
}, {
  "uid" : "bdf6de0af88c3204",
  "name" : "test_test_scene_1[test_case0]",
  "time" : {
    "start" : 1656555303358,
    "stop" : 1656555303756,
    "duration" : 398
  },
  "status" : "passed",
  "severity" : "normal"
}, {
  "uid" : "b719866c9b9ee736",
  "name" : "test_test_scene_1[test_case4]",
  "time" : {
    "start" : 1656555305503,
    "stop" : 1656555306050,
    "duration" : 547
  },
  "status" : "passed",
  "severity" : "normal"
}, {
  "uid" : "f637862c272e4c25",
  "name" : "test_test_scene_1[test_case3]",
  "time" : {
    "start" : 1656555304891,
    "stop" : 1656555305487,
    "duration" : 596
  },
  "status" : "passed",
  "severity" : "normal"
}, {
  "uid" : "287dba1007035a63",
  "name" : "test_test_scene_1[test_case0]",
  "time" : {
    "start" : 1656555303498,
    "stop" : 1656555303688,
    "duration" : 190
  },
  "status" : "passed",
  "severity" : "normal"
}, {
  "uid" : "eb2489fa280d7bd6",
  "name" : "test_test_scene_1[test_case1]",
  "time" : {
    "start" : 1656555303706,
    "stop" : 1656555304355,
    "duration" : 649
  },
  "status" : "passed",
  "severity" : "normal"
}, {
  "uid" : "833bd0ea2c6b1ba6",
  "name" : "test_test_scene_1[test_case2]",
  "time" : {
    "start" : 1656555304397,
    "stop" : 1656555304856,
    "duration" : 459
  },
  "status" : "passed",
  "severity" : "normal"
}, {
  "uid" : "acdeef381029b047",
  "name" : "test_test_scene_1[test_case3]",
  "time" : {
    "start" : 1656555304871,
    "stop" : 1656555305118,
    "duration" : 247
  },
  "status" : "passed",
  "severity" : "normal"
}, {
  "uid" : "cd02373c5e5cbc4b",
  "name" : "test_test_scene_1[test_case1]",
  "time" : {
    "start" : 1656555303749,
    "stop" : 1656555304214,
    "duration" : 465
  },
  "status" : "passed",
  "severity" : "normal"
} ]