{
  "7b94a35f76ab58821d02894eb57fc81d" : {
    "statistic" : {
      "failed" : 0,
      "broken" : 0,
      "skipped" : 0,
      "passed" : 1,
      "unknown" : 0,
      "total" : 1
    },
    "items" : [ {
      "uid" : "d49af3e978a6ce5c",
      "status" : "passed",
      "time" : {
        "start" : 1656553138115,
        "stop" : 1656553138558,
        "duration" : 443
      }
    } ]
  },
  "e1e532d9d683f438723ad738116874de" : {
    "statistic" : {
      "failed" : 0,
      "broken" : 0,
      "skipped" : 0,
      "passed" : 1,
      "unknown" : 0,
      "total" : 1
    },
    "items" : [ {
      "uid" : "60d93c68f5c60d50",
      "status" : "passed",
      "time" : {
        "start" : 1656553137668,
        "stop" : 1656553137931,
        "duration" : 263
      }
    } ]
  },
  "afd5b8fa437e3399bbab7bd1fc8918aa" : {
    "statistic" : {
      "failed" : 0,
      "broken" : 0,
      "skipped" : 0,
      "passed" : 1,
      "unknown" : 0,
      "total" : 1
    },
    "items" : [ {
      "uid" : "1c9387548acdf83",
      "status" : "passed",
      "time" : {
        "start" : 1656553137946,
        "stop" : 1656553138508,
        "duration" : 562
      }
    } ]
  },
  "5eb9c9872b02e08fe1274451c1752740" : {
    "statistic" : {
      "failed" : 0,
      "broken" : 0,
      "skipped" : 0,
      "passed" : 1,
      "unknown" : 0,
      "total" : 1
    },
    "items" : [ {
      "uid" : "f069570c3fff1d2f",
      "status" : "passed",
      "time" : {
        "start" : 1656553137668,
        "stop" : 1656553138059,
        "duration" : 391
      }
    } ]
  },
  "6a88c037cf1babac7c8d9389dfb6ca53" : {
    "statistic" : {
      "failed" : 0,
      "broken" : 0,
      "skipped" : 0,
      "passed" : 1,
      "unknown" : 0,
      "total" : 1
    },
    "items" : [ {
      "uid" : "e74fc3b18bf2eb9c",
      "status" : "passed",
      "time" : {
        "start" : 1656553138070,
        "stop" : 1656553138479,
        "duration" : 409
      }
    } ]
  },
  "00708f03bd1a1d2bb8d845792d5e67bd" : {
    "statistic" : {
      "failed" : 0,
      "broken" : 0,
      "skipped" : 0,
      "passed" : 1,
      "unknown" : 0,
      "total" : 1
    },
    "items" : [ {
      "uid" : "2dfdb10d9d24d9af",
      "status" : "passed",
      "time" : {
        "start" : 1656553138977,
        "stop" : 1656553139186,
        "duration" : 209
      }
    } ]
  },
  "e402d4f5afdb11afc56a2e52b250b8b7" : {
    "statistic" : {
      "failed" : 0,
      "broken" : 0,
      "skipped" : 0,
      "passed" : 1,
      "unknown" : 0,
      "total" : 1
    },
    "items" : [ {
      "uid" : "1409cc540f724599",
      "status" : "passed",
      "time" : {
        "start" : 1656553139545,
        "stop" : 1656553139938,
        "duration" : 393
      }
    } ]
  },
  "278b2a7c9ac43764fae6fc61727ae281" : {
    "statistic" : {
      "failed" : 0,
      "broken" : 0,
      "skipped" : 0,
      "passed" : 1,
      "unknown" : 0,
      "total" : 1
    },
    "items" : [ {
      "uid" : "d96cbd4e78b7d862",
      "status" : "passed",
      "time" : {
        "start" : 1656553138571,
        "stop" : 1656553138962,
        "duration" : 391
      }
    } ]
  },
  "7e77df6106fcf9ced14f70f67930cdfc" : {
    "statistic" : {
      "failed" : 0,
      "broken" : 0,
      "skipped" : 0,
      "passed" : 1,
      "unknown" : 0,
      "total" : 1
    },
    "items" : [ {
      "uid" : "8d242f0281aef5ae",
      "status" : "passed",
      "time" : {
        "start" : 1656553138489,
        "stop" : 1656553139044,
        "duration" : 555
      }
    } ]
  },
  "809b9577037b738935e0101a9a21b881" : {
    "statistic" : {
      "failed" : 0,
      "broken" : 0,
      "skipped" : 0,
      "passed" : 1,
      "unknown" : 0,
      "total" : 1
    },
    "items" : [ {
      "uid" : "72f3f8412711b1f2",
      "status" : "passed",
      "time" : {
        "start" : 1656553137669,
        "stop" : 1656553138105,
        "duration" : 436
      }
    } ]
  },
  "5e84cecda5358b45118a62c2769c8f30" : {
    "statistic" : {
      "failed" : 0,
      "broken" : 0,
      "skipped" : 0,
      "passed" : 1,
      "unknown" : 0,
      "total" : 1
    },
    "items" : [ {
      "uid" : "41a92189530ff061",
      "status" : "passed",
      "time" : {
        "start" : 1656553138516,
        "stop" : 1656553138958,
        "duration" : 442
      }
    } ]
  },
  "4cfac0c788c049c180e2f593ec96fd14" : {
    "statistic" : {
      "failed" : 0,
      "broken" : 0,
      "skipped" : 0,
      "passed" : 1,
      "unknown" : 0,
      "total" : 1
    },
    "items" : [ {
      "uid" : "937626f014febb0d",
      "status" : "passed",
      "time" : {
        "start" : 1656553139055,
        "stop" : 1656553139533,
        "duration" : 478
      }
    } ]
  }
}