"Status","Start Time","Stop Time","Duration in ms","Parent Suite","Suite","Sub Suite","Test Class","Test Method","Name","Description"
"passed","Thu Jun 30 09:35:02 CST 2022","Thu Jun 30 09:35:02 CST 2022","423","testCases.addInvoiceToConfirm","test_invoice_manage_Test_scene_1","","","","test_test_scene_1[test_case0]",""
"passed","Thu Jun 30 09:35:03 CST 2022","Thu Jun 30 09:35:03 CST 2022","495","testCases.blue","test_invoice_manage2_Test_scene_1","","","","test_test_scene_1[test_case2]",""
"passed","Thu Jun 30 09:35:02 CST 2022","Thu Jun 30 09:35:02 CST 2022","537","testCases.addInvoiceToConfirm","test_invoice_manage1_Test_scene_1","","","","test_test_scene_1[test_case0]",""
"passed","Thu Jun 30 09:35:02 CST 2022","Thu Jun 30 09:35:03 CST 2022","353","testCases.addInvoiceToConfirm","test_invoice_manage1_Test_scene_1","","","","test_test_scene_1[test_case1]",""
"passed","Thu Jun 30 09:35:02 CST 2022","Thu Jun 30 09:35:03 CST 2022","669","testCases.addInvoiceToConfirm","test_invoice_manage_Test_scene_1","","","","test_test_scene_1[test_case1]",""
"passed","Thu Jun 30 09:35:02 CST 2022","Thu Jun 30 09:35:02 CST 2022","368","testCases.blue","test_invoice_manage2_Test_scene_1","","","","test_test_scene_1[test_case0]",""
"passed","Thu Jun 30 09:35:04 CST 2022","Thu Jun 30 09:35:05 CST 2022","643","testCases.addInvoiceToConfirm","test_invoice_manage1_Test_scene_1","","","","test_test_scene_1[test_case4]",""
"passed","Thu Jun 30 09:35:03 CST 2022","Thu Jun 30 09:35:03 CST 2022","720","testCases.addInvoiceToConfirm","test_invoice_manage1_Test_scene_1","","","","test_test_scene_1[test_case2]",""
"passed","Thu Jun 30 09:35:03 CST 2022","Thu Jun 30 09:35:04 CST 2022","302","testCases.addInvoiceToConfirm","test_invoice_manage_Test_scene_1","","","","test_test_scene_1[test_case3]",""
"passed","Thu Jun 30 09:35:02 CST 2022","Thu Jun 30 09:35:03 CST 2022","681","testCases.blue","test_invoice_manage2_Test_scene_1","","","","test_test_scene_1[test_case1]",""
"passed","Thu Jun 30 09:35:03 CST 2022","Thu Jun 30 09:35:03 CST 2022","383","testCases.addInvoiceToConfirm","test_invoice_manage_Test_scene_1","","","","test_test_scene_1[test_case2]",""
"passed","Thu Jun 30 09:35:03 CST 2022","Thu Jun 30 09:35:04 CST 2022","767","testCases.addInvoiceToConfirm","test_invoice_manage1_Test_scene_1","","","","test_test_scene_1[test_case3]",""
