[ {
  "uid" : "188875dcd10eed34",
  "name" : "test_test_scene_1[test_case0]",
  "time" : {
    "start" : 1656555062885,
    "stop" : 1656555063225,
    "duration" : 340
  },
  "status" : "passed",
  "severity" : "normal"
}, {
  "uid" : "d7b0e59cd41807f1",
  "name" : "test_test_scene_1[test_case3]",
  "time" : {
    "start" : 1656555064219,
    "stop" : 1656555064796,
    "duration" : 577
  },
  "status" : "passed",
  "severity" : "normal"
}, {
  "uid" : "bf16d82f8b6d72c3",
  "name" : "test_test_scene_1[test_case1]",
  "time" : {
    "start" : 1656555063161,
    "stop" : 1656555063705,
    "duration" : 544
  },
  "status" : "passed",
  "severity" : "normal"
}, {
  "uid" : "8e030eb4fb2f5f4a",
  "name" : "test_test_scene_1[test_case2]",
  "time" : {
    "start" : 1656555063718,
    "stop" : 1656555063957,
    "duration" : 239
  },
  "status" : "passed",
  "severity" : "normal"
}, {
  "uid" : "bddf067c18c6aa43",
  "name" : "test_test_scene_1[test_case3]",
  "time" : {
    "start" : 1656555063969,
    "stop" : 1656555064162,
    "duration" : 193
  },
  "status" : "passed",
  "severity" : "normal"
}, {
  "uid" : "85a1addce99ff5d1",
  "name" : "test_test_scene_1[test_case4]",
  "time" : {
    "start" : 1656555064812,
    "stop" : 1656555065210,
    "duration" : 398
  },
  "status" : "passed",
  "severity" : "normal"
}, {
  "uid" : "557b5234e09877ae",
  "name" : "test_test_scene_1[test_case1]",
  "time" : {
    "start" : 1656555063235,
    "stop" : 1656555063584,
    "duration" : 349
  },
  "status" : "passed",
  "severity" : "normal"
}, {
  "uid" : "2389f44e10c32c04",
  "name" : "test_test_scene_1[test_case2]",
  "time" : {
    "start" : 1656555063799,
    "stop" : 1656555064156,
    "duration" : 357
  },
  "status" : "passed",
  "severity" : "normal"
}, {
  "uid" : "2741dc7837940ae4",
  "name" : "test_test_scene_1[test_case2]",
  "time" : {
    "start" : 1656555063593,
    "stop" : 1656555064210,
    "duration" : 617
  },
  "status" : "passed",
  "severity" : "normal"
}, {
  "uid" : "a8276bb7b69cff09",
  "name" : "test_test_scene_1[test_case1]",
  "time" : {
    "start" : 1656555063290,
    "stop" : 1656555063789,
    "duration" : 499
  },
  "status" : "passed",
  "severity" : "normal"
}, {
  "uid" : "11f2e6cc37a831ad",
  "name" : "test_test_scene_1[test_case0]",
  "time" : {
    "start" : 1656555062896,
    "stop" : 1656555063280,
    "duration" : 384
  },
  "status" : "passed",
  "severity" : "normal"
}, {
  "uid" : "c6db9f58d63a70f7",
  "name" : "test_test_scene_1[test_case0]",
  "time" : {
    "start" : 1656555062895,
    "stop" : 1656555063151,
    "duration" : 256
  },
  "status" : "passed",
  "severity" : "normal"
} ]