[ {
  "uid" : "b9442a094afce12e",
  "name" : "test_test_scene_1[test_case0]",
  "time" : {
    "start" : 1656554941505,
    "stop" : 1656554942020,
    "duration" : 515
  },
  "status" : "passed",
  "severity" : "normal"
}, {
  "uid" : "e2877e309527aba9",
  "name" : "test_test_scene_1[test_case2]",
  "time" : {
    "start" : 1656554942331,
    "stop" : 1656554943046,
    "duration" : 715
  },
  "status" : "passed",
  "severity" : "normal"
}, {
  "uid" : "1765178f590bc719",
  "name" : "test_test_scene_1[test_case1]",
  "time" : {
    "start" : 1656554942035,
    "stop" : 1656554942576,
    "duration" : 541
  },
  "status" : "passed",
  "severity" : "normal"
}, {
  "uid" : "7b5ad09056db36f4",
  "name" : "test_test_scene_1[test_case2]",
  "time" : {
    "start" : 1656554942563,
    "stop" : 1656554943048,
    "duration" : 485
  },
  "status" : "passed",
  "severity" : "normal"
}, {
  "uid" : "e467f6dc150b6687",
  "name" : "test_test_scene_1[test_case1]",
  "time" : {
    "start" : 1656554941871,
    "stop" : 1656554942320,
    "duration" : 449
  },
  "status" : "passed",
  "severity" : "normal"
}, {
  "uid" : "cd38c9d8d553b756",
  "name" : "test_test_scene_1[test_case0]",
  "time" : {
    "start" : 1656554941559,
    "stop" : 1656554941847,
    "duration" : 288
  },
  "status" : "passed",
  "severity" : "normal"
}, {
  "uid" : "483d98496abdcc4a",
  "name" : "test_test_scene_1[test_case0]",
  "time" : {
    "start" : 1656554941506,
    "stop" : 1656554941926,
    "duration" : 420
  },
  "status" : "passed",
  "severity" : "normal"
}, {
  "uid" : "20c65af292968299",
  "name" : "test_test_scene_1[test_case3]",
  "time" : {
    "start" : 1656554943155,
    "stop" : 1656554945633,
    "duration" : 2478
  },
  "status" : "passed",
  "severity" : "normal"
}, {
  "uid" : "13b2eb5ecbbae442",
  "name" : "test_test_scene_1[test_case3]",
  "time" : {
    "start" : 1656554943213,
    "stop" : 1656554944483,
    "duration" : 1270
  },
  "status" : "passed",
  "severity" : "normal"
}, {
  "uid" : "ffab88d93f4e6ddf",
  "name" : "test_test_scene_1[test_case4]",
  "time" : {
    "start" : 1656554945707,
    "stop" : 1656554946405,
    "duration" : 698
  },
  "status" : "passed",
  "severity" : "normal"
}, {
  "uid" : "7d3cd3f59a008159",
  "name" : "test_test_scene_1[test_case2]",
  "time" : {
    "start" : 1656554942593,
    "stop" : 1656554943305,
    "duration" : 712
  },
  "status" : "passed",
  "severity" : "normal"
}, {
  "uid" : "b7ca4450f2fe7ef9",
  "name" : "test_test_scene_1[test_case1]",
  "time" : {
    "start" : 1656554941940,
    "stop" : 1656554942535,
    "duration" : 595
  },
  "status" : "passed",
  "severity" : "normal"
} ]