[ {
  "uid" : "c5a71575b0d89f48",
  "name" : "test_test_scene_1[test_case0]",
  "time" : {
    "start" : 1656554824932,
    "stop" : 1656554825335,
    "duration" : 403
  },
  "status" : "passed",
  "severity" : "normal"
}, {
  "uid" : "80980cf2b148410a",
  "name" : "test_test_scene_1[test_case1]",
  "time" : {
    "start" : 1656554825368,
    "stop" : 1656554825974,
    "duration" : 606
  },
  "status" : "passed",
  "severity" : "normal"
}, {
  "uid" : "1c54cf61dd3a846e",
  "name" : "test_test_scene_1[test_case2]",
  "time" : {
    "start" : 1656554825998,
    "stop" : 1656554826299,
    "duration" : 301
  },
  "status" : "passed",
  "severity" : "normal"
}, {
  "uid" : "c30403d0f8eafed6",
  "name" : "test_test_scene_1[test_case4]",
  "time" : {
    "start" : 1656554827089,
    "stop" : 1656554827514,
    "duration" : 425
  },
  "status" : "passed",
  "severity" : "normal"
}, {
  "uid" : "31e964576aad64c4",
  "name" : "test_test_scene_1[test_case2]",
  "time" : {
    "start" : 1656554825995,
    "stop" : 1656554826392,
    "duration" : 397
  },
  "status" : "passed",
  "severity" : "normal"
}, {
  "uid" : "d41f7c7403e73df7",
  "name" : "test_test_scene_1[test_case0]",
  "time" : {
    "start" : 1656554824967,
    "stop" : 1656554825346,
    "duration" : 379
  },
  "status" : "passed",
  "severity" : "normal"
}, {
  "uid" : "40c2b7cabebb40ea",
  "name" : "test_test_scene_1[test_case1]",
  "time" : {
    "start" : 1656554825334,
    "stop" : 1656554825953,
    "duration" : 619
  },
  "status" : "passed",
  "severity" : "normal"
}, {
  "uid" : "de448d3733dbffed",
  "name" : "test_test_scene_1[test_case3]",
  "time" : {
    "start" : 1656554826316,
    "stop" : 1656554826531,
    "duration" : 215
  },
  "status" : "passed",
  "severity" : "normal"
}, {
  "uid" : "dc3567ea38dc7492",
  "name" : "test_test_scene_1[test_case3]",
  "time" : {
    "start" : 1656554826476,
    "stop" : 1656554827066,
    "duration" : 590
  },
  "status" : "passed",
  "severity" : "normal"
}, {
  "uid" : "b97e08f6aa672ee0",
  "name" : "test_test_scene_1[test_case0]",
  "time" : {
    "start" : 1656554824929,
    "stop" : 1656554825312,
    "duration" : 383
  },
  "status" : "passed",
  "severity" : "normal"
}, {
  "uid" : "a9b576362c033e65",
  "name" : "test_test_scene_1[test_case2]",
  "time" : {
    "start" : 1656554825843,
    "stop" : 1656554826457,
    "duration" : 614
  },
  "status" : "passed",
  "severity" : "normal"
}, {
  "uid" : "b7b2f150ef6534de",
  "name" : "test_test_scene_1[test_case1]",
  "time" : {
    "start" : 1656554825355,
    "stop" : 1656554825831,
    "duration" : 476
  },
  "status" : "passed",
  "severity" : "normal"
} ]