"Status","Start Time","Stop Time","Duration in ms","Parent Suite","Suite","Sub Suite","Test Class","Test Method","Name","Description"
"passed","Thu Jun 30 09:29:02 CST 2022","Thu Jun 30 09:29:02 CST 2022","477","testCases.addInvoiceToConfirm","test_invoice_manage1_Test_scene_1","","","","test_test_scene_1[test_case4]",""
"passed","Thu Jun 30 09:29:01 CST 2022","Thu Jun 30 09:29:01 CST 2022","207","testCases.addInvoiceToConfirm","test_invoice_manage_Test_scene_1","","","","test_test_scene_1[test_case3]",""
"passed","Thu Jun 30 09:29:01 CST 2022","Thu Jun 30 09:29:01 CST 2022","320","testCases.addInvoiceToConfirm","test_invoice_manage_Test_scene_1","","","","test_test_scene_1[test_case2]",""
"passed","Thu Jun 30 09:29:00 CST 2022","Thu Jun 30 09:29:01 CST 2022","451","testCases.addInvoiceToConfirm","test_invoice_manage1_Test_scene_1","","","","test_test_scene_1[test_case1]",""
"passed","Thu Jun 30 09:29:00 CST 2022","Thu Jun 30 09:29:01 CST 2022","819","testCases.blue","test_invoice_manage2_Test_scene_1","","","","test_test_scene_1[test_case0]",""
"passed","Thu Jun 30 09:29:00 CST 2022","Thu Jun 30 09:29:00 CST 2022","349","testCases.addInvoiceToConfirm","test_invoice_manage1_Test_scene_1","","","","test_test_scene_1[test_case0]",""
"passed","Thu Jun 30 09:29:01 CST 2022","Thu Jun 30 09:29:01 CST 2022","631","testCases.addInvoiceToConfirm","test_invoice_manage1_Test_scene_1","","","","test_test_scene_1[test_case2]",""
"passed","Thu Jun 30 09:29:01 CST 2022","Thu Jun 30 09:29:01 CST 2022","677","testCases.blue","test_invoice_manage2_Test_scene_1","","","","test_test_scene_1[test_case1]",""
"passed","Thu Jun 30 09:29:00 CST 2022","Thu Jun 30 09:29:00 CST 2022","436","testCases.addInvoiceToConfirm","test_invoice_manage_Test_scene_1","","","","test_test_scene_1[test_case0]",""
"passed","Thu Jun 30 09:29:00 CST 2022","Thu Jun 30 09:29:01 CST 2022","604","testCases.addInvoiceToConfirm","test_invoice_manage_Test_scene_1","","","","test_test_scene_1[test_case1]",""
"passed","Thu Jun 30 09:29:01 CST 2022","Thu Jun 30 09:29:02 CST 2022","568","testCases.addInvoiceToConfirm","test_invoice_manage1_Test_scene_1","","","","test_test_scene_1[test_case3]",""
"passed","Thu Jun 30 09:29:01 CST 2022","Thu Jun 30 09:29:02 CST 2022","549","testCases.blue","test_invoice_manage2_Test_scene_1","","","","test_test_scene_1[test_case2]",""
