"Status","Start Time","Stop Time","Duration in ms","Parent Suite","Suite","Sub Suite","Test Class","Test Method","Name","Description"
"passed","Thu Jun 30 10:11:02 CST 2022","Thu Jun 30 10:11:03 CST 2022","340","testCases.addInvoiceToConfirm","test_invoice_manage1_Test_scene_1","","","","test_test_scene_1[test_case0]",""
"passed","Thu Jun 30 10:11:04 CST 2022","Thu Jun 30 10:11:04 CST 2022","577","testCases.addInvoiceToConfirm","test_invoice_manage1_Test_scene_1","","","","test_test_scene_1[test_case3]",""
"passed","Thu Jun 30 10:11:03 CST 2022","Thu Jun 30 10:11:03 CST 2022","544","testCases.addInvoiceToConfirm","test_invoice_manage_Test_scene_1","","","","test_test_scene_1[test_case1]",""
"passed","Thu Jun 30 10:11:03 CST 2022","Thu Jun 30 10:11:03 CST 2022","239","testCases.addInvoiceToConfirm","test_invoice_manage_Test_scene_1","","","","test_test_scene_1[test_case2]",""
"passed","Thu Jun 30 10:11:03 CST 2022","Thu Jun 30 10:11:04 CST 2022","193","testCases.addInvoiceToConfirm","test_invoice_manage_Test_scene_1","","","","test_test_scene_1[test_case3]",""
"passed","Thu Jun 30 10:11:04 CST 2022","Thu Jun 30 10:11:05 CST 2022","398","testCases.addInvoiceToConfirm","test_invoice_manage1_Test_scene_1","","","","test_test_scene_1[test_case4]",""
"passed","Thu Jun 30 10:11:03 CST 2022","Thu Jun 30 10:11:03 CST 2022","349","testCases.addInvoiceToConfirm","test_invoice_manage1_Test_scene_1","","","","test_test_scene_1[test_case1]",""
"passed","Thu Jun 30 10:11:03 CST 2022","Thu Jun 30 10:11:04 CST 2022","357","testCases.blue","test_invoice_manage2_Test_scene_1","","","","test_test_scene_1[test_case2]",""
"passed","Thu Jun 30 10:11:03 CST 2022","Thu Jun 30 10:11:04 CST 2022","617","testCases.addInvoiceToConfirm","test_invoice_manage1_Test_scene_1","","","","test_test_scene_1[test_case2]",""
"passed","Thu Jun 30 10:11:03 CST 2022","Thu Jun 30 10:11:03 CST 2022","499","testCases.blue","test_invoice_manage2_Test_scene_1","","","","test_test_scene_1[test_case1]",""
"passed","Thu Jun 30 10:11:02 CST 2022","Thu Jun 30 10:11:03 CST 2022","384","testCases.blue","test_invoice_manage2_Test_scene_1","","","","test_test_scene_1[test_case0]",""
"passed","Thu Jun 30 10:11:02 CST 2022","Thu Jun 30 10:11:03 CST 2022","256","testCases.addInvoiceToConfirm","test_invoice_manage_Test_scene_1","","","","test_test_scene_1[test_case0]",""
