{
  "0f1c7dc76fac7106b967823ba1c4190e" : {
    "statistic" : {
      "failed" : 0,
      "broken" : 0,
      "skipped" : 0,
      "passed" : 1,
      "unknown" : 0,
      "total" : 1
    },
    "items" : [ {
      "uid" : "8e7fb961c73b187b",
      "status" : "passed",
      "time" : {
        "start" : 1687944167311,
        "stop" : 1687944167311,
        "duration" : 0
      }
    } ]
  },
  "bc9880d8614df209dbcda5de753ff43c" : {
    "statistic" : {
      "failed" : 0,
      "broken" : 0,
      "skipped" : 0,
      "passed" : 1,
      "unknown" : 0,
      "total" : 1
    },
    "items" : [ {
      "uid" : "a563c878ca47966b",
      "status" : "passed",
      "time" : {
        "start" : 1687944167311,
        "stop" : 1687944167311,
        "duration" : 0
      }
    } ]
  },
  "ebb139d06ae9f35b6b1ab397262d4657" : {
    "statistic" : {
      "failed" : 0,
      "broken" : 0,
      "skipped" : 0,
      "passed" : 1,
      "unknown" : 0,
      "total" : 1
    },
    "items" : [ {
      "uid" : "b1633b14b9e1fef3",
      "status" : "passed",
      "time" : {
        "start" : 1687944167311,
        "stop" : 1687944167311,
        "duration" : 0
      }
    } ]
  },
  "30363634153052517fa3bdf6c753fcf8" : {
    "statistic" : {
      "failed" : 0,
      "broken" : 0,
      "skipped" : 0,
      "passed" : 1,
      "unknown" : 0,
      "total" : 1
    },
    "items" : [ {
      "uid" : "5bf6cbdcefabcaa",
      "status" : "passed",
      "time" : {
        "start" : 1687944167296,
        "stop" : 1687944167296,
        "duration" : 0
      }
    } ]
  },
  "09b9d018b4cec6ba76c3dc15398d6f10" : {
    "statistic" : {
      "failed" : 0,
      "broken" : 0,
      "skipped" : 0,
      "passed" : 1,
      "unknown" : 0,
      "total" : 1
    },
    "items" : [ {
      "uid" : "b56fe5470a5a9e1f",
      "status" : "passed",
      "time" : {
        "start" : 1687944167296,
        "stop" : 1687944167296,
        "duration" : 0
      }
    } ]
  },
  "698040e8ea63d09389c0e4098fd54827" : {
    "statistic" : {
      "failed" : 0,
      "broken" : 0,
      "skipped" : 0,
      "passed" : 1,
      "unknown" : 0,
      "total" : 1
    },
    "items" : [ {
      "uid" : "ad9c034b12cdda3c",
      "status" : "passed",
      "time" : {
        "start" : 1687944167311,
        "stop" : 1687944167311,
        "duration" : 0
      }
    } ]
  }
}