{
  "bc9880d8614df209dbcda5de753ff43c" : {
    "statistic" : {
      "failed" : 0,
      "broken" : 0,
      "skipped" : 0,
      "passed" : 1,
      "unknown" : 0,
      "total" : 1
    },
    "items" : [ {
      "uid" : "66d2e78a57eff95a",
      "status" : "passed",
      "time" : {
        "start" : 1687919727198,
        "stop" : 1687919727198,
        "duration" : 0
      }
    } ]
  },
  "09b9d018b4cec6ba76c3dc15398d6f10" : {
    "statistic" : {
      "failed" : 0,
      "broken" : 0,
      "skipped" : 0,
      "passed" : 1,
      "unknown" : 0,
      "total" : 1
    },
    "items" : [ {
      "uid" : "7431a90260a4474d",
      "status" : "passed",
      "time" : {
        "start" : 1687919727188,
        "stop" : 1687919727188,
        "duration" : 0
      }
    } ]
  },
  "30363634153052517fa3bdf6c753fcf8" : {
    "statistic" : {
      "failed" : 0,
      "broken" : 0,
      "skipped" : 0,
      "passed" : 1,
      "unknown" : 0,
      "total" : 1
    },
    "items" : [ {
      "uid" : "13482d02d99bf7ce",
      "status" : "passed",
      "time" : {
        "start" : 1687919727188,
        "stop" : 1687919727188,
        "duration" : 0
      }
    } ]
  }
}