{
  "uid" : "4b4757e66a1912dae1a509f688f20b0f",
  "name" : "categories",
  "children" : [ {
    "name" : "Test defects",
    "children" : [ {
      "name" : "AttributeError: 'NoneType' object has no attribute 'get'",
      "children" : [ {
        "name" : "test_test_scene_1[test_case2]",
        "uid" : "ea088f006058e15b",
        "parentUid" : "4fdd8ecb15a7c385dab7798f3af15cca",
        "status" : "broken",
        "time" : {
          "start" : 1656553024977,
          "stop" : 1656553024980,
          "duration" : 3
        },
        "flaky" : false,
        "newFailed" : false,
        "newPassed" : false,
        "newBroken" : false,
        "retriesCount" : 0,
        "retriesStatusChange" : false,
        "parameters" : [ "{'batchInvoice': {'step_3': {'script': {'request_header': {'Method': 'post', 'path': '/mage/draft/batchInvoice', 'Connection': 'keep-alive', 'Content-Type': 'application/x-www-form-urlencoded', 'timeout': 10, 'sleep_time': 0, 'is_login': True}, 'request_body': {'str': '$DB{id}'}, 'check_body': {'check_json': {'check_type': 'perfect_match', 'expected_code': 200, 'expected_result': 'batchInvoice_response.json'}}}, 'data': {'sql': \"['select id from t_invoice_trans where business_no = $Req{blue.data.businessNo}']\"}}}}" ]
      } ],
      "uid" : "4fdd8ecb15a7c385dab7798f3af15cca"
    } ],
    "uid" : "bdbf199525818fae7a8651db9eafe741"
  } ]
}