"Status","Start Time","Stop Time","Duration in ms","Parent Suite","Suite","Sub Suite","Test Class","Test Method","Name","Description"
"passed","Thu Jun 30 09:37:03 CST 2022","Thu Jun 30 09:37:04 CST 2022","393","testCases.blue","test_invoice_manage2_Test_scene_1","","","","test_test_scene_1[test_case0]",""
"passed","Thu Jun 30 09:37:04 CST 2022","Thu Jun 30 09:37:05 CST 2022","691","testCases.addInvoiceToConfirm","test_invoice_manage_Test_scene_1","","","","test_test_scene_1[test_case1]",""
"passed","Thu Jun 30 09:37:04 CST 2022","Thu Jun 30 09:37:04 CST 2022","652","testCases.blue","test_invoice_manage2_Test_scene_1","","","","test_test_scene_1[test_case1]",""
"passed","Thu Jun 30 09:37:03 CST 2022","Thu Jun 30 09:37:04 CST 2022","347","testCases.addInvoiceToConfirm","test_invoice_manage1_Test_scene_1","","","","test_test_scene_1[test_case0]",""
"passed","Thu Jun 30 09:37:04 CST 2022","Thu Jun 30 09:37:04 CST 2022","446","testCases.addInvoiceToConfirm","test_invoice_manage1_Test_scene_1","","","","test_test_scene_1[test_case1]",""
"passed","Thu Jun 30 09:37:05 CST 2022","Thu Jun 30 09:37:05 CST 2022","235","testCases.addInvoiceToConfirm","test_invoice_manage_Test_scene_1","","","","test_test_scene_1[test_case3]",""
"broken","Thu Jun 30 09:37:04 CST 2022","Thu Jun 30 09:37:04 CST 2022","3","testCases.blue","test_invoice_manage2_Test_scene_1","","","","test_test_scene_1[test_case2]",""
"passed","Thu Jun 30 09:37:05 CST 2022","Thu Jun 30 09:37:05 CST 2022","387","testCases.addInvoiceToConfirm","test_invoice_manage_Test_scene_1","","","","test_test_scene_1[test_case2]",""
"passed","Thu Jun 30 09:37:05 CST 2022","Thu Jun 30 09:37:05 CST 2022","489","testCases.addInvoiceToConfirm","test_invoice_manage1_Test_scene_1","","","","test_test_scene_1[test_case3]",""
"passed","Thu Jun 30 09:37:03 CST 2022","Thu Jun 30 09:37:04 CST 2022","394","testCases.addInvoiceToConfirm","test_invoice_manage_Test_scene_1","","","","test_test_scene_1[test_case0]",""
"passed","Thu Jun 30 09:37:05 CST 2022","Thu Jun 30 09:37:06 CST 2022","464","testCases.addInvoiceToConfirm","test_invoice_manage1_Test_scene_1","","","","test_test_scene_1[test_case4]",""
"passed","Thu Jun 30 09:37:04 CST 2022","Thu Jun 30 09:37:05 CST 2022","687","testCases.addInvoiceToConfirm","test_invoice_manage1_Test_scene_1","","","","test_test_scene_1[test_case2]",""
