{
  "7b94a35f76ab58821d02894eb57fc81d" : {
    "statistic" : {
      "failed" : 0,
      "broken" : 0,
      "skipped" : 0,
      "passed" : 1,
      "unknown" : 0,
      "total" : 1
    },
    "items" : [ {
      "uid" : "5660962bfd0aa76",
      "status" : "passed",
      "time" : {
        "start" : 1656554706010,
        "stop" : 1656554706770,
        "duration" : 760
      }
    } ]
  },
  "afd5b8fa437e3399bbab7bd1fc8918aa" : {
    "statistic" : {
      "failed" : 0,
      "broken" : 0,
      "skipped" : 0,
      "passed" : 1,
      "unknown" : 0,
      "total" : 1
    },
    "items" : [ {
      "uid" : "5cc89c5193e2ffbf",
      "status" : "passed",
      "time" : {
        "start" : 1656554705992,
        "stop" : 1656554707084,
        "duration" : 1092
      }
    } ]
  },
  "e1e532d9d683f438723ad738116874de" : {
    "statistic" : {
      "failed" : 0,
      "broken" : 0,
      "skipped" : 0,
      "passed" : 1,
      "unknown" : 0,
      "total" : 1
    },
    "items" : [ {
      "uid" : "7c1a95e99b505554",
      "status" : "passed",
      "time" : {
        "start" : 1656554705537,
        "stop" : 1656554705974,
        "duration" : 437
      }
    } ]
  },
  "5eb9c9872b02e08fe1274451c1752740" : {
    "statistic" : {
      "failed" : 0,
      "broken" : 0,
      "skipped" : 0,
      "passed" : 1,
      "unknown" : 0,
      "total" : 1
    },
    "items" : [ {
      "uid" : "6a05aa6b576a1845",
      "status" : "passed",
      "time" : {
        "start" : 1656554705526,
        "stop" : 1656554705824,
        "duration" : 298
      }
    } ]
  },
  "6a88c037cf1babac7c8d9389dfb6ca53" : {
    "statistic" : {
      "failed" : 0,
      "broken" : 0,
      "skipped" : 0,
      "passed" : 1,
      "unknown" : 0,
      "total" : 1
    },
    "items" : [ {
      "uid" : "3e9ac464b9c86635",
      "status" : "passed",
      "time" : {
        "start" : 1656554705837,
        "stop" : 1656554706296,
        "duration" : 459
      }
    } ]
  },
  "00708f03bd1a1d2bb8d845792d5e67bd" : {
    "statistic" : {
      "failed" : 0,
      "broken" : 0,
      "skipped" : 0,
      "passed" : 1,
      "unknown" : 0,
      "total" : 1
    },
    "items" : [ {
      "uid" : "b4d7e042c5ef2ee8",
      "status" : "passed",
      "time" : {
        "start" : 1656554707501,
        "stop" : 1656554707713,
        "duration" : 212
      }
    } ]
  },
  "e402d4f5afdb11afc56a2e52b250b8b7" : {
    "statistic" : {
      "failed" : 0,
      "broken" : 0,
      "skipped" : 0,
      "passed" : 1,
      "unknown" : 0,
      "total" : 1
    },
    "items" : [ {
      "uid" : "160b4dc5a9c1b433",
      "status" : "passed",
      "time" : {
        "start" : 1656554708198,
        "stop" : 1656554708697,
        "duration" : 499
      }
    } ]
  },
  "278b2a7c9ac43764fae6fc61727ae281" : {
    "statistic" : {
      "failed" : 0,
      "broken" : 0,
      "skipped" : 0,
      "passed" : 1,
      "unknown" : 0,
      "total" : 1
    },
    "items" : [ {
      "uid" : "20e945aedcc5965e",
      "status" : "passed",
      "time" : {
        "start" : 1656554707043,
        "stop" : 1656554707491,
        "duration" : 448
      }
    } ]
  },
  "809b9577037b738935e0101a9a21b881" : {
    "statistic" : {
      "failed" : 0,
      "broken" : 0,
      "skipped" : 0,
      "passed" : 1,
      "unknown" : 0,
      "total" : 1
    },
    "items" : [ {
      "uid" : "626e06639ef640f4",
      "status" : "passed",
      "time" : {
        "start" : 1656554705761,
        "stop" : 1656554705997,
        "duration" : 236
      }
    } ]
  },
  "7e77df6106fcf9ced14f70f67930cdfc" : {
    "statistic" : {
      "failed" : 0,
      "broken" : 0,
      "skipped" : 0,
      "passed" : 1,
      "unknown" : 0,
      "total" : 1
    },
    "items" : [ {
      "uid" : "d0512bb5ceaf3ebc",
      "status" : "passed",
      "time" : {
        "start" : 1656554706315,
        "stop" : 1656554707568,
        "duration" : 1253
      }
    } ]
  },
  "5e84cecda5358b45118a62c2769c8f30" : {
    "statistic" : {
      "failed" : 0,
      "broken" : 0,
      "skipped" : 0,
      "passed" : 1,
      "unknown" : 0,
      "total" : 1
    },
    "items" : [ {
      "uid" : "91172dc53c1c7189",
      "status" : "passed",
      "time" : {
        "start" : 1656554707106,
        "stop" : 1656554707492,
        "duration" : 386
      }
    } ]
  },
  "4cfac0c788c049c180e2f593ec96fd14" : {
    "statistic" : {
      "failed" : 0,
      "broken" : 0,
      "skipped" : 0,
      "passed" : 1,
      "unknown" : 0,
      "total" : 1
    },
    "items" : [ {
      "uid" : "83d3f7e18c03bd6c",
      "status" : "passed",
      "time" : {
        "start" : 1656554707579,
        "stop" : 1656554708188,
        "duration" : 609
      }
    } ]
  }
}