"Status","Start Time","Stop Time","Duration in ms","Parent Suite","Suite","Sub Suite","Test Class","Test Method","Name","Description"
"broken","Fri Jul 01 10:21:02 CST 2022","Fri Jul 01 10:21:02 CST 2022","0","testCases.addInvoiceToConfirm","test_invoice_manage1_Test_scene_1","","","","test_test_scene_1[test_case4]",""
"broken","Fri Jul 01 10:21:02 CST 2022","Fri Jul 01 10:21:02 CST 2022","0","testCases.blue","test_invoice_manage2_Test_scene_1","","","","test_test_scene_1[test_case2]",""
"broken","Fri Jul 01 10:21:02 CST 2022","Fri Jul 01 10:21:02 CST 2022","0","testCases.addInvoiceToConfirm","test_invoice_manage1_Test_scene_1","","","","test_test_scene_1[test_case3]",""
"passed","Fri Jul 01 10:21:01 CST 2022","Fri Jul 01 10:21:01 CST 2022","297","testCases.blue","test_invoice_manage2_Test_scene_1","","","","test_test_scene_1[test_case0]",""
"broken","Fri Jul 01 10:21:01 CST 2022","Fri Jul 01 10:21:01 CST 2022","0","testCases.blue","test_invoice_manage2_Test_scene_1","","","","test_test_scene_1[test_case1]",""
"broken","Fri Jul 01 10:21:01 CST 2022","Fri Jul 01 10:21:01 CST 2022","234","testCases.addInvoiceToConfirm","test_invoice_manage_Test_scene_1","","","","test_test_scene_1[test_case0]",""
"broken","Fri Jul 01 10:21:02 CST 2022","Fri Jul 01 10:21:02 CST 2022","0","testCases.addInvoiceToConfirm","test_invoice_manage1_Test_scene_1","","","","test_test_scene_1[test_case1]",""
"broken","Fri Jul 01 10:21:02 CST 2022","Fri Jul 01 10:21:02 CST 2022","0","testCases.addInvoiceToConfirm","test_invoice_manage_Test_scene_1","","","","test_test_scene_1[test_case3]",""
"broken","Fri Jul 01 10:21:02 CST 2022","Fri Jul 01 10:21:02 CST 2022","0","testCases.addInvoiceToConfirm","test_invoice_manage_Test_scene_1","","","","test_test_scene_1[test_case2]",""
"broken","Fri Jul 01 10:21:02 CST 2022","Fri Jul 01 10:21:02 CST 2022","0","testCases.addInvoiceToConfirm","test_invoice_manage1_Test_scene_1","","","","test_test_scene_1[test_case2]",""
"broken","Fri Jul 01 10:21:01 CST 2022","Fri Jul 01 10:21:01 CST 2022","312","testCases.addInvoiceToConfirm","test_invoice_manage1_Test_scene_1","","","","test_test_scene_1[test_case0]",""
"broken","Fri Jul 01 10:21:02 CST 2022","Fri Jul 01 10:21:02 CST 2022","0","testCases.addInvoiceToConfirm","test_invoice_manage_Test_scene_1","","","","test_test_scene_1[test_case1]",""
