[ {
  "uid" : "368e13bff28dda51",
  "name" : "test_1",
  "time" : {
    "start" : 1687943938216,
    "stop" : 1687943938216,
    "duration" : 0
  },
  "status" : "passed",
  "severity" : "normal"
}, {
  "uid" : "d46213d784115ba8",
  "name" : "test_3",
  "time" : {
    "start" : 1687943938216,
    "stop" : 1687943938216,
    "duration" : 0
  },
  "status" : "passed",
  "severity" : "normal"
}, {
  "uid" : "e0b4dfea433836c",
  "name" : "test_3",
  "time" : {
    "start" : 1687943938216,
    "stop" : 1687943938216,
    "duration" : 0
  },
  "status" : "passed",
  "severity" : "normal"
}, {
  "uid" : "2c24f6d6f9cb2803",
  "name" : "test_2",
  "time" : {
    "start" : 1687943938216,
    "stop" : 1687943938216,
    "duration" : 0
  },
  "status" : "passed",
  "severity" : "normal"
}, {
  "uid" : "a450123a17011940",
  "name" : "test_1",
  "time" : {
    "start" : 1687943938201,
    "stop" : 1687943938201,
    "duration" : 0
  },
  "status" : "passed",
  "severity" : "normal"
}, {
  "uid" : "96968d2af8cad7e9",
  "name" : "test_2",
  "time" : {
    "start" : 1687943938201,
    "stop" : 1687943938201,
    "duration" : 0
  },
  "status" : "passed",
  "severity" : "normal"
} ]