"Status","Start Time","Stop Time","Duration in ms","Parent Suite","Suite","Sub Suite","Test Class","Test Method","Name","Description"
"passed","Thu Jun 30 09:38:59 CST 2022","Thu Jun 30 09:38:59 CST 2022","393","testCases.addInvoiceToConfirm","test_invoice_manage1_Test_scene_1","","","","test_test_scene_1[test_case4]",""
"passed","Thu Jun 30 09:38:57 CST 2022","Thu Jun 30 09:38:57 CST 2022","263","testCases.blue","test_invoice_manage2_Test_scene_1","","","","test_test_scene_1[test_case0]",""
"passed","Thu Jun 30 09:38:57 CST 2022","Thu Jun 30 09:38:58 CST 2022","391","testCases.addInvoiceToConfirm","test_invoice_manage1_Test_scene_1","","","","test_test_scene_1[test_case0]",""
"passed","Thu Jun 30 09:38:58 CST 2022","Thu Jun 30 09:38:58 CST 2022","443","testCases.addInvoiceToConfirm","test_invoice_manage_Test_scene_1","","","","test_test_scene_1[test_case1]",""
"passed","Thu Jun 30 09:38:58 CST 2022","Thu Jun 30 09:38:59 CST 2022","555","testCases.addInvoiceToConfirm","test_invoice_manage1_Test_scene_1","","","","test_test_scene_1[test_case2]",""
"passed","Thu Jun 30 09:38:58 CST 2022","Thu Jun 30 09:38:58 CST 2022","409","testCases.addInvoiceToConfirm","test_invoice_manage1_Test_scene_1","","","","test_test_scene_1[test_case1]",""
"passed","Thu Jun 30 09:38:58 CST 2022","Thu Jun 30 09:38:59 CST 2022","209","testCases.addInvoiceToConfirm","test_invoice_manage_Test_scene_1","","","","test_test_scene_1[test_case3]",""
"passed","Thu Jun 30 09:38:59 CST 2022","Thu Jun 30 09:38:59 CST 2022","478","testCases.addInvoiceToConfirm","test_invoice_manage1_Test_scene_1","","","","test_test_scene_1[test_case3]",""
"passed","Thu Jun 30 09:38:58 CST 2022","Thu Jun 30 09:38:58 CST 2022","442","testCases.blue","test_invoice_manage2_Test_scene_1","","","","test_test_scene_1[test_case2]",""
"passed","Thu Jun 30 09:38:58 CST 2022","Thu Jun 30 09:38:58 CST 2022","391","testCases.addInvoiceToConfirm","test_invoice_manage_Test_scene_1","","","","test_test_scene_1[test_case2]",""
"passed","Thu Jun 30 09:38:57 CST 2022","Thu Jun 30 09:38:58 CST 2022","436","testCases.addInvoiceToConfirm","test_invoice_manage_Test_scene_1","","","","test_test_scene_1[test_case0]",""
"passed","Thu Jun 30 09:38:57 CST 2022","Thu Jun 30 09:38:58 CST 2022","562","testCases.blue","test_invoice_manage2_Test_scene_1","","","","test_test_scene_1[test_case1]",""
