{
  "e1e532d9d683f438723ad738116874de" : {
    "statistic" : {
      "failed" : 0,
      "broken" : 0,
      "skipped" : 0,
      "passed" : 1,
      "unknown" : 0,
      "total" : 1
    },
    "items" : [ {
      "uid" : "f37f996f64b3cecb",
      "status" : "passed",
      "time" : {
        "start" : 1656553023898,
        "stop" : 1656553024291,
        "duration" : 393
      }
    } ]
  },
  "afd5b8fa437e3399bbab7bd1fc8918aa" : {
    "statistic" : {
      "failed" : 0,
      "broken" : 0,
      "skipped" : 0,
      "passed" : 1,
      "unknown" : 0,
      "total" : 1
    },
    "items" : [ {
      "uid" : "6e91a3d1e8e0bce8",
      "status" : "passed",
      "time" : {
        "start" : 1656553024308,
        "stop" : 1656553024960,
        "duration" : 652
      }
    } ]
  },
  "7b94a35f76ab58821d02894eb57fc81d" : {
    "statistic" : {
      "failed" : 0,
      "broken" : 0,
      "skipped" : 0,
      "passed" : 1,
      "unknown" : 0,
      "total" : 1
    },
    "items" : [ {
      "uid" : "ec6fa901bd90a5d2",
      "status" : "passed",
      "time" : {
        "start" : 1656553024317,
        "stop" : 1656553025008,
        "duration" : 691
      }
    } ]
  },
  "5eb9c9872b02e08fe1274451c1752740" : {
    "statistic" : {
      "failed" : 0,
      "broken" : 0,
      "skipped" : 0,
      "passed" : 1,
      "unknown" : 0,
      "total" : 1
    },
    "items" : [ {
      "uid" : "fdcafc4683c423b0",
      "status" : "passed",
      "time" : {
        "start" : 1656553023930,
        "stop" : 1656553024277,
        "duration" : 347
      }
    } ]
  },
  "6a88c037cf1babac7c8d9389dfb6ca53" : {
    "statistic" : {
      "failed" : 0,
      "broken" : 0,
      "skipped" : 0,
      "passed" : 1,
      "unknown" : 0,
      "total" : 1
    },
    "items" : [ {
      "uid" : "cdfa14a3e2cc1fbb",
      "status" : "passed",
      "time" : {
        "start" : 1656553024295,
        "stop" : 1656553024741,
        "duration" : 446
      }
    } ]
  },
  "00708f03bd1a1d2bb8d845792d5e67bd" : {
    "statistic" : {
      "failed" : 0,
      "broken" : 0,
      "skipped" : 0,
      "passed" : 1,
      "unknown" : 0,
      "total" : 1
    },
    "items" : [ {
      "uid" : "5b8a7a432ad7ed03",
      "status" : "passed",
      "time" : {
        "start" : 1656553025467,
        "stop" : 1656553025702,
        "duration" : 235
      }
    } ]
  },
  "e402d4f5afdb11afc56a2e52b250b8b7" : {
    "statistic" : {
      "failed" : 0,
      "broken" : 0,
      "skipped" : 0,
      "passed" : 1,
      "unknown" : 0,
      "total" : 1
    },
    "items" : [ {
      "uid" : "b36d45ba7bd49d7c",
      "status" : "passed",
      "time" : {
        "start" : 1656553025971,
        "stop" : 1656553026435,
        "duration" : 464
      }
    } ]
  },
  "278b2a7c9ac43764fae6fc61727ae281" : {
    "statistic" : {
      "failed" : 0,
      "broken" : 0,
      "skipped" : 0,
      "passed" : 1,
      "unknown" : 0,
      "total" : 1
    },
    "items" : [ {
      "uid" : "6c2948586f3c71f8",
      "status" : "passed",
      "time" : {
        "start" : 1656553025028,
        "stop" : 1656553025415,
        "duration" : 387
      }
    } ]
  },
  "7e77df6106fcf9ced14f70f67930cdfc" : {
    "statistic" : {
      "failed" : 0,
      "broken" : 0,
      "skipped" : 0,
      "passed" : 1,
      "unknown" : 0,
      "total" : 1
    },
    "items" : [ {
      "uid" : "99e3df86e9ce7e3a",
      "status" : "passed",
      "time" : {
        "start" : 1656553024758,
        "stop" : 1656553025445,
        "duration" : 687
      }
    } ]
  },
  "809b9577037b738935e0101a9a21b881" : {
    "statistic" : {
      "failed" : 0,
      "broken" : 0,
      "skipped" : 0,
      "passed" : 1,
      "unknown" : 0,
      "total" : 1
    },
    "items" : [ {
      "uid" : "141468b2002f1c60",
      "status" : "passed",
      "time" : {
        "start" : 1656553023898,
        "stop" : 1656553024292,
        "duration" : 394
      }
    } ]
  },
  "5e84cecda5358b45118a62c2769c8f30" : {
    "statistic" : {
      "failed" : 0,
      "broken" : 1,
      "skipped" : 0,
      "passed" : 0,
      "unknown" : 0,
      "total" : 1
    },
    "items" : [ {
      "uid" : "ea088f006058e15b",
      "status" : "broken",
      "statusDetails" : "AttributeError: 'NoneType' object has no attribute 'get'",
      "time" : {
        "start" : 1656553024977,
        "stop" : 1656553024980,
        "duration" : 3
      }
    } ]
  },
  "4cfac0c788c049c180e2f593ec96fd14" : {
    "statistic" : {
      "failed" : 0,
      "broken" : 0,
      "skipped" : 0,
      "passed" : 1,
      "unknown" : 0,
      "total" : 1
    },
    "items" : [ {
      "uid" : "40b622b3dbfaa937",
      "status" : "passed",
      "time" : {
        "start" : 1656553025461,
        "stop" : 1656553025950,
        "duration" : 489
      }
    } ]
  }
}