"Status","Start Time","Stop Time","Duration in ms","Parent Suite","Suite","Sub Suite","Test Class","Test Method","Name","Description"
"passed","Thu Jun 30 09:59:00 CST 2022","Thu Jun 30 09:59:00 CST 2022","309","testCases.addInvoiceToConfirm","test_invoice_manage_Test_scene_1","","","","test_test_scene_1[test_case2]",""
"passed","Thu Jun 30 09:59:00 CST 2022","Thu Jun 30 09:59:00 CST 2022","567","testCases.addInvoiceToConfirm","test_invoice_manage1_Test_scene_1","","","","test_test_scene_1[test_case2]",""
"passed","Thu Jun 30 09:58:59 CST 2022","Thu Jun 30 09:58:59 CST 2022","572","testCases.blue","test_invoice_manage2_Test_scene_1","","","","test_test_scene_1[test_case0]",""
"passed","Thu Jun 30 09:58:59 CST 2022","Thu Jun 30 09:58:59 CST 2022","315","testCases.addInvoiceToConfirm","test_invoice_manage_Test_scene_1","","","","test_test_scene_1[test_case0]",""
"passed","Thu Jun 30 09:59:00 CST 2022","Thu Jun 30 09:59:01 CST 2022","519","testCases.addInvoiceToConfirm","test_invoice_manage1_Test_scene_1","","","","test_test_scene_1[test_case3]",""
"passed","Thu Jun 30 09:58:59 CST 2022","Thu Jun 30 09:59:00 CST 2022","623","testCases.blue","test_invoice_manage2_Test_scene_1","","","","test_test_scene_1[test_case1]",""
"passed","Thu Jun 30 09:59:00 CST 2022","Thu Jun 30 09:59:00 CST 2022","207","testCases.addInvoiceToConfirm","test_invoice_manage_Test_scene_1","","","","test_test_scene_1[test_case3]",""
"passed","Thu Jun 30 09:58:59 CST 2022","Thu Jun 30 09:58:59 CST 2022","369","testCases.addInvoiceToConfirm","test_invoice_manage1_Test_scene_1","","","","test_test_scene_1[test_case0]",""
"passed","Thu Jun 30 09:58:59 CST 2022","Thu Jun 30 09:59:00 CST 2022","473","testCases.addInvoiceToConfirm","test_invoice_manage1_Test_scene_1","","","","test_test_scene_1[test_case1]",""
"passed","Thu Jun 30 09:59:00 CST 2022","Thu Jun 30 09:59:00 CST 2022","427","testCases.blue","test_invoice_manage2_Test_scene_1","","","","test_test_scene_1[test_case2]",""
"passed","Thu Jun 30 09:58:59 CST 2022","Thu Jun 30 09:59:00 CST 2022","561","testCases.addInvoiceToConfirm","test_invoice_manage_Test_scene_1","","","","test_test_scene_1[test_case1]",""
"passed","Thu Jun 30 09:59:01 CST 2022","Thu Jun 30 09:59:01 CST 2022","488","testCases.addInvoiceToConfirm","test_invoice_manage1_Test_scene_1","","","","test_test_scene_1[test_case4]",""
