[ {
  "uid" : "47298d4145982337",
  "name" : "test_test_scene_1[test_case2]",
  "time" : {
    "start" : 1656554340244,
    "stop" : 1656554340553,
    "duration" : 309
  },
  "status" : "passed",
  "severity" : "normal"
}, {
  "uid" : "a0fdd591f872990f",
  "name" : "test_test_scene_1[test_case2]",
  "time" : {
    "start" : 1656554340214,
    "stop" : 1656554340781,
    "duration" : 567
  },
  "status" : "passed",
  "severity" : "normal"
}, {
  "uid" : "e0ab88961b06f597",
  "name" : "test_test_scene_1[test_case0]",
  "time" : {
    "start" : 1656554339327,
    "stop" : 1656554339899,
    "duration" : 572
  },
  "status" : "passed",
  "severity" : "normal"
}, {
  "uid" : "37bfc5f74407b19",
  "name" : "test_test_scene_1[test_case0]",
  "time" : {
    "start" : 1656554339340,
    "stop" : 1656554339655,
    "duration" : 315
  },
  "status" : "passed",
  "severity" : "normal"
}, {
  "uid" : "e39b73c8c6087851",
  "name" : "test_test_scene_1[test_case3]",
  "time" : {
    "start" : 1656554340797,
    "stop" : 1656554341316,
    "duration" : 519
  },
  "status" : "passed",
  "severity" : "normal"
}, {
  "uid" : "13b36e661053fa52",
  "name" : "test_test_scene_1[test_case1]",
  "time" : {
    "start" : 1656554339912,
    "stop" : 1656554340535,
    "duration" : 623
  },
  "status" : "passed",
  "severity" : "normal"
}, {
  "uid" : "49c62209adbfa0e7",
  "name" : "test_test_scene_1[test_case3]",
  "time" : {
    "start" : 1656554340563,
    "stop" : 1656554340770,
    "duration" : 207
  },
  "status" : "passed",
  "severity" : "normal"
}, {
  "uid" : "76a6db4763ed2d8d",
  "name" : "test_test_scene_1[test_case0]",
  "time" : {
    "start" : 1656554339340,
    "stop" : 1656554339709,
    "duration" : 369
  },
  "status" : "passed",
  "severity" : "normal"
}, {
  "uid" : "7ceda2aa00c722ce",
  "name" : "test_test_scene_1[test_case1]",
  "time" : {
    "start" : 1656554339722,
    "stop" : 1656554340195,
    "duration" : 473
  },
  "status" : "passed",
  "severity" : "normal"
}, {
  "uid" : "f35ef4408454505a",
  "name" : "test_test_scene_1[test_case2]",
  "time" : {
    "start" : 1656554340547,
    "stop" : 1656554340974,
    "duration" : 427
  },
  "status" : "passed",
  "severity" : "normal"
}, {
  "uid" : "8291f5c5b36c683",
  "name" : "test_test_scene_1[test_case1]",
  "time" : {
    "start" : 1656554339668,
    "stop" : 1656554340229,
    "duration" : 561
  },
  "status" : "passed",
  "severity" : "normal"
}, {
  "uid" : "ab9a884594dec3e4",
  "name" : "test_test_scene_1[test_case4]",
  "time" : {
    "start" : 1656554341328,
    "stop" : 1656554341816,
    "duration" : 488
  },
  "status" : "passed",
  "severity" : "normal"
} ]