"Status","Start Time","Stop Time","Duration in ms","Parent Suite","Suite","Sub Suite","Test Class","Test Method","Name","Description"
"passed","Thu Jun 30 10:09:01 CST 2022","Thu Jun 30 10:09:02 CST 2022","449","testCases.addInvoiceToConfirm","test_invoice_manage1_Test_scene_1","","","","test_test_scene_1[test_case1]",""
"passed","Thu Jun 30 10:09:05 CST 2022","Thu Jun 30 10:09:06 CST 2022","698","testCases.addInvoiceToConfirm","test_invoice_manage1_Test_scene_1","","","","test_test_scene_1[test_case4]",""
"passed","Thu Jun 30 10:09:02 CST 2022","Thu Jun 30 10:09:03 CST 2022","712","testCases.blue","test_invoice_manage2_Test_scene_1","","","","test_test_scene_1[test_case2]",""
"passed","Thu Jun 30 10:09:01 CST 2022","Thu Jun 30 10:09:02 CST 2022","595","testCases.addInvoiceToConfirm","test_invoice_manage_Test_scene_1","","","","test_test_scene_1[test_case1]",""
"passed","Thu Jun 30 10:09:02 CST 2022","Thu Jun 30 10:09:02 CST 2022","541","testCases.blue","test_invoice_manage2_Test_scene_1","","","","test_test_scene_1[test_case1]",""
"passed","Thu Jun 30 10:09:01 CST 2022","Thu Jun 30 10:09:01 CST 2022","288","testCases.addInvoiceToConfirm","test_invoice_manage1_Test_scene_1","","","","test_test_scene_1[test_case0]",""
"passed","Thu Jun 30 10:09:01 CST 2022","Thu Jun 30 10:09:01 CST 2022","420","testCases.addInvoiceToConfirm","test_invoice_manage_Test_scene_1","","","","test_test_scene_1[test_case0]",""
"passed","Thu Jun 30 10:09:01 CST 2022","Thu Jun 30 10:09:02 CST 2022","515","testCases.blue","test_invoice_manage2_Test_scene_1","","","","test_test_scene_1[test_case0]",""
"passed","Thu Jun 30 10:09:03 CST 2022","Thu Jun 30 10:09:04 CST 2022","1270","testCases.addInvoiceToConfirm","test_invoice_manage_Test_scene_1","","","","test_test_scene_1[test_case3]",""
"passed","Thu Jun 30 10:09:02 CST 2022","Thu Jun 30 10:09:03 CST 2022","715","testCases.addInvoiceToConfirm","test_invoice_manage1_Test_scene_1","","","","test_test_scene_1[test_case2]",""
"passed","Thu Jun 30 10:09:03 CST 2022","Thu Jun 30 10:09:05 CST 2022","2478","testCases.addInvoiceToConfirm","test_invoice_manage1_Test_scene_1","","","","test_test_scene_1[test_case3]",""
"passed","Thu Jun 30 10:09:02 CST 2022","Thu Jun 30 10:09:03 CST 2022","485","testCases.addInvoiceToConfirm","test_invoice_manage_Test_scene_1","","","","test_test_scene_1[test_case2]",""
