[ {
  "uid" : "fdc1b40d87c486e8",
  "name" : "test_test_scene_1[test_case2]",
  "time" : {
    "start" : 1656552541113,
    "stop" : 1656552541744,
    "duration" : 631
  },
  "status" : "passed",
  "severity" : "normal"
}, {
  "uid" : "3a7b6683a2155e9c",
  "name" : "test_test_scene_1[test_case0]",
  "time" : {
    "start" : 1656552540287,
    "stop" : 1656552540636,
    "duration" : 349
  },
  "status" : "passed",
  "severity" : "normal"
}, {
  "uid" : "3836bce88d863923",
  "name" : "test_test_scene_1[test_case1]",
  "time" : {
    "start" : 1656552540735,
    "stop" : 1656552541339,
    "duration" : 604
  },
  "status" : "passed",
  "severity" : "normal"
}, {
  "uid" : "8a640dedf28eb9be",
  "name" : "test_test_scene_1[test_case4]",
  "time" : {
    "start" : 1656552542359,
    "stop" : 1656552542836,
    "duration" : 477
  },
  "status" : "passed",
  "severity" : "normal"
}, {
  "uid" : "bcbfbe8fd9264cb8",
  "name" : "test_test_scene_1[test_case1]",
  "time" : {
    "start" : 1656552540649,
    "stop" : 1656552541100,
    "duration" : 451
  },
  "status" : "passed",
  "severity" : "normal"
}, {
  "uid" : "830bd099f83cc7c0",
  "name" : "test_test_scene_1[test_case1]",
  "time" : {
    "start" : 1656552541119,
    "stop" : 1656552541796,
    "duration" : 677
  },
  "status" : "passed",
  "severity" : "normal"
}, {
  "uid" : "e77ce6455b94c831",
  "name" : "test_test_scene_1[test_case0]",
  "time" : {
    "start" : 1656552540287,
    "stop" : 1656552540723,
    "duration" : 436
  },
  "status" : "passed",
  "severity" : "normal"
}, {
  "uid" : "8577186ccc493ae7",
  "name" : "test_test_scene_1[test_case2]",
  "time" : {
    "start" : 1656552541352,
    "stop" : 1656552541672,
    "duration" : 320
  },
  "status" : "passed",
  "severity" : "normal"
}, {
  "uid" : "df528d4fe23413bc",
  "name" : "test_test_scene_1[test_case3]",
  "time" : {
    "start" : 1656552541783,
    "stop" : 1656552542351,
    "duration" : 568
  },
  "status" : "passed",
  "severity" : "normal"
}, {
  "uid" : "e6b8e215dc04c11d",
  "name" : "test_test_scene_1[test_case0]",
  "time" : {
    "start" : 1656552540287,
    "stop" : 1656552541106,
    "duration" : 819
  },
  "status" : "passed",
  "severity" : "normal"
}, {
  "uid" : "dd986e11d24825e7",
  "name" : "test_test_scene_1[test_case3]",
  "time" : {
    "start" : 1656552541681,
    "stop" : 1656552541888,
    "duration" : 207
  },
  "status" : "passed",
  "severity" : "normal"
}, {
  "uid" : "c4032b8d73e83508",
  "name" : "test_test_scene_1[test_case2]",
  "time" : {
    "start" : 1656552541806,
    "stop" : 1656552542355,
    "duration" : 549
  },
  "status" : "passed",
  "severity" : "normal"
} ]