"Status","Start Time","Stop Time","Duration in ms","Parent Suite","Suite","Sub Suite","Test Class","Test Method","Name","Description"
"passed","Thu Jun 30 10:07:04 CST 2022","Thu Jun 30 10:07:05 CST 2022","379","testCases.blue","test_invoice_manage2_Test_scene_1","","","","test_test_scene_1[test_case0]",""
"passed","Thu Jun 30 10:07:04 CST 2022","Thu Jun 30 10:07:05 CST 2022","383","testCases.addInvoiceToConfirm","test_invoice_manage_Test_scene_1","","","","test_test_scene_1[test_case0]",""
"passed","Thu Jun 30 10:07:05 CST 2022","Thu Jun 30 10:07:06 CST 2022","301","testCases.addInvoiceToConfirm","test_invoice_manage_Test_scene_1","","","","test_test_scene_1[test_case2]",""
"passed","Thu Jun 30 10:07:04 CST 2022","Thu Jun 30 10:07:05 CST 2022","403","testCases.addInvoiceToConfirm","test_invoice_manage1_Test_scene_1","","","","test_test_scene_1[test_case0]",""
"passed","Thu Jun 30 10:07:06 CST 2022","Thu Jun 30 10:07:06 CST 2022","215","testCases.addInvoiceToConfirm","test_invoice_manage_Test_scene_1","","","","test_test_scene_1[test_case3]",""
"passed","Thu Jun 30 10:07:06 CST 2022","Thu Jun 30 10:07:07 CST 2022","590","testCases.addInvoiceToConfirm","test_invoice_manage1_Test_scene_1","","","","test_test_scene_1[test_case3]",""
"passed","Thu Jun 30 10:07:05 CST 2022","Thu Jun 30 10:07:05 CST 2022","619","testCases.addInvoiceToConfirm","test_invoice_manage_Test_scene_1","","","","test_test_scene_1[test_case1]",""
"passed","Thu Jun 30 10:07:07 CST 2022","Thu Jun 30 10:07:07 CST 2022","425","testCases.addInvoiceToConfirm","test_invoice_manage1_Test_scene_1","","","","test_test_scene_1[test_case4]",""
"passed","Thu Jun 30 10:07:05 CST 2022","Thu Jun 30 10:07:05 CST 2022","476","testCases.addInvoiceToConfirm","test_invoice_manage1_Test_scene_1","","","","test_test_scene_1[test_case1]",""
"passed","Thu Jun 30 10:07:05 CST 2022","Thu Jun 30 10:07:06 CST 2022","614","testCases.addInvoiceToConfirm","test_invoice_manage1_Test_scene_1","","","","test_test_scene_1[test_case2]",""
"passed","Thu Jun 30 10:07:05 CST 2022","Thu Jun 30 10:07:06 CST 2022","397","testCases.blue","test_invoice_manage2_Test_scene_1","","","","test_test_scene_1[test_case2]",""
"passed","Thu Jun 30 10:07:05 CST 2022","Thu Jun 30 10:07:05 CST 2022","606","testCases.blue","test_invoice_manage2_Test_scene_1","","","","test_test_scene_1[test_case1]",""
