[ {
  "uid" : "e48750b560463773",
  "name" : "test_test_scene_1[test_case0]",
  "time" : {
    "start" : 1656553744386,
    "stop" : 1656553744672,
    "duration" : 286
  },
  "status" : "passed",
  "severity" : "normal"
}, {
  "uid" : "fd6e819a6ecba871",
  "name" : "test_test_scene_1[test_case2]",
  "time" : {
    "start" : 1656553745245,
    "stop" : 1656553745967,
    "duration" : 722
  },
  "status" : "passed",
  "severity" : "normal"
}, {
  "uid" : "920a8fb0d4e09cea",
  "name" : "test_test_scene_1[test_case0]",
  "time" : {
    "start" : 1656553744474,
    "stop" : 1656553744878,
    "duration" : 404
  },
  "status" : "passed",
  "severity" : "normal"
}, {
  "uid" : "fe290034437b16c7",
  "name" : "test_test_scene_1[test_case1]",
  "time" : {
    "start" : 1656553744684,
    "stop" : 1656553745234,
    "duration" : 550
  },
  "status" : "passed",
  "severity" : "normal"
}, {
  "uid" : "f35001422e35c001",
  "name" : "test_test_scene_1[test_case2]",
  "time" : {
    "start" : 1656553745353,
    "stop" : 1656553745641,
    "duration" : 288
  },
  "status" : "passed",
  "severity" : "normal"
}, {
  "uid" : "8bf4f9404d003a97",
  "name" : "test_test_scene_1[test_case4]",
  "time" : {
    "start" : 1656553746668,
    "stop" : 1656553747152,
    "duration" : 484
  },
  "status" : "passed",
  "severity" : "normal"
}, {
  "uid" : "95079bd5069aab20",
  "name" : "test_test_scene_1[test_case3]",
  "time" : {
    "start" : 1656553745656,
    "stop" : 1656553745877,
    "duration" : 221
  },
  "status" : "passed",
  "severity" : "normal"
}, {
  "uid" : "30adb545bddb490d",
  "name" : "test_test_scene_1[test_case1]",
  "time" : {
    "start" : 1656553744580,
    "stop" : 1656553745334,
    "duration" : 754
  },
  "status" : "passed",
  "severity" : "normal"
}, {
  "uid" : "d0b320b9340995f1",
  "name" : "test_test_scene_1[test_case2]",
  "time" : {
    "start" : 1656553745592,
    "stop" : 1656553746135,
    "duration" : 543
  },
  "status" : "passed",
  "severity" : "normal"
}, {
  "uid" : "833504dc94658da8",
  "name" : "test_test_scene_1[test_case0]",
  "time" : {
    "start" : 1656553744291,
    "stop" : 1656553744567,
    "duration" : 276
  },
  "status" : "passed",
  "severity" : "normal"
}, {
  "uid" : "d4fa601aac1ce063",
  "name" : "test_test_scene_1[test_case3]",
  "time" : {
    "start" : 1656553745982,
    "stop" : 1656553746652,
    "duration" : 670
  },
  "status" : "passed",
  "severity" : "normal"
}, {
  "uid" : "86f7dd2d0f784cd3",
  "name" : "test_test_scene_1[test_case1]",
  "time" : {
    "start" : 1656553744892,
    "stop" : 1656553745572,
    "duration" : 680
  },
  "status" : "passed",
  "severity" : "normal"
} ]