{
  "e1e532d9d683f438723ad738116874de" : {
    "statistic" : {
      "failed" : 0,
      "broken" : 0,
      "skipped" : 0,
      "passed" : 1,
      "unknown" : 0,
      "total" : 1
    },
    "items" : [ {
      "uid" : "ba5746a7d4ef670",
      "status" : "passed",
      "time" : {
        "start" : 1656552778669,
        "stop" : 1656552779042,
        "duration" : 373
      }
    } ]
  },
  "afd5b8fa437e3399bbab7bd1fc8918aa" : {
    "statistic" : {
      "failed" : 0,
      "broken" : 0,
      "skipped" : 0,
      "passed" : 1,
      "unknown" : 0,
      "total" : 1
    },
    "items" : [ {
      "uid" : "42464a3a1b1d6589",
      "status" : "passed",
      "time" : {
        "start" : 1656552779052,
        "stop" : 1656552779637,
        "duration" : 585
      }
    } ]
  },
  "7b94a35f76ab58821d02894eb57fc81d" : {
    "statistic" : {
      "failed" : 0,
      "broken" : 0,
      "skipped" : 0,
      "passed" : 1,
      "unknown" : 0,
      "total" : 1
    },
    "items" : [ {
      "uid" : "843c2c3f461435fc",
      "status" : "passed",
      "time" : {
        "start" : 1656552778966,
        "stop" : 1656552779641,
        "duration" : 675
      }
    } ]
  },
  "5eb9c9872b02e08fe1274451c1752740" : {
    "statistic" : {
      "failed" : 0,
      "broken" : 0,
      "skipped" : 0,
      "passed" : 1,
      "unknown" : 0,
      "total" : 1
    },
    "items" : [ {
      "uid" : "387ff26096992cd5",
      "status" : "passed",
      "time" : {
        "start" : 1656552778652,
        "stop" : 1656552778944,
        "duration" : 292
      }
    } ]
  },
  "6a88c037cf1babac7c8d9389dfb6ca53" : {
    "statistic" : {
      "failed" : 0,
      "broken" : 0,
      "skipped" : 0,
      "passed" : 1,
      "unknown" : 0,
      "total" : 1
    },
    "items" : [ {
      "uid" : "d1a7b1cb341e7003",
      "status" : "passed",
      "time" : {
        "start" : 1656552778955,
        "stop" : 1656552779500,
        "duration" : 545
      }
    } ]
  },
  "00708f03bd1a1d2bb8d845792d5e67bd" : {
    "statistic" : {
      "failed" : 0,
      "broken" : 0,
      "skipped" : 0,
      "passed" : 1,
      "unknown" : 0,
      "total" : 1
    },
    "items" : [ {
      "uid" : "59cebd78275de8ea",
      "status" : "passed",
      "time" : {
        "start" : 1656552779960,
        "stop" : 1656552780185,
        "duration" : 225
      }
    } ]
  },
  "e402d4f5afdb11afc56a2e52b250b8b7" : {
    "statistic" : {
      "failed" : 0,
      "broken" : 0,
      "skipped" : 0,
      "passed" : 1,
      "unknown" : 0,
      "total" : 1
    },
    "items" : [ {
      "uid" : "73d6900954621a70",
      "status" : "passed",
      "time" : {
        "start" : 1656552780735,
        "stop" : 1656552781379,
        "duration" : 644
      }
    } ]
  },
  "278b2a7c9ac43764fae6fc61727ae281" : {
    "statistic" : {
      "failed" : 0,
      "broken" : 0,
      "skipped" : 0,
      "passed" : 1,
      "unknown" : 0,
      "total" : 1
    },
    "items" : [ {
      "uid" : "93cbbec3192aba53",
      "status" : "passed",
      "time" : {
        "start" : 1656552779654,
        "stop" : 1656552779950,
        "duration" : 296
      }
    } ]
  },
  "7e77df6106fcf9ced14f70f67930cdfc" : {
    "statistic" : {
      "failed" : 0,
      "broken" : 0,
      "skipped" : 0,
      "passed" : 1,
      "unknown" : 0,
      "total" : 1
    },
    "items" : [ {
      "uid" : "d0c06f3c6c9d524f",
      "status" : "passed",
      "time" : {
        "start" : 1656552779509,
        "stop" : 1656552780155,
        "duration" : 646
      }
    } ]
  },
  "809b9577037b738935e0101a9a21b881" : {
    "statistic" : {
      "failed" : 0,
      "broken" : 0,
      "skipped" : 0,
      "passed" : 1,
      "unknown" : 0,
      "total" : 1
    },
    "items" : [ {
      "uid" : "662a058ac692263e",
      "status" : "passed",
      "time" : {
        "start" : 1656552778657,
        "stop" : 1656552778951,
        "duration" : 294
      }
    } ]
  },
  "5e84cecda5358b45118a62c2769c8f30" : {
    "statistic" : {
      "failed" : 0,
      "broken" : 0,
      "skipped" : 0,
      "passed" : 1,
      "unknown" : 0,
      "total" : 1
    },
    "items" : [ {
      "uid" : "3a46a08876fc7590",
      "status" : "passed",
      "time" : {
        "start" : 1656552779647,
        "stop" : 1656552780075,
        "duration" : 428
      }
    } ]
  },
  "4cfac0c788c049c180e2f593ec96fd14" : {
    "statistic" : {
      "failed" : 0,
      "broken" : 0,
      "skipped" : 0,
      "passed" : 1,
      "unknown" : 0,
      "total" : 1
    },
    "items" : [ {
      "uid" : "fb4ca0af84cb9afd",
      "status" : "passed",
      "time" : {
        "start" : 1656552780168,
        "stop" : 1656552780725,
        "duration" : 557
      }
    } ]
  }
}