[ {
  "uid" : "66d2e78a57eff95a",
  "name" : "test_3",
  "time" : {
    "start" : 1687919727198,
    "stop" : 1687919727198,
    "duration" : 0
  },
  "status" : "passed",
  "severity" : "normal"
}, {
  "uid" : "7431a90260a4474d",
  "name" : "test_2",
  "time" : {
    "start" : 1687919727188,
    "stop" : 1687919727188,
    "duration" : 0
  },
  "status" : "passed",
  "severity" : "normal"
}, {
  "uid" : "13482d02d99bf7ce",
  "name" : "test_1",
  "time" : {
    "start" : 1687919727188,
    "stop" : 1687919727188,
    "duration" : 0
  },
  "status" : "passed",
  "severity" : "normal"
} ]