{
  "7b94a35f76ab58821d02894eb57fc81d" : {
    "statistic" : {
      "failed" : 0,
      "broken" : 0,
      "skipped" : 0,
      "passed" : 1,
      "unknown" : 0,
      "total" : 1
    },
    "items" : [ {
      "uid" : "a6a679a446903616",
      "status" : "passed",
      "time" : {
        "start" : 1656642525072,
        "stop" : 1656642525634,
        "duration" : 562
      }
    } ]
  },
  "afd5b8fa437e3399bbab7bd1fc8918aa" : {
    "statistic" : {
      "failed" : 0,
      "broken" : 0,
      "skipped" : 0,
      "passed" : 1,
      "unknown" : 0,
      "total" : 1
    },
    "items" : [ {
      "uid" : "ed47f7a862a277fe",
      "status" : "passed",
      "time" : {
        "start" : 1656642525103,
        "stop" : 1656642525619,
        "duration" : 516
      }
    } ]
  },
  "e1e532d9d683f438723ad738116874de" : {
    "statistic" : {
      "failed" : 0,
      "broken" : 0,
      "skipped" : 0,
      "passed" : 1,
      "unknown" : 0,
      "total" : 1
    },
    "items" : [ {
      "uid" : "b8e41a397e7d62c3",
      "status" : "passed",
      "time" : {
        "start" : 1656642524680,
        "stop" : 1656642525088,
        "duration" : 408
      }
    } ]
  },
  "5eb9c9872b02e08fe1274451c1752740" : {
    "statistic" : {
      "failed" : 0,
      "broken" : 0,
      "skipped" : 0,
      "passed" : 1,
      "unknown" : 0,
      "total" : 1
    },
    "items" : [ {
      "uid" : "9b65ea80aa1b8f90",
      "status" : "passed",
      "time" : {
        "start" : 1656642524727,
        "stop" : 1656642525056,
        "duration" : 329
      }
    } ]
  },
  "6a88c037cf1babac7c8d9389dfb6ca53" : {
    "statistic" : {
      "failed" : 0,
      "broken" : 0,
      "skipped" : 0,
      "passed" : 1,
      "unknown" : 0,
      "total" : 1
    },
    "items" : [ {
      "uid" : "da4e77e52c9ba6b0",
      "status" : "passed",
      "time" : {
        "start" : 1656642525072,
        "stop" : 1656642525400,
        "duration" : 328
      }
    } ]
  },
  "00708f03bd1a1d2bb8d845792d5e67bd" : {
    "statistic" : {
      "failed" : 0,
      "broken" : 0,
      "skipped" : 0,
      "passed" : 1,
      "unknown" : 0,
      "total" : 1
    },
    "items" : [ {
      "uid" : "e2ce75a0eef1adf7",
      "status" : "passed",
      "time" : {
        "start" : 1656642525853,
        "stop" : 1656642525980,
        "duration" : 127
      }
    } ]
  },
  "e402d4f5afdb11afc56a2e52b250b8b7" : {
    "statistic" : {
      "failed" : 0,
      "broken" : 0,
      "skipped" : 0,
      "passed" : 1,
      "unknown" : 0,
      "total" : 1
    },
    "items" : [ {
      "uid" : "41764849fb03b3f2",
      "status" : "passed",
      "time" : {
        "start" : 1656642526543,
        "stop" : 1656642526824,
        "duration" : 281
      }
    } ]
  },
  "278b2a7c9ac43764fae6fc61727ae281" : {
    "statistic" : {
      "failed" : 0,
      "broken" : 0,
      "skipped" : 0,
      "passed" : 1,
      "unknown" : 0,
      "total" : 1
    },
    "items" : [ {
      "uid" : "96240c75885f31b4",
      "status" : "passed",
      "time" : {
        "start" : 1656642525666,
        "stop" : 1656642525838,
        "duration" : 172
      }
    } ]
  },
  "809b9577037b738935e0101a9a21b881" : {
    "statistic" : {
      "failed" : 0,
      "broken" : 0,
      "skipped" : 0,
      "passed" : 1,
      "unknown" : 0,
      "total" : 1
    },
    "items" : [ {
      "uid" : "bf630baee422fb74",
      "status" : "passed",
      "time" : {
        "start" : 1656642524696,
        "stop" : 1656642525056,
        "duration" : 360
      }
    } ]
  },
  "7e77df6106fcf9ced14f70f67930cdfc" : {
    "statistic" : {
      "failed" : 0,
      "broken" : 0,
      "skipped" : 0,
      "passed" : 1,
      "unknown" : 0,
      "total" : 1
    },
    "items" : [ {
      "uid" : "8794e70419d52205",
      "status" : "passed",
      "time" : {
        "start" : 1656642525416,
        "stop" : 1656642525918,
        "duration" : 502
      }
    } ]
  },
  "5e84cecda5358b45118a62c2769c8f30" : {
    "statistic" : {
      "failed" : 0,
      "broken" : 0,
      "skipped" : 0,
      "passed" : 1,
      "unknown" : 0,
      "total" : 1
    },
    "items" : [ {
      "uid" : "7cbf35f8402f8e93",
      "status" : "passed",
      "time" : {
        "start" : 1656642525634,
        "stop" : 1656642525980,
        "duration" : 346
      }
    } ]
  },
  "4cfac0c788c049c180e2f593ec96fd14" : {
    "statistic" : {
      "failed" : 0,
      "broken" : 0,
      "skipped" : 0,
      "passed" : 1,
      "unknown" : 0,
      "total" : 1
    },
    "items" : [ {
      "uid" : "560b45faa8acd57a",
      "status" : "passed",
      "time" : {
        "start" : 1656642525934,
        "stop" : 1656642526527,
        "duration" : 593
      }
    } ]
  }
}