{
  "uid" : "83edc06c07f9ae9e47eb6dd1b683e4e2",
  "name" : "packages",
  "children" : [ {
    "name" : "testCase.pro.apis",
    "children" : [ {
      "name" : "test_1",
      "children" : [ {
        "name" : "test_1",
        "uid" : "5bf6cbdcefabcaa",
        "parentUid" : "d92ecb28c7658aff2c8a3c63264e0195",
        "status" : "passed",
        "time" : {
          "start" : 1687944167296,
          "stop" : 1687944167296,
          "duration" : 0
        },
        "flaky" : false,
        "newFailed" : false,
        "newPassed" : false,
        "newBroken" : false,
        "retriesCount" : 0,
        "retriesStatusChange" : false,
        "parameters" : [ ]
      }, {
        "name" : "test_2",
        "uid" : "b56fe5470a5a9e1f",
        "parentUid" : "d92ecb28c7658aff2c8a3c63264e0195",
        "status" : "passed",
        "time" : {
          "start" : 1687944167296,
          "stop" : 1687944167296,
          "duration" : 0
        },
        "flaky" : false,
        "newFailed" : false,
        "newPassed" : false,
        "newBroken" : false,
        "retriesCount" : 0,
        "retriesStatusChange" : false,
        "parameters" : [ ]
      }, {
        "name" : "test_3",
        "uid" : "a563c878ca47966b",
        "parentUid" : "d92ecb28c7658aff2c8a3c63264e0195",
        "status" : "passed",
        "time" : {
          "start" : 1687944167311,
          "stop" : 1687944167311,
          "duration" : 0
        },
        "flaky" : false,
        "newFailed" : false,
        "newPassed" : false,
        "newBroken" : false,
        "retriesCount" : 0,
        "retriesStatusChange" : false,
        "parameters" : [ ]
      } ],
      "uid" : "d92ecb28c7658aff2c8a3c63264e0195"
    }, {
      "name" : "test_2",
      "children" : [ {
        "name" : "test_2",
        "uid" : "8e7fb961c73b187b",
        "parentUid" : "806ce5372d392df476b046e3f146cb7d",
        "status" : "passed",
        "time" : {
          "start" : 1687944167311,
          "stop" : 1687944167311,
          "duration" : 0
        },
        "flaky" : false,
        "newFailed" : false,
        "newPassed" : false,
        "newBroken" : false,
        "retriesCount" : 0,
        "retriesStatusChange" : false,
        "parameters" : [ ]
      }, {
        "name" : "test_3",
        "uid" : "ad9c034b12cdda3c",
        "parentUid" : "806ce5372d392df476b046e3f146cb7d",
        "status" : "passed",
        "time" : {
          "start" : 1687944167311,
          "stop" : 1687944167311,
          "duration" : 0
        },
        "flaky" : false,
        "newFailed" : false,
        "newPassed" : false,
        "newBroken" : false,
        "retriesCount" : 0,
        "retriesStatusChange" : false,
        "parameters" : [ ]
      }, {
        "name" : "test_1",
        "uid" : "b1633b14b9e1fef3",
        "parentUid" : "806ce5372d392df476b046e3f146cb7d",
        "status" : "passed",
        "time" : {
          "start" : 1687944167311,
          "stop" : 1687944167311,
          "duration" : 0
        },
        "flaky" : false,
        "newFailed" : false,
        "newPassed" : false,
        "newBroken" : false,
        "retriesCount" : 0,
        "retriesStatusChange" : false,
        "parameters" : [ ]
      } ],
      "uid" : "806ce5372d392df476b046e3f146cb7d"
    } ],
    "uid" : "testCase.pro.apis"
  } ]
}