{
  "uid" : "98d3104e051c652961429bf95fa0b5d6",
  "name" : "suites",
  "children" : [ {
    "name" : "testCase.pro.apis",
    "children" : [ {
      "name" : "test_1",
      "children" : [ {
        "name" : "test_1",
        "uid" : "5bf6cbdcefabcaa",
        "parentUid" : "7c45ea5479b86a15de9bb16b15520bdd",
        "status" : "passed",
        "time" : {
          "start" : 1687944167296,
          "stop" : 1687944167296,
          "duration" : 0
        },
        "flaky" : false,
        "newFailed" : false,
        "newPassed" : false,
        "newBroken" : false,
        "retriesCount" : 0,
        "retriesStatusChange" : false,
        "parameters" : [ ]
      }, {
        "name" : "test_2",
        "uid" : "b56fe5470a5a9e1f",
        "parentUid" : "7c45ea5479b86a15de9bb16b15520bdd",
        "status" : "passed",
        "time" : {
          "start" : 1687944167296,
          "stop" : 1687944167296,
          "duration" : 0
        },
        "flaky" : false,
        "newFailed" : false,
        "newPassed" : false,
        "newBroken" : false,
        "retriesCount" : 0,
        "retriesStatusChange" : false,
        "parameters" : [ ]
      }, {
        "name" : "test_3",
        "uid" : "a563c878ca47966b",
        "parentUid" : "7c45ea5479b86a15de9bb16b15520bdd",
        "status" : "passed",
        "time" : {
          "start" : 1687944167311,
          "stop" : 1687944167311,
          "duration" : 0
        },
        "flaky" : false,
        "newFailed" : false,
        "newPassed" : false,
        "newBroken" : false,
        "retriesCount" : 0,
        "retriesStatusChange" : false,
        "parameters" : [ ]
      } ],
      "uid" : "7c45ea5479b86a15de9bb16b15520bdd"
    }, {
      "name" : "test_2",
      "children" : [ {
        "name" : "test_2",
        "uid" : "8e7fb961c73b187b",
        "parentUid" : "d83668984d0d1e3d355b3d7239f3e0ff",
        "status" : "passed",
        "time" : {
          "start" : 1687944167311,
          "stop" : 1687944167311,
          "duration" : 0
        },
        "flaky" : false,
        "newFailed" : false,
        "newPassed" : false,
        "newBroken" : false,
        "retriesCount" : 0,
        "retriesStatusChange" : false,
        "parameters" : [ ]
      }, {
        "name" : "test_3",
        "uid" : "ad9c034b12cdda3c",
        "parentUid" : "d83668984d0d1e3d355b3d7239f3e0ff",
        "status" : "passed",
        "time" : {
          "start" : 1687944167311,
          "stop" : 1687944167311,
          "duration" : 0
        },
        "flaky" : false,
        "newFailed" : false,
        "newPassed" : false,
        "newBroken" : false,
        "retriesCount" : 0,
        "retriesStatusChange" : false,
        "parameters" : [ ]
      }, {
        "name" : "test_1",
        "uid" : "b1633b14b9e1fef3",
        "parentUid" : "d83668984d0d1e3d355b3d7239f3e0ff",
        "status" : "passed",
        "time" : {
          "start" : 1687944167311,
          "stop" : 1687944167311,
          "duration" : 0
        },
        "flaky" : false,
        "newFailed" : false,
        "newPassed" : false,
        "newBroken" : false,
        "retriesCount" : 0,
        "retriesStatusChange" : false,
        "parameters" : [ ]
      } ],
      "uid" : "d83668984d0d1e3d355b3d7239f3e0ff"
    } ],
    "uid" : "d7f1784afb4c242addf349bec4e7fc57"
  } ]
}