"Status","Start Time","Stop Time","Duration in ms","Parent Suite","Suite","Sub Suite","Test Class","Test Method","Name","Description"
"passed","Wed Jun 28 17:22:47 CST 2023","Wed Jun 28 17:22:47 CST 2023","0","testCase.pro.apis","test_2","","","","test_2",""
"passed","Wed Jun 28 17:22:47 CST 2023","Wed Jun 28 17:22:47 CST 2023","0","testCase.pro.apis","test_1","","","","test_1",""
"passed","Wed Jun 28 17:22:47 CST 2023","Wed Jun 28 17:22:47 CST 2023","0","testCase.pro.apis","test_2","","","","test_3",""
"passed","Wed Jun 28 17:22:47 CST 2023","Wed Jun 28 17:22:47 CST 2023","0","testCase.pro.apis","test_1","","","","test_3",""
"passed","Wed Jun 28 17:22:47 CST 2023","Wed Jun 28 17:22:47 CST 2023","0","testCase.pro.apis","test_1","","","","test_2",""
"passed","Wed Jun 28 17:22:47 CST 2023","Wed Jun 28 17:22:47 CST 2023","0","testCase.pro.apis","test_2","","","","test_1",""
