{
  "uid" : "ab17fc5a4eb3bca4b216b548c7f9fcbc",
  "name" : "timeline",
  "children" : [ {
    "name" : "CN01XIT00000ZON",
    "children" : [ {
      "name" : "12868-MainThread",
      "children" : [ {
        "name" : "test_2",
        "uid" : "8e7fb961c73b187b",
        "parentUid" : "5b2f7f909e819156be2ef6f2217f4d34",
        "status" : "passed",
        "time" : {
          "start" : 1687944167311,
          "stop" : 1687944167311,
          "duration" : 0
        },
        "flaky" : false,
        "newFailed" : false,
        "newPassed" : false,
        "newBroken" : false,
        "retriesCount" : 0,
        "retriesStatusChange" : false,
        "parameters" : [ ]
      }, {
        "name" : "test_2",
        "uid" : "b56fe5470a5a9e1f",
        "parentUid" : "5b2f7f909e819156be2ef6f2217f4d34",
        "status" : "passed",
        "time" : {
          "start" : 1687944167296,
          "stop" : 1687944167296,
          "duration" : 0
        },
        "flaky" : false,
        "newFailed" : false,
        "newPassed" : false,
        "newBroken" : false,
        "retriesCount" : 0,
        "retriesStatusChange" : false,
        "parameters" : [ ]
      }, {
        "name" : "test_3",
        "uid" : "a563c878ca47966b",
        "parentUid" : "5b2f7f909e819156be2ef6f2217f4d34",
        "status" : "passed",
        "time" : {
          "start" : 1687944167311,
          "stop" : 1687944167311,
          "duration" : 0
        },
        "flaky" : false,
        "newFailed" : false,
        "newPassed" : false,
        "newBroken" : false,
        "retriesCount" : 0,
        "retriesStatusChange" : false,
        "parameters" : [ ]
      }, {
        "name" : "test_3",
        "uid" : "ad9c034b12cdda3c",
        "parentUid" : "5b2f7f909e819156be2ef6f2217f4d34",
        "status" : "passed",
        "time" : {
          "start" : 1687944167311,
          "stop" : 1687944167311,
          "duration" : 0
        },
        "flaky" : false,
        "newFailed" : false,
        "newPassed" : false,
        "newBroken" : false,
        "retriesCount" : 0,
        "retriesStatusChange" : false,
        "parameters" : [ ]
      }, {
        "name" : "test_1",
        "uid" : "5bf6cbdcefabcaa",
        "parentUid" : "5b2f7f909e819156be2ef6f2217f4d34",
        "status" : "passed",
        "time" : {
          "start" : 1687944167296,
          "stop" : 1687944167296,
          "duration" : 0
        },
        "flaky" : false,
        "newFailed" : false,
        "newPassed" : false,
        "newBroken" : false,
        "retriesCount" : 0,
        "retriesStatusChange" : false,
        "parameters" : [ ]
      }, {
        "name" : "test_1",
        "uid" : "b1633b14b9e1fef3",
        "parentUid" : "5b2f7f909e819156be2ef6f2217f4d34",
        "status" : "passed",
        "time" : {
          "start" : 1687944167311,
          "stop" : 1687944167311,
          "duration" : 0
        },
        "flaky" : false,
        "newFailed" : false,
        "newPassed" : false,
        "newBroken" : false,
        "retriesCount" : 0,
        "retriesStatusChange" : false,
        "parameters" : [ ]
      } ],
      "uid" : "5b2f7f909e819156be2ef6f2217f4d34"
    } ],
    "uid" : "f8b0faf773517d923b353d1ef0c9672e"
  } ]
}