[ {
  "uid" : "6a05aa6b576a1845",
  "name" : "test_test_scene_1[test_case0]",
  "time" : {
    "start" : 1656554705526,
    "stop" : 1656554705824,
    "duration" : 298
  },
  "status" : "passed",
  "severity" : "normal"
}, {
  "uid" : "7c1a95e99b505554",
  "name" : "test_test_scene_1[test_case0]",
  "time" : {
    "start" : 1656554705537,
    "stop" : 1656554705974,
    "duration" : 437
  },
  "status" : "passed",
  "severity" : "normal"
}, {
  "uid" : "b4d7e042c5ef2ee8",
  "name" : "test_test_scene_1[test_case3]",
  "time" : {
    "start" : 1656554707501,
    "stop" : 1656554707713,
    "duration" : 212
  },
  "status" : "passed",
  "severity" : "normal"
}, {
  "uid" : "5cc89c5193e2ffbf",
  "name" : "test_test_scene_1[test_case1]",
  "time" : {
    "start" : 1656554705992,
    "stop" : 1656554707084,
    "duration" : 1092
  },
  "status" : "passed",
  "severity" : "normal"
}, {
  "uid" : "3e9ac464b9c86635",
  "name" : "test_test_scene_1[test_case1]",
  "time" : {
    "start" : 1656554705837,
    "stop" : 1656554706296,
    "duration" : 459
  },
  "status" : "passed",
  "severity" : "normal"
}, {
  "uid" : "d0512bb5ceaf3ebc",
  "name" : "test_test_scene_1[test_case2]",
  "time" : {
    "start" : 1656554706315,
    "stop" : 1656554707568,
    "duration" : 1253
  },
  "status" : "passed",
  "severity" : "normal"
}, {
  "uid" : "83d3f7e18c03bd6c",
  "name" : "test_test_scene_1[test_case3]",
  "time" : {
    "start" : 1656554707579,
    "stop" : 1656554708188,
    "duration" : 609
  },
  "status" : "passed",
  "severity" : "normal"
}, {
  "uid" : "160b4dc5a9c1b433",
  "name" : "test_test_scene_1[test_case4]",
  "time" : {
    "start" : 1656554708198,
    "stop" : 1656554708697,
    "duration" : 499
  },
  "status" : "passed",
  "severity" : "normal"
}, {
  "uid" : "20e945aedcc5965e",
  "name" : "test_test_scene_1[test_case2]",
  "time" : {
    "start" : 1656554707043,
    "stop" : 1656554707491,
    "duration" : 448
  },
  "status" : "passed",
  "severity" : "normal"
}, {
  "uid" : "5660962bfd0aa76",
  "name" : "test_test_scene_1[test_case1]",
  "time" : {
    "start" : 1656554706010,
    "stop" : 1656554706770,
    "duration" : 760
  },
  "status" : "passed",
  "severity" : "normal"
}, {
  "uid" : "626e06639ef640f4",
  "name" : "test_test_scene_1[test_case0]",
  "time" : {
    "start" : 1656554705761,
    "stop" : 1656554705997,
    "duration" : 236
  },
  "status" : "passed",
  "severity" : "normal"
}, {
  "uid" : "91172dc53c1c7189",
  "name" : "test_test_scene_1[test_case2]",
  "time" : {
    "start" : 1656554707106,
    "stop" : 1656554707492,
    "duration" : 386
  },
  "status" : "passed",
  "severity" : "normal"
} ]