[ {
  "uid" : "e673c0728b43c472",
  "name" : "test_test_scene_1[test_case0]",
  "time" : {
    "start" : 1656642371074,
    "stop" : 1656642371293,
    "duration" : 219
  },
  "status" : "passed",
  "severity" : "normal"
}, {
  "uid" : "325a245706f3a84c",
  "name" : "test_test_scene_1[test_case1]",
  "time" : {
    "start" : 1656642371356,
    "stop" : 1656642371699,
    "duration" : 343
  },
  "status" : "passed",
  "severity" : "normal"
}, {
  "uid" : "71bd671b5cae6bc2",
  "name" : "test_test_scene_1[test_case1]",
  "time" : {
    "start" : 1656642371309,
    "stop" : 1656642371699,
    "duration" : 390
  },
  "status" : "passed",
  "severity" : "normal"
}, {
  "uid" : "2f1abded57fd8e1b",
  "name" : "test_test_scene_1[test_case0]",
  "time" : {
    "start" : 1656642371059,
    "stop" : 1656642371215,
    "duration" : 156
  },
  "status" : "passed",
  "severity" : "normal"
}, {
  "uid" : "f799a7b5d7d1fb14",
  "name" : "test_test_scene_1[test_case2]",
  "time" : {
    "start" : 1656642371715,
    "stop" : 1656642371871,
    "duration" : 156
  },
  "status" : "passed",
  "severity" : "normal"
}, {
  "uid" : "56ec7b8e0a32fc2f",
  "name" : "test_test_scene_1[test_case0]",
  "time" : {
    "start" : 1656642371043,
    "stop" : 1656642371340,
    "duration" : 297
  },
  "status" : "passed",
  "severity" : "normal"
}, {
  "uid" : "c20c6a8afa81889a",
  "name" : "test_test_scene_1[test_case4]",
  "time" : {
    "start" : 1656642372215,
    "stop" : 1656642372527,
    "duration" : 312
  },
  "status" : "passed",
  "severity" : "normal"
}, {
  "uid" : "ba230cba38ec0638",
  "name" : "test_test_scene_1[test_case3]",
  "time" : {
    "start" : 1656642371887,
    "stop" : 1656642371996,
    "duration" : 109
  },
  "status" : "passed",
  "severity" : "normal"
}, {
  "uid" : "7347d0b755ed0aab",
  "name" : "test_test_scene_1[test_case3]",
  "time" : {
    "start" : 1656642371871,
    "stop" : 1656642372215,
    "duration" : 344
  },
  "status" : "passed",
  "severity" : "normal"
}, {
  "uid" : "c9db2dd230ea7e6e",
  "name" : "test_test_scene_1[test_case2]",
  "time" : {
    "start" : 1656642371715,
    "stop" : 1656642371934,
    "duration" : 219
  },
  "status" : "passed",
  "severity" : "normal"
}, {
  "uid" : "729d8ff4e739773e",
  "name" : "test_test_scene_1[test_case2]",
  "time" : {
    "start" : 1656642371465,
    "stop" : 1656642371855,
    "duration" : 390
  },
  "status" : "passed",
  "severity" : "normal"
}, {
  "uid" : "830c8d0fec1dafe5",
  "name" : "test_test_scene_1[test_case1]",
  "time" : {
    "start" : 1656642371231,
    "stop" : 1656642371465,
    "duration" : 234
  },
  "status" : "passed",
  "severity" : "normal"
} ]