[ {
  "uid" : "2d9f6d0e02d29705",
  "name" : "test_test_scene_1[test_case1]",
  "time" : {
    "start" : 1656294168645,
    "stop" : 1656294168945,
    "duration" : 300
  },
  "status" : "passed",
  "severity" : "normal"
}, {
  "uid" : "b257e62e48b86b79",
  "name" : "test_test_scene_1[test_case2]",
  "time" : {
    "start" : 1656294169063,
    "stop" : 1656294169418,
    "duration" : 355
  },
  "status" : "passed",
  "severity" : "normal"
}, {
  "uid" : "946f845ca79edaa4",
  "name" : "test_test_scene_1[test_case4]",
  "time" : {
    "start" : 1656294169852,
    "stop" : 1656294170179,
    "duration" : 327
  },
  "status" : "passed",
  "severity" : "normal"
}, {
  "uid" : "9edf8cb4de73e582",
  "name" : "test_test_scene_1[test_case3]",
  "time" : {
    "start" : 1656294169356,
    "stop" : 1656294169475,
    "duration" : 119
  },
  "status" : "passed",
  "severity" : "normal"
}, {
  "uid" : "5abf01d33a6447ac",
  "name" : "test_test_scene_1[test_case0]",
  "time" : {
    "start" : 1656294168355,
    "stop" : 1656294168572,
    "duration" : 217
  },
  "status" : "passed",
  "severity" : "normal"
}, {
  "uid" : "c35ff093ef3c698",
  "name" : "test_test_scene_1[test_case2]",
  "time" : {
    "start" : 1656294168953,
    "stop" : 1656294169422,
    "duration" : 469
  },
  "status" : "passed",
  "severity" : "normal"
}, {
  "uid" : "29f38b6988efb29a",
  "name" : "test_test_scene_1[test_case1]",
  "time" : {
    "start" : 1656294168582,
    "stop" : 1656294169054,
    "duration" : 472
  },
  "status" : "passed",
  "severity" : "normal"
}, {
  "uid" : "11ec7578ba0c2d65",
  "name" : "test_test_scene_1[test_case2]",
  "time" : {
    "start" : 1656294169083,
    "stop" : 1656294169348,
    "duration" : 265
  },
  "status" : "passed",
  "severity" : "normal"
}, {
  "uid" : "41f201aa86671ae7",
  "name" : "test_test_scene_1[test_case0]",
  "time" : {
    "start" : 1656294168355,
    "stop" : 1656294168556,
    "duration" : 201
  },
  "status" : "passed",
  "severity" : "normal"
}, {
  "uid" : "d74a49281ea676ac",
  "name" : "test_test_scene_1[test_case1]",
  "time" : {
    "start" : 1656294168566,
    "stop" : 1656294169071,
    "duration" : 505
  },
  "status" : "passed",
  "severity" : "normal"
}, {
  "uid" : "d43ebbbe6499c5a0",
  "name" : "test_test_scene_1[test_case3]",
  "time" : {
    "start" : 1656294169431,
    "stop" : 1656294169843,
    "duration" : 412
  },
  "status" : "passed",
  "severity" : "normal"
}, {
  "uid" : "7e59522aff440d6",
  "name" : "test_test_scene_1[test_case0]",
  "time" : {
    "start" : 1656294168375,
    "stop" : 1656294168636,
    "duration" : 261
  },
  "status" : "passed",
  "severity" : "normal"
} ]