[ {
  "uid" : "6325d555237d049c",
  "name" : "test_test_scene_1[test_case0]",
  "time" : {
    "start" : 1656554580486,
    "stop" : 1656554580872,
    "duration" : 386
  },
  "status" : "passed",
  "severity" : "normal"
}, {
  "uid" : "71276f9c676c7de7",
  "name" : "test_test_scene_1[test_case3]",
  "time" : {
    "start" : 1656554581770,
    "stop" : 1656554581947,
    "duration" : 177
  },
  "status" : "passed",
  "severity" : "normal"
}, {
  "uid" : "2a77389858886aba",
  "name" : "test_test_scene_1[test_case1]",
  "time" : {
    "start" : 1656554580903,
    "stop" : 1656554581428,
    "duration" : 525
  },
  "status" : "passed",
  "severity" : "normal"
}, {
  "uid" : "cc31ffa221ae6966",
  "name" : "test_test_scene_1[test_case2]",
  "time" : {
    "start" : 1656554581442,
    "stop" : 1656554581858,
    "duration" : 416
  },
  "status" : "passed",
  "severity" : "normal"
}, {
  "uid" : "c9eaf2c6b4b981c9",
  "name" : "test_test_scene_1[test_case2]",
  "time" : {
    "start" : 1656554581457,
    "stop" : 1656554581755,
    "duration" : 298
  },
  "status" : "passed",
  "severity" : "normal"
}, {
  "uid" : "a9e4cefb0018fcdb",
  "name" : "test_test_scene_1[test_case3]",
  "time" : {
    "start" : 1656554581936,
    "stop" : 1656554582454,
    "duration" : 518
  },
  "status" : "passed",
  "severity" : "normal"
}, {
  "uid" : "807f0ace60c40d70",
  "name" : "test_test_scene_1[test_case1]",
  "time" : {
    "start" : 1656554580888,
    "stop" : 1656554581308,
    "duration" : 420
  },
  "status" : "passed",
  "severity" : "normal"
}, {
  "uid" : "d427ad8ae9f327c6",
  "name" : "test_test_scene_1[test_case2]",
  "time" : {
    "start" : 1656554581320,
    "stop" : 1656554581919,
    "duration" : 599
  },
  "status" : "passed",
  "severity" : "normal"
}, {
  "uid" : "60f110eea5a8d054",
  "name" : "test_test_scene_1[test_case0]",
  "time" : {
    "start" : 1656554580562,
    "stop" : 1656554580877,
    "duration" : 315
  },
  "status" : "passed",
  "severity" : "normal"
}, {
  "uid" : "2fa960dfa09601fe",
  "name" : "test_test_scene_1[test_case1]",
  "time" : {
    "start" : 1656554580890,
    "stop" : 1656554581441,
    "duration" : 551
  },
  "status" : "passed",
  "severity" : "normal"
}, {
  "uid" : "9e27897f183ba2ea",
  "name" : "test_test_scene_1[test_case4]",
  "time" : {
    "start" : 1656554582465,
    "stop" : 1656554582929,
    "duration" : 464
  },
  "status" : "passed",
  "severity" : "normal"
}, {
  "uid" : "7b1766d583fae7db",
  "name" : "test_test_scene_1[test_case0]",
  "time" : {
    "start" : 1656554580486,
    "stop" : 1656554580890,
    "duration" : 404
  },
  "status" : "passed",
  "severity" : "normal"
} ]