{
  "7b94a35f76ab58821d02894eb57fc81d" : {
    "statistic" : {
      "failed" : 0,
      "broken" : 0,
      "skipped" : 0,
      "passed" : 1,
      "unknown" : 0,
      "total" : 1
    },
    "items" : [ {
      "uid" : "4668c23b59c359cd",
      "status" : "passed",
      "time" : {
        "start" : 1656553621545,
        "stop" : 1656553622212,
        "duration" : 667
      }
    } ]
  },
  "e1e532d9d683f438723ad738116874de" : {
    "statistic" : {
      "failed" : 0,
      "broken" : 0,
      "skipped" : 0,
      "passed" : 1,
      "unknown" : 0,
      "total" : 1
    },
    "items" : [ {
      "uid" : "24bea1027d56c36f",
      "status" : "passed",
      "time" : {
        "start" : 1656553621375,
        "stop" : 1656553621663,
        "duration" : 288
      }
    } ]
  },
  "afd5b8fa437e3399bbab7bd1fc8918aa" : {
    "statistic" : {
      "failed" : 0,
      "broken" : 0,
      "skipped" : 0,
      "passed" : 1,
      "unknown" : 0,
      "total" : 1
    },
    "items" : [ {
      "uid" : "1e535e5795b564c",
      "status" : "passed",
      "time" : {
        "start" : 1656553621674,
        "stop" : 1656553622246,
        "duration" : 572
      }
    } ]
  },
  "5eb9c9872b02e08fe1274451c1752740" : {
    "statistic" : {
      "failed" : 0,
      "broken" : 0,
      "skipped" : 0,
      "passed" : 1,
      "unknown" : 0,
      "total" : 1
    },
    "items" : [ {
      "uid" : "90cfac7dd850128f",
      "status" : "passed",
      "time" : {
        "start" : 1656553621308,
        "stop" : 1656553621551,
        "duration" : 243
      }
    } ]
  },
  "6a88c037cf1babac7c8d9389dfb6ca53" : {
    "statistic" : {
      "failed" : 0,
      "broken" : 0,
      "skipped" : 0,
      "passed" : 1,
      "unknown" : 0,
      "total" : 1
    },
    "items" : [ {
      "uid" : "235682ea9a33b666",
      "status" : "passed",
      "time" : {
        "start" : 1656553621562,
        "stop" : 1656553622159,
        "duration" : 597
      }
    } ]
  },
  "00708f03bd1a1d2bb8d845792d5e67bd" : {
    "statistic" : {
      "failed" : 0,
      "broken" : 0,
      "skipped" : 0,
      "passed" : 1,
      "unknown" : 0,
      "total" : 1
    },
    "items" : [ {
      "uid" : "4372383d950e9fb4",
      "status" : "passed",
      "time" : {
        "start" : 1656553622591,
        "stop" : 1656553622781,
        "duration" : 190
      }
    } ]
  },
  "e402d4f5afdb11afc56a2e52b250b8b7" : {
    "statistic" : {
      "failed" : 0,
      "broken" : 0,
      "skipped" : 0,
      "passed" : 1,
      "unknown" : 0,
      "total" : 1
    },
    "items" : [ {
      "uid" : "1372792c72c9a9f7",
      "status" : "passed",
      "time" : {
        "start" : 1656553623542,
        "stop" : 1656553623984,
        "duration" : 442
      }
    } ]
  },
  "278b2a7c9ac43764fae6fc61727ae281" : {
    "statistic" : {
      "failed" : 0,
      "broken" : 0,
      "skipped" : 0,
      "passed" : 1,
      "unknown" : 0,
      "total" : 1
    },
    "items" : [ {
      "uid" : "ca585bcba926c471",
      "status" : "passed",
      "time" : {
        "start" : 1656553622224,
        "stop" : 1656553622580,
        "duration" : 356
      }
    } ]
  },
  "809b9577037b738935e0101a9a21b881" : {
    "statistic" : {
      "failed" : 0,
      "broken" : 0,
      "skipped" : 0,
      "passed" : 1,
      "unknown" : 0,
      "total" : 1
    },
    "items" : [ {
      "uid" : "c394003c0cf3ffbd",
      "status" : "passed",
      "time" : {
        "start" : 1656553621309,
        "stop" : 1656553621532,
        "duration" : 223
      }
    } ]
  },
  "7e77df6106fcf9ced14f70f67930cdfc" : {
    "statistic" : {
      "failed" : 0,
      "broken" : 0,
      "skipped" : 0,
      "passed" : 1,
      "unknown" : 0,
      "total" : 1
    },
    "items" : [ {
      "uid" : "a7e0822411ec2cb",
      "status" : "passed",
      "time" : {
        "start" : 1656553622169,
        "stop" : 1656553622870,
        "duration" : 701
      }
    } ]
  },
  "5e84cecda5358b45118a62c2769c8f30" : {
    "statistic" : {
      "failed" : 0,
      "broken" : 0,
      "skipped" : 0,
      "passed" : 1,
      "unknown" : 0,
      "total" : 1
    },
    "items" : [ {
      "uid" : "f82b124df262404d",
      "status" : "passed",
      "time" : {
        "start" : 1656553622256,
        "stop" : 1656553622719,
        "duration" : 463
      }
    } ]
  },
  "4cfac0c788c049c180e2f593ec96fd14" : {
    "statistic" : {
      "failed" : 0,
      "broken" : 0,
      "skipped" : 0,
      "passed" : 1,
      "unknown" : 0,
      "total" : 1
    },
    "items" : [ {
      "uid" : "cf8e574ee735b6d8",
      "status" : "passed",
      "time" : {
        "start" : 1656553622880,
        "stop" : 1656553623534,
        "duration" : 654
      }
    } ]
  }
}