{
  "7b94a35f76ab58821d02894eb57fc81d" : {
    "statistic" : {
      "failed" : 0,
      "broken" : 1,
      "skipped" : 0,
      "passed" : 0,
      "unknown" : 0,
      "total" : 1
    },
    "items" : [ {
      "uid" : "5c15529fbc115674",
      "status" : "broken",
      "statusDetails" : "UnicodeDecodeError: 'utf-8' codec can't decode byte 0xb7 in position 948: invalid start byte",
      "time" : {
        "start" : 1656641784733,
        "stop" : 1656641784733,
        "duration" : 0
      }
    } ]
  },
  "afd5b8fa437e3399bbab7bd1fc8918aa" : {
    "statistic" : {
      "failed" : 0,
      "broken" : 1,
      "skipped" : 0,
      "passed" : 0,
      "unknown" : 0,
      "total" : 1
    },
    "items" : [ {
      "uid" : "786e5fe6b6a6011e",
      "status" : "broken",
      "statusDetails" : "UnicodeDecodeError: 'utf-8' codec can't decode byte 0xb7 in position 948: invalid start byte",
      "time" : {
        "start" : 1656641785530,
        "stop" : 1656641785530,
        "duration" : 0
      }
    } ]
  },
  "e1e532d9d683f438723ad738116874de" : {
    "statistic" : {
      "failed" : 0,
      "broken" : 1,
      "skipped" : 0,
      "passed" : 0,
      "unknown" : 0,
      "total" : 1
    },
    "items" : [ {
      "uid" : "b1ff897097ca3b3f",
      "status" : "broken",
      "statusDetails" : "AttributeError: 'NoneType' object has no attribute 'get'",
      "time" : {
        "start" : 1656641784546,
        "stop" : 1656641784874,
        "duration" : 328
      }
    } ]
  },
  "5eb9c9872b02e08fe1274451c1752740" : {
    "statistic" : {
      "failed" : 0,
      "broken" : 1,
      "skipped" : 0,
      "passed" : 0,
      "unknown" : 0,
      "total" : 1
    },
    "items" : [ {
      "uid" : "de19cb4eeaef09ff",
      "status" : "broken",
      "statusDetails" : "AttributeError: 'NoneType' object has no attribute 'get'",
      "time" : {
        "start" : 1656641784561,
        "stop" : 1656641784733,
        "duration" : 172
      }
    } ]
  },
  "6a88c037cf1babac7c8d9389dfb6ca53" : {
    "statistic" : {
      "failed" : 0,
      "broken" : 1,
      "skipped" : 0,
      "passed" : 0,
      "unknown" : 0,
      "total" : 1
    },
    "items" : [ {
      "uid" : "32cc1a37188ab982",
      "status" : "broken",
      "statusDetails" : "UnicodeDecodeError: 'utf-8' codec can't decode byte 0xb7 in position 948: invalid start byte",
      "time" : {
        "start" : 1656641785218,
        "stop" : 1656641785218,
        "duration" : 0
      }
    } ]
  },
  "00708f03bd1a1d2bb8d845792d5e67bd" : {
    "statistic" : {
      "failed" : 0,
      "broken" : 1,
      "skipped" : 0,
      "passed" : 0,
      "unknown" : 0,
      "total" : 1
    },
    "items" : [ {
      "uid" : "4558aea442457891",
      "status" : "broken",
      "statusDetails" : "UnicodeDecodeError: 'utf-8' codec can't decode byte 0xb7 in position 948: invalid start byte",
      "time" : {
        "start" : 1656641785530,
        "stop" : 1656641785530,
        "duration" : 0
      }
    } ]
  },
  "e402d4f5afdb11afc56a2e52b250b8b7" : {
    "statistic" : {
      "failed" : 0,
      "broken" : 1,
      "skipped" : 0,
      "passed" : 0,
      "unknown" : 0,
      "total" : 1
    },
    "items" : [ {
      "uid" : "d35bfd79ffe6337e",
      "status" : "broken",
      "statusDetails" : "UnicodeDecodeError: 'utf-8' codec can't decode byte 0xb7 in position 948: invalid start byte",
      "time" : {
        "start" : 1656641785655,
        "stop" : 1656641785655,
        "duration" : 0
      }
    } ]
  },
  "278b2a7c9ac43764fae6fc61727ae281" : {
    "statistic" : {
      "failed" : 0,
      "broken" : 1,
      "skipped" : 0,
      "passed" : 0,
      "unknown" : 0,
      "total" : 1
    },
    "items" : [ {
      "uid" : "a78f9a3f3ebb3ed4",
      "status" : "broken",
      "statusDetails" : "UnicodeDecodeError: 'utf-8' codec can't decode byte 0xb7 in position 948: invalid start byte",
      "time" : {
        "start" : 1656641785264,
        "stop" : 1656641785264,
        "duration" : 0
      }
    } ]
  },
  "809b9577037b738935e0101a9a21b881" : {
    "statistic" : {
      "failed" : 0,
      "broken" : 0,
      "skipped" : 0,
      "passed" : 1,
      "unknown" : 0,
      "total" : 1
    },
    "items" : [ {
      "uid" : "36e0e8bb51fccb0f",
      "status" : "passed",
      "time" : {
        "start" : 1656641784515,
        "stop" : 1656641784718,
        "duration" : 203
      }
    } ]
  },
  "7e77df6106fcf9ced14f70f67930cdfc" : {
    "statistic" : {
      "failed" : 0,
      "broken" : 1,
      "skipped" : 0,
      "passed" : 0,
      "unknown" : 0,
      "total" : 1
    },
    "items" : [ {
      "uid" : "3faa21c0b3c29e8d",
      "status" : "broken",
      "statusDetails" : "UnicodeDecodeError: 'utf-8' codec can't decode byte 0xb7 in position 948: invalid start byte",
      "time" : {
        "start" : 1656641785280,
        "stop" : 1656641785280,
        "duration" : 0
      }
    } ]
  },
  "5e84cecda5358b45118a62c2769c8f30" : {
    "statistic" : {
      "failed" : 0,
      "broken" : 1,
      "skipped" : 0,
      "passed" : 0,
      "unknown" : 0,
      "total" : 1
    },
    "items" : [ {
      "uid" : "e76cb5c0ff58bb4c",
      "status" : "broken",
      "statusDetails" : "UnicodeDecodeError: 'utf-8' codec can't decode byte 0xb7 in position 948: invalid start byte",
      "time" : {
        "start" : 1656641785655,
        "stop" : 1656641785655,
        "duration" : 0
      }
    } ]
  },
  "4cfac0c788c049c180e2f593ec96fd14" : {
    "statistic" : {
      "failed" : 0,
      "broken" : 1,
      "skipped" : 0,
      "passed" : 0,
      "unknown" : 0,
      "total" : 1
    },
    "items" : [ {
      "uid" : "14158805be82493a",
      "status" : "broken",
      "statusDetails" : "UnicodeDecodeError: 'utf-8' codec can't decode byte 0xb7 in position 948: invalid start byte",
      "time" : {
        "start" : 1656641785530,
        "stop" : 1656641785530,
        "duration" : 0
      }
    } ]
  }
}