[ {
  "uid" : "aedd3a677408bee5",
  "name" : "test_test_scene_1[test_case1]",
  "time" : {
    "start" : 1656554218744,
    "stop" : 1656554219099,
    "duration" : 355
  },
  "status" : "passed",
  "severity" : "normal"
}, {
  "uid" : "797c787f86ebffa5",
  "name" : "test_test_scene_1[test_case0]",
  "time" : {
    "start" : 1656554218568,
    "stop" : 1656554218794,
    "duration" : 226
  },
  "status" : "passed",
  "severity" : "normal"
}, {
  "uid" : "ca703e7d6ff0758a",
  "name" : "test_test_scene_1[test_case4]",
  "time" : {
    "start" : 1656554220037,
    "stop" : 1656554220448,
    "duration" : 411
  },
  "status" : "passed",
  "severity" : "normal"
}, {
  "uid" : "933a901fc5d72854",
  "name" : "test_test_scene_1[test_case3]",
  "time" : {
    "start" : 1656554219636,
    "stop" : 1656554219806,
    "duration" : 170
  },
  "status" : "passed",
  "severity" : "normal"
}, {
  "uid" : "49692be5a568bc79",
  "name" : "test_test_scene_1[test_case0]",
  "time" : {
    "start" : 1656554218527,
    "stop" : 1656554218864,
    "duration" : 337
  },
  "status" : "passed",
  "severity" : "normal"
}, {
  "uid" : "db2d2b610febb6c5",
  "name" : "test_test_scene_1[test_case1]",
  "time" : {
    "start" : 1656554218807,
    "stop" : 1656554219340,
    "duration" : 533
  },
  "status" : "passed",
  "severity" : "normal"
}, {
  "uid" : "8f66a50d8fd8f415",
  "name" : "test_test_scene_1[test_case2]",
  "time" : {
    "start" : 1656554219356,
    "stop" : 1656554219625,
    "duration" : 269
  },
  "status" : "passed",
  "severity" : "normal"
}, {
  "uid" : "b77153a06856b88e",
  "name" : "test_test_scene_1[test_case2]",
  "time" : {
    "start" : 1656554219111,
    "stop" : 1656554219528,
    "duration" : 417
  },
  "status" : "passed",
  "severity" : "normal"
}, {
  "uid" : "251ba579f6fa10a0",
  "name" : "test_test_scene_1[test_case0]",
  "time" : {
    "start" : 1656554218511,
    "stop" : 1656554218730,
    "duration" : 219
  },
  "status" : "passed",
  "severity" : "normal"
}, {
  "uid" : "eaa7d1375ca81158",
  "name" : "test_test_scene_1[test_case1]",
  "time" : {
    "start" : 1656554218881,
    "stop" : 1656554219331,
    "duration" : 450
  },
  "status" : "passed",
  "severity" : "normal"
}, {
  "uid" : "79fcf8495b9c6f93",
  "name" : "test_test_scene_1[test_case3]",
  "time" : {
    "start" : 1656554219541,
    "stop" : 1656554220023,
    "duration" : 482
  },
  "status" : "passed",
  "severity" : "normal"
}, {
  "uid" : "5cc0af4851640796",
  "name" : "test_test_scene_1[test_case2]",
  "time" : {
    "start" : 1656554219343,
    "stop" : 1656554219709,
    "duration" : 366
  },
  "status" : "passed",
  "severity" : "normal"
} ]