{
  "e1e532d9d683f438723ad738116874de" : {
    "statistic" : {
      "failed" : 0,
      "broken" : 0,
      "skipped" : 0,
      "passed" : 1,
      "unknown" : 0,
      "total" : 1
    },
    "items" : [ {
      "uid" : "ca69a5d41b001160",
      "status" : "passed",
      "time" : {
        "start" : 1656642061430,
        "stop" : 1656642061727,
        "duration" : 297
      }
    } ]
  },
  "afd5b8fa437e3399bbab7bd1fc8918aa" : {
    "statistic" : {
      "failed" : 0,
      "broken" : 1,
      "skipped" : 0,
      "passed" : 0,
      "unknown" : 0,
      "total" : 1
    },
    "items" : [ {
      "uid" : "b21bd39b09f77bea",
      "status" : "broken",
      "statusDetails" : "UnicodeDecodeError: 'utf-8' codec can't decode byte 0xb7 in position 948: invalid start byte",
      "time" : {
        "start" : 1656642061743,
        "stop" : 1656642061743,
        "duration" : 0
      }
    } ]
  },
  "7b94a35f76ab58821d02894eb57fc81d" : {
    "statistic" : {
      "failed" : 0,
      "broken" : 1,
      "skipped" : 0,
      "passed" : 0,
      "unknown" : 0,
      "total" : 1
    },
    "items" : [ {
      "uid" : "e25d02804449a77",
      "status" : "broken",
      "statusDetails" : "UnicodeDecodeError: 'utf-8' codec can't decode byte 0xb7 in position 948: invalid start byte",
      "time" : {
        "start" : 1656642062211,
        "stop" : 1656642062211,
        "duration" : 0
      }
    } ]
  },
  "5eb9c9872b02e08fe1274451c1752740" : {
    "statistic" : {
      "failed" : 0,
      "broken" : 1,
      "skipped" : 0,
      "passed" : 0,
      "unknown" : 0,
      "total" : 1
    },
    "items" : [ {
      "uid" : "befd3c53334a7b54",
      "status" : "broken",
      "statusDetails" : "AttributeError: 'NoneType' object has no attribute 'get'",
      "time" : {
        "start" : 1656642061446,
        "stop" : 1656642061758,
        "duration" : 312
      }
    } ]
  },
  "6a88c037cf1babac7c8d9389dfb6ca53" : {
    "statistic" : {
      "failed" : 0,
      "broken" : 1,
      "skipped" : 0,
      "passed" : 0,
      "unknown" : 0,
      "total" : 1
    },
    "items" : [ {
      "uid" : "69245c34bd750291",
      "status" : "broken",
      "statusDetails" : "UnicodeDecodeError: 'utf-8' codec can't decode byte 0xb7 in position 948: invalid start byte",
      "time" : {
        "start" : 1656642062242,
        "stop" : 1656642062242,
        "duration" : 0
      }
    } ]
  },
  "00708f03bd1a1d2bb8d845792d5e67bd" : {
    "statistic" : {
      "failed" : 0,
      "broken" : 1,
      "skipped" : 0,
      "passed" : 0,
      "unknown" : 0,
      "total" : 1
    },
    "items" : [ {
      "uid" : "f1b856fa56888676",
      "status" : "broken",
      "statusDetails" : "UnicodeDecodeError: 'utf-8' codec can't decode byte 0xb7 in position 948: invalid start byte",
      "time" : {
        "start" : 1656642062321,
        "stop" : 1656642062321,
        "duration" : 0
      }
    } ]
  },
  "e402d4f5afdb11afc56a2e52b250b8b7" : {
    "statistic" : {
      "failed" : 0,
      "broken" : 1,
      "skipped" : 0,
      "passed" : 0,
      "unknown" : 0,
      "total" : 1
    },
    "items" : [ {
      "uid" : "7fb4d946c75551a0",
      "status" : "broken",
      "statusDetails" : "UnicodeDecodeError: 'utf-8' codec can't decode byte 0xb7 in position 948: invalid start byte",
      "time" : {
        "start" : 1656642062414,
        "stop" : 1656642062414,
        "duration" : 0
      }
    } ]
  },
  "278b2a7c9ac43764fae6fc61727ae281" : {
    "statistic" : {
      "failed" : 0,
      "broken" : 1,
      "skipped" : 0,
      "passed" : 0,
      "unknown" : 0,
      "total" : 1
    },
    "items" : [ {
      "uid" : "4082b05ef5003bc5",
      "status" : "broken",
      "statusDetails" : "UnicodeDecodeError: 'utf-8' codec can't decode byte 0xb7 in position 948: invalid start byte",
      "time" : {
        "start" : 1656642062258,
        "stop" : 1656642062258,
        "duration" : 0
      }
    } ]
  },
  "7e77df6106fcf9ced14f70f67930cdfc" : {
    "statistic" : {
      "failed" : 0,
      "broken" : 1,
      "skipped" : 0,
      "passed" : 0,
      "unknown" : 0,
      "total" : 1
    },
    "items" : [ {
      "uid" : "2260f4307d125260",
      "status" : "broken",
      "statusDetails" : "UnicodeDecodeError: 'utf-8' codec can't decode byte 0xb7 in position 948: invalid start byte",
      "time" : {
        "start" : 1656642062305,
        "stop" : 1656642062305,
        "duration" : 0
      }
    } ]
  },
  "809b9577037b738935e0101a9a21b881" : {
    "statistic" : {
      "failed" : 0,
      "broken" : 1,
      "skipped" : 0,
      "passed" : 0,
      "unknown" : 0,
      "total" : 1
    },
    "items" : [ {
      "uid" : "26f8f1a0bd38d953",
      "status" : "broken",
      "statusDetails" : "AttributeError: 'NoneType' object has no attribute 'get'",
      "time" : {
        "start" : 1656642061477,
        "stop" : 1656642061711,
        "duration" : 234
      }
    } ]
  },
  "5e84cecda5358b45118a62c2769c8f30" : {
    "statistic" : {
      "failed" : 0,
      "broken" : 1,
      "skipped" : 0,
      "passed" : 0,
      "unknown" : 0,
      "total" : 1
    },
    "items" : [ {
      "uid" : "9ca7d7156806c2dc",
      "status" : "broken",
      "statusDetails" : "UnicodeDecodeError: 'utf-8' codec can't decode byte 0xb7 in position 948: invalid start byte",
      "time" : {
        "start" : 1656642062258,
        "stop" : 1656642062258,
        "duration" : 0
      }
    } ]
  },
  "4cfac0c788c049c180e2f593ec96fd14" : {
    "statistic" : {
      "failed" : 0,
      "broken" : 1,
      "skipped" : 0,
      "passed" : 0,
      "unknown" : 0,
      "total" : 1
    },
    "items" : [ {
      "uid" : "37c5abbf0bb219d6",
      "status" : "broken",
      "statusDetails" : "UnicodeDecodeError: 'utf-8' codec can't decode byte 0xb7 in position 948: invalid start byte",
      "time" : {
        "start" : 1656642062367,
        "stop" : 1656642062367,
        "duration" : 0
      }
    } ]
  }
}