[ {
  "uid" : "7d9c7dcea7459127",
  "name" : "test_test_scene_1[test_case2]",
  "time" : {
    "start" : 1656553386348,
    "stop" : 1656553386745,
    "duration" : 397
  },
  "status" : "passed",
  "severity" : "normal"
}, {
  "uid" : "51e9f5596a96bd32",
  "name" : "test_test_scene_1[test_case0]",
  "time" : {
    "start" : 1656553385407,
    "stop" : 1656553385744,
    "duration" : 337
  },
  "status" : "passed",
  "severity" : "normal"
}, {
  "uid" : "d8a979868392d6b4",
  "name" : "test_test_scene_1[test_case0]",
  "time" : {
    "start" : 1656553385386,
    "stop" : 1656553385741,
    "duration" : 355
  },
  "status" : "passed",
  "severity" : "normal"
}, {
  "uid" : "d1d8e34f619d32ea",
  "name" : "test_test_scene_1[test_case1]",
  "time" : {
    "start" : 1656553385753,
    "stop" : 1656553386339,
    "duration" : 586
  },
  "status" : "passed",
  "severity" : "normal"
}, {
  "uid" : "ac00ac2160fd8141",
  "name" : "test_test_scene_1[test_case3]",
  "time" : {
    "start" : 1656553386840,
    "stop" : 1656553387368,
    "duration" : 528
  },
  "status" : "passed",
  "severity" : "normal"
}, {
  "uid" : "79e01a88ba5346ab",
  "name" : "test_test_scene_1[test_case4]",
  "time" : {
    "start" : 1656553387380,
    "stop" : 1656553387931,
    "duration" : 551
  },
  "status" : "passed",
  "severity" : "normal"
}, {
  "uid" : "d074c50d42fffeee",
  "name" : "test_test_scene_1[test_case2]",
  "time" : {
    "start" : 1656553386357,
    "stop" : 1656553386648,
    "duration" : 291
  },
  "status" : "passed",
  "severity" : "normal"
}, {
  "uid" : "8e29d7fe885b8aef",
  "name" : "test_test_scene_1[test_case3]",
  "time" : {
    "start" : 1656553386656,
    "stop" : 1656553386874,
    "duration" : 218
  },
  "status" : "passed",
  "severity" : "normal"
}, {
  "uid" : "af94c7d5ffe55fed",
  "name" : "test_test_scene_1[test_case0]",
  "time" : {
    "start" : 1656553385406,
    "stop" : 1656553385723,
    "duration" : 317
  },
  "status" : "passed",
  "severity" : "normal"
}, {
  "uid" : "95f5a6fdfbf84d3d",
  "name" : "test_test_scene_1[test_case1]",
  "time" : {
    "start" : 1656553385754,
    "stop" : 1656553386334,
    "duration" : 580
  },
  "status" : "passed",
  "severity" : "normal"
}, {
  "uid" : "ad5d79efbbea72e9",
  "name" : "test_test_scene_1[test_case2]",
  "time" : {
    "start" : 1656553386212,
    "stop" : 1656553386825,
    "duration" : 613
  },
  "status" : "passed",
  "severity" : "normal"
}, {
  "uid" : "ec2c8dda9873a4b0",
  "name" : "test_test_scene_1[test_case1]",
  "time" : {
    "start" : 1656553385735,
    "stop" : 1656553386199,
    "duration" : 464
  },
  "status" : "passed",
  "severity" : "normal"
} ]