{
  "afd5b8fa437e3399bbab7bd1fc8918aa" : {
    "statistic" : {
      "failed" : 0,
      "broken" : 0,
      "skipped" : 0,
      "passed" : 1,
      "unknown" : 0,
      "total" : 1
    },
    "items" : [ {
      "uid" : "45bde6245450d21",
      "status" : "passed",
      "time" : {
        "start" : 1656555184925,
        "stop" : 1656555185657,
        "duration" : 732
      }
    } ]
  },
  "7b94a35f76ab58821d02894eb57fc81d" : {
    "statistic" : {
      "failed" : 0,
      "broken" : 0,
      "skipped" : 0,
      "passed" : 1,
      "unknown" : 0,
      "total" : 1
    },
    "items" : [ {
      "uid" : "b62f3029eb75769e",
      "status" : "passed",
      "time" : {
        "start" : 1656555184888,
        "stop" : 1656555185656,
        "duration" : 768
      }
    } ]
  },
  "e1e532d9d683f438723ad738116874de" : {
    "statistic" : {
      "failed" : 0,
      "broken" : 0,
      "skipped" : 0,
      "passed" : 1,
      "unknown" : 0,
      "total" : 1
    },
    "items" : [ {
      "uid" : "84e73c944380b663",
      "status" : "passed",
      "time" : {
        "start" : 1656555184421,
        "stop" : 1656555184906,
        "duration" : 485
      }
    } ]
  },
  "5eb9c9872b02e08fe1274451c1752740" : {
    "statistic" : {
      "failed" : 0,
      "broken" : 0,
      "skipped" : 0,
      "passed" : 1,
      "unknown" : 0,
      "total" : 1
    },
    "items" : [ {
      "uid" : "d485189241db90ff",
      "status" : "passed",
      "time" : {
        "start" : 1656555184420,
        "stop" : 1656555184847,
        "duration" : 427
      }
    } ]
  },
  "6a88c037cf1babac7c8d9389dfb6ca53" : {
    "statistic" : {
      "failed" : 0,
      "broken" : 0,
      "skipped" : 0,
      "passed" : 1,
      "unknown" : 0,
      "total" : 1
    },
    "items" : [ {
      "uid" : "9ea94ccd705a7439",
      "status" : "passed",
      "time" : {
        "start" : 1656555184865,
        "stop" : 1656555185644,
        "duration" : 779
      }
    } ]
  },
  "00708f03bd1a1d2bb8d845792d5e67bd" : {
    "statistic" : {
      "failed" : 0,
      "broken" : 0,
      "skipped" : 0,
      "passed" : 1,
      "unknown" : 0,
      "total" : 1
    },
    "items" : [ {
      "uid" : "db166be29b7143f",
      "status" : "passed",
      "time" : {
        "start" : 1656555186077,
        "stop" : 1656555186262,
        "duration" : 185
      }
    } ]
  },
  "e402d4f5afdb11afc56a2e52b250b8b7" : {
    "statistic" : {
      "failed" : 0,
      "broken" : 0,
      "skipped" : 0,
      "passed" : 1,
      "unknown" : 0,
      "total" : 1
    },
    "items" : [ {
      "uid" : "d39c7c33d6693ae6",
      "status" : "passed",
      "time" : {
        "start" : 1656555186932,
        "stop" : 1656555187350,
        "duration" : 418
      }
    } ]
  },
  "278b2a7c9ac43764fae6fc61727ae281" : {
    "statistic" : {
      "failed" : 0,
      "broken" : 0,
      "skipped" : 0,
      "passed" : 1,
      "unknown" : 0,
      "total" : 1
    },
    "items" : [ {
      "uid" : "9f2ba05d2efb6754",
      "status" : "passed",
      "time" : {
        "start" : 1656555185762,
        "stop" : 1656555186063,
        "duration" : 301
      }
    } ]
  },
  "809b9577037b738935e0101a9a21b881" : {
    "statistic" : {
      "failed" : 0,
      "broken" : 0,
      "skipped" : 0,
      "passed" : 1,
      "unknown" : 0,
      "total" : 1
    },
    "items" : [ {
      "uid" : "63aa0175b943317f",
      "status" : "passed",
      "time" : {
        "start" : 1656555184512,
        "stop" : 1656555184858,
        "duration" : 346
      }
    } ]
  },
  "7e77df6106fcf9ced14f70f67930cdfc" : {
    "statistic" : {
      "failed" : 0,
      "broken" : 0,
      "skipped" : 0,
      "passed" : 1,
      "unknown" : 0,
      "total" : 1
    },
    "items" : [ {
      "uid" : "6384b5b5fa7d48d1",
      "status" : "passed",
      "time" : {
        "start" : 1656555185745,
        "stop" : 1656555186370,
        "duration" : 625
      }
    } ]
  },
  "5e84cecda5358b45118a62c2769c8f30" : {
    "statistic" : {
      "failed" : 0,
      "broken" : 0,
      "skipped" : 0,
      "passed" : 1,
      "unknown" : 0,
      "total" : 1
    },
    "items" : [ {
      "uid" : "e4758cf9df913209",
      "status" : "passed",
      "time" : {
        "start" : 1656555185754,
        "stop" : 1656555186145,
        "duration" : 391
      }
    } ]
  },
  "4cfac0c788c049c180e2f593ec96fd14" : {
    "statistic" : {
      "failed" : 0,
      "broken" : 0,
      "skipped" : 0,
      "passed" : 1,
      "unknown" : 0,
      "total" : 1
    },
    "items" : [ {
      "uid" : "c43a3d5adaf55e92",
      "status" : "passed",
      "time" : {
        "start" : 1656555186381,
        "stop" : 1656555186912,
        "duration" : 531
      }
    } ]
  }
}