"Status","Start Time","Stop Time","Duration in ms","Parent Suite","Suite","Sub Suite","Test Class","Test Method","Name","Description"
"passed","Thu Jun 30 10:15:04 CST 2022","Thu Jun 30 10:15:04 CST 2022","475","testCases.blue","test_invoice_manage2_Test_scene_1","","","","test_test_scene_1[test_case2]",""
"passed","Thu Jun 30 10:15:03 CST 2022","Thu Jun 30 10:15:04 CST 2022","577","testCases.blue","test_invoice_manage2_Test_scene_1","","","","test_test_scene_1[test_case1]",""
"passed","Thu Jun 30 10:15:04 CST 2022","Thu Jun 30 10:15:04 CST 2022","641","testCases.addInvoiceToConfirm","test_invoice_manage1_Test_scene_1","","","","test_test_scene_1[test_case2]",""
"passed","Thu Jun 30 10:15:03 CST 2022","Thu Jun 30 10:15:03 CST 2022","262","testCases.addInvoiceToConfirm","test_invoice_manage1_Test_scene_1","","","","test_test_scene_1[test_case0]",""
"passed","Thu Jun 30 10:15:03 CST 2022","Thu Jun 30 10:15:03 CST 2022","398","testCases.blue","test_invoice_manage2_Test_scene_1","","","","test_test_scene_1[test_case0]",""
"passed","Thu Jun 30 10:15:05 CST 2022","Thu Jun 30 10:15:06 CST 2022","547","testCases.addInvoiceToConfirm","test_invoice_manage1_Test_scene_1","","","","test_test_scene_1[test_case4]",""
"passed","Thu Jun 30 10:15:04 CST 2022","Thu Jun 30 10:15:05 CST 2022","596","testCases.addInvoiceToConfirm","test_invoice_manage1_Test_scene_1","","","","test_test_scene_1[test_case3]",""
"passed","Thu Jun 30 10:15:03 CST 2022","Thu Jun 30 10:15:03 CST 2022","190","testCases.addInvoiceToConfirm","test_invoice_manage_Test_scene_1","","","","test_test_scene_1[test_case0]",""
"passed","Thu Jun 30 10:15:03 CST 2022","Thu Jun 30 10:15:04 CST 2022","649","testCases.addInvoiceToConfirm","test_invoice_manage_Test_scene_1","","","","test_test_scene_1[test_case1]",""
"passed","Thu Jun 30 10:15:04 CST 2022","Thu Jun 30 10:15:04 CST 2022","459","testCases.addInvoiceToConfirm","test_invoice_manage_Test_scene_1","","","","test_test_scene_1[test_case2]",""
"passed","Thu Jun 30 10:15:04 CST 2022","Thu Jun 30 10:15:05 CST 2022","247","testCases.addInvoiceToConfirm","test_invoice_manage_Test_scene_1","","","","test_test_scene_1[test_case3]",""
"passed","Thu Jun 30 10:15:03 CST 2022","Thu Jun 30 10:15:04 CST 2022","465","testCases.addInvoiceToConfirm","test_invoice_manage1_Test_scene_1","","","","test_test_scene_1[test_case1]",""
