[ {
  "uid" : "bbaafbf01d1e819a",
  "name" : "test_test_scene_1[test_case0]",
  "time" : {
    "start" : 1656553857993,
    "stop" : 1656553858462,
    "duration" : 469
  },
  "status" : "passed",
  "severity" : "normal"
}, {
  "uid" : "f3a8a5db5a900f38",
  "name" : "test_test_scene_1[test_case1]",
  "time" : {
    "start" : 1656553858477,
    "stop" : 1656553858986,
    "duration" : 509
  },
  "status" : "passed",
  "severity" : "normal"
}, {
  "uid" : "abc314cb50dc8d09",
  "name" : "test_test_scene_1[test_case3]",
  "time" : {
    "start" : 1656553859461,
    "stop" : 1656553860072,
    "duration" : 611
  },
  "status" : "passed",
  "severity" : "normal"
}, {
  "uid" : "471359f9d3d5f7ea",
  "name" : "test_test_scene_1[test_case0]",
  "time" : {
    "start" : 1656553858002,
    "stop" : 1656553858356,
    "duration" : 354
  },
  "status" : "passed",
  "severity" : "normal"
}, {
  "uid" : "fb6af775ac17addb",
  "name" : "test_test_scene_1[test_case2]",
  "time" : {
    "start" : 1656553858980,
    "stop" : 1656553859419,
    "duration" : 439
  },
  "status" : "passed",
  "severity" : "normal"
}, {
  "uid" : "706abcb4809c47ca",
  "name" : "test_test_scene_1[test_case4]",
  "time" : {
    "start" : 1656553860085,
    "stop" : 1656553860577,
    "duration" : 492
  },
  "status" : "passed",
  "severity" : "normal"
}, {
  "uid" : "a6cb5e25084a7ccd",
  "name" : "test_test_scene_1[test_case1]",
  "time" : {
    "start" : 1656553858371,
    "stop" : 1656553858951,
    "duration" : 580
  },
  "status" : "passed",
  "severity" : "normal"
}, {
  "uid" : "5d1d9a46e8e9a7e8",
  "name" : "test_test_scene_1[test_case0]",
  "time" : {
    "start" : 1656553857994,
    "stop" : 1656553858352,
    "duration" : 358
  },
  "status" : "passed",
  "severity" : "normal"
}, {
  "uid" : "a86770cd000fb9eb",
  "name" : "test_test_scene_1[test_case1]",
  "time" : {
    "start" : 1656553858368,
    "stop" : 1656553858752,
    "duration" : 384
  },
  "status" : "passed",
  "severity" : "normal"
}, {
  "uid" : "8fc207b962bda1da",
  "name" : "test_test_scene_1[test_case2]",
  "time" : {
    "start" : 1656553858767,
    "stop" : 1656553859439,
    "duration" : 672
  },
  "status" : "passed",
  "severity" : "normal"
}, {
  "uid" : "3720ae73e30be95d",
  "name" : "test_test_scene_1[test_case3]",
  "time" : {
    "start" : 1656553859436,
    "stop" : 1656553859627,
    "duration" : 191
  },
  "status" : "passed",
  "severity" : "normal"
}, {
  "uid" : "db3bf74c7eddee38",
  "name" : "test_test_scene_1[test_case2]",
  "time" : {
    "start" : 1656553859005,
    "stop" : 1656553859355,
    "duration" : 350
  },
  "status" : "passed",
  "severity" : "normal"
} ]