{
  "uid" : "b1a8273437954620fa374b796ffaacdd",
  "name" : "behaviors",
  "children" : [ {
    "name" : "test_1",
    "uid" : "3ca8b81bf2698678",
    "parentUid" : "b1a8273437954620fa374b796ffaacdd",
    "status" : "passed",
    "time" : {
      "start" : 1687926060199,
      "stop" : 1687926060199,
      "duration" : 0
    },
    "flaky" : false,
    "newFailed" : false,
    "newPassed" : false,
    "newBroken" : false,
    "retriesCount" : 0,
    "retriesStatusChange" : false,
    "parameters" : [ ]
  }, {
    "name" : "test_3",
    "uid" : "210d4e12d08e1b2a",
    "parentUid" : "b1a8273437954620fa374b796ffaacdd",
    "status" : "passed",
    "time" : {
      "start" : 1687926060214,
      "stop" : 1687926060214,
      "duration" : 0
    },
    "flaky" : false,
    "newFailed" : false,
    "newPassed" : false,
    "newBroken" : false,
    "retriesCount" : 0,
    "retriesStatusChange" : false,
    "parameters" : [ ]
  }, {
    "name" : "test_2",
    "uid" : "7365a37285e5a965",
    "parentUid" : "b1a8273437954620fa374b796ffaacdd",
    "status" : "passed",
    "time" : {
      "start" : 1687926060214,
      "stop" : 1687926060214,
      "duration" : 0
    },
    "flaky" : false,
    "newFailed" : false,
    "newPassed" : false,
    "newBroken" : false,
    "retriesCount" : 0,
    "retriesStatusChange" : false,
    "parameters" : [ ]
  } ]
}