{
  "uid" : "83edc06c07f9ae9e47eb6dd1b683e4e2",
  "name" : "packages",
  "children" : [ {
    "name" : "testCase.pro.apis.test_1",
    "children" : [ {
      "name" : "test_1",
      "uid" : "3ca8b81bf2698678",
      "parentUid" : "d92ecb28c7658aff2c8a3c63264e0195",
      "status" : "passed",
      "time" : {
        "start" : 1687926060199,
        "stop" : 1687926060199,
        "duration" : 0
      },
      "flaky" : false,
      "newFailed" : false,
      "newPassed" : false,
      "newBroken" : false,
      "retriesCount" : 0,
      "retriesStatusChange" : false,
      "parameters" : [ ]
    }, {
      "name" : "test_3",
      "uid" : "210d4e12d08e1b2a",
      "parentUid" : "d92ecb28c7658aff2c8a3c63264e0195",
      "status" : "passed",
      "time" : {
        "start" : 1687926060214,
        "stop" : 1687926060214,
        "duration" : 0
      },
      "flaky" : false,
      "newFailed" : false,
      "newPassed" : false,
      "newBroken" : false,
      "retriesCount" : 0,
      "retriesStatusChange" : false,
      "parameters" : [ ]
    }, {
      "name" : "test_2",
      "uid" : "7365a37285e5a965",
      "parentUid" : "d92ecb28c7658aff2c8a3c63264e0195",
      "status" : "passed",
      "time" : {
        "start" : 1687926060214,
        "stop" : 1687926060214,
        "duration" : 0
      },
      "flaky" : false,
      "newFailed" : false,
      "newPassed" : false,
      "newBroken" : false,
      "retriesCount" : 0,
      "retriesStatusChange" : false,
      "parameters" : [ ]
    } ],
    "uid" : "testCase.pro.apis.test_1"
  } ]
}