{
  "uid" : "ab17fc5a4eb3bca4b216b548c7f9fcbc",
  "name" : "timeline",
  "children" : [ {
    "name" : "CN01XIT00000ZON",
    "children" : [ {
      "name" : "28044-MainThread",
      "children" : [ {
        "name" : "test_2",
        "uid" : "7365a37285e5a965",
        "parentUid" : "8dbae755a1e86fe82923fc55e56eb8e3",
        "status" : "passed",
        "time" : {
          "start" : 1687926060214,
          "stop" : 1687926060214,
          "duration" : 0
        },
        "flaky" : false,
        "newFailed" : false,
        "newPassed" : false,
        "newBroken" : false,
        "retriesCount" : 0,
        "retriesStatusChange" : false,
        "parameters" : [ ]
      }, {
        "name" : "test_1",
        "uid" : "3ca8b81bf2698678",
        "parentUid" : "8dbae755a1e86fe82923fc55e56eb8e3",
        "status" : "passed",
        "time" : {
          "start" : 1687926060199,
          "stop" : 1687926060199,
          "duration" : 0
        },
        "flaky" : false,
        "newFailed" : false,
        "newPassed" : false,
        "newBroken" : false,
        "retriesCount" : 0,
        "retriesStatusChange" : false,
        "parameters" : [ ]
      }, {
        "name" : "test_3",
        "uid" : "210d4e12d08e1b2a",
        "parentUid" : "8dbae755a1e86fe82923fc55e56eb8e3",
        "status" : "passed",
        "time" : {
          "start" : 1687926060214,
          "stop" : 1687926060214,
          "duration" : 0
        },
        "flaky" : false,
        "newFailed" : false,
        "newPassed" : false,
        "newBroken" : false,
        "retriesCount" : 0,
        "retriesStatusChange" : false,
        "parameters" : [ ]
      } ],
      "uid" : "8dbae755a1e86fe82923fc55e56eb8e3"
    } ],
    "uid" : "f8b0faf773517d923b353d1ef0c9672e"
  } ]
}