{
  "7b94a35f76ab58821d02894eb57fc81d" : {
    "statistic" : {
      "failed" : 0,
      "broken" : 0,
      "skipped" : 0,
      "passed" : 1,
      "unknown" : 0,
      "total" : 1
    },
    "items" : [ {
      "uid" : "d017939d7c45a51e",
      "status" : "passed",
      "time" : {
        "start" : 1656293577574,
        "stop" : 1656293581237,
        "duration" : 3663
      }
    } ]
  },
  "afd5b8fa437e3399bbab7bd1fc8918aa" : {
    "statistic" : {
      "failed" : 0,
      "broken" : 0,
      "skipped" : 0,
      "passed" : 1,
      "unknown" : 0,
      "total" : 1
    },
    "items" : [ {
      "uid" : "80fbfda8d0dfe3c1",
      "status" : "passed",
      "time" : {
        "start" : 1656293573895,
        "stop" : 1656293577557,
        "duration" : 3662
      }
    } ]
  },
  "e1e532d9d683f438723ad738116874de" : {
    "statistic" : {
      "failed" : 0,
      "broken" : 0,
      "skipped" : 0,
      "passed" : 1,
      "unknown" : 0,
      "total" : 1
    },
    "items" : [ {
      "uid" : "4185709ae18f3a1d",
      "status" : "passed",
      "time" : {
        "start" : 1656293573458,
        "stop" : 1656293573885,
        "duration" : 427
      }
    } ]
  },
  "5eb9c9872b02e08fe1274451c1752740" : {
    "statistic" : {
      "failed" : 0,
      "broken" : 0,
      "skipped" : 0,
      "passed" : 1,
      "unknown" : 0,
      "total" : 1
    },
    "items" : [ {
      "uid" : "718e4679d3947d00",
      "status" : "passed",
      "time" : {
        "start" : 1656293573449,
        "stop" : 1656293577563,
        "duration" : 4114
      }
    } ]
  },
  "6a88c037cf1babac7c8d9389dfb6ca53" : {
    "statistic" : {
      "failed" : 0,
      "broken" : 0,
      "skipped" : 0,
      "passed" : 1,
      "unknown" : 0,
      "total" : 1
    },
    "items" : [ {
      "uid" : "61ebdcf6df582d62",
      "status" : "passed",
      "time" : {
        "start" : 1656293577573,
        "stop" : 1656293578099,
        "duration" : 526
      }
    } ]
  },
  "00708f03bd1a1d2bb8d845792d5e67bd" : {
    "statistic" : {
      "failed" : 0,
      "broken" : 0,
      "skipped" : 0,
      "passed" : 1,
      "unknown" : 0,
      "total" : 1
    },
    "items" : [ {
      "uid" : "c43d3b06b214db0a",
      "status" : "passed",
      "time" : {
        "start" : 1656293583321,
        "stop" : 1656293583667,
        "duration" : 346
      }
    } ]
  },
  "e402d4f5afdb11afc56a2e52b250b8b7" : {
    "statistic" : {
      "failed" : 0,
      "broken" : 0,
      "skipped" : 0,
      "passed" : 1,
      "unknown" : 0,
      "total" : 1
    },
    "items" : [ {
      "uid" : "7e23a13a6b5ab204",
      "status" : "passed",
      "time" : {
        "start" : 1656293582357,
        "stop" : 1656293583165,
        "duration" : 808
      }
    } ]
  },
  "278b2a7c9ac43764fae6fc61727ae281" : {
    "statistic" : {
      "failed" : 0,
      "broken" : 0,
      "skipped" : 0,
      "passed" : 1,
      "unknown" : 0,
      "total" : 1
    },
    "items" : [ {
      "uid" : "fc25dd15ec2bd0f1",
      "status" : "passed",
      "time" : {
        "start" : 1656293581248,
        "stop" : 1656293583313,
        "duration" : 2065
      }
    } ]
  },
  "809b9577037b738935e0101a9a21b881" : {
    "statistic" : {
      "failed" : 0,
      "broken" : 0,
      "skipped" : 0,
      "passed" : 1,
      "unknown" : 0,
      "total" : 1
    },
    "items" : [ {
      "uid" : "195c815f5ba4a9d1",
      "status" : "passed",
      "time" : {
        "start" : 1656293573457,
        "stop" : 1656293577564,
        "duration" : 4107
      }
    } ]
  },
  "7e77df6106fcf9ced14f70f67930cdfc" : {
    "statistic" : {
      "failed" : 0,
      "broken" : 0,
      "skipped" : 0,
      "passed" : 1,
      "unknown" : 0,
      "total" : 1
    },
    "items" : [ {
      "uid" : "841b5acbd2bf4fc1",
      "status" : "passed",
      "time" : {
        "start" : 1656293578107,
        "stop" : 1656293581177,
        "duration" : 3070
      }
    } ]
  },
  "5e84cecda5358b45118a62c2769c8f30" : {
    "statistic" : {
      "failed" : 0,
      "broken" : 0,
      "skipped" : 0,
      "passed" : 1,
      "unknown" : 0,
      "total" : 1
    },
    "items" : [ {
      "uid" : "ac851579d20db811",
      "status" : "passed",
      "time" : {
        "start" : 1656293577567,
        "stop" : 1656293581223,
        "duration" : 3656
      }
    } ]
  },
  "4cfac0c788c049c180e2f593ec96fd14" : {
    "statistic" : {
      "failed" : 0,
      "broken" : 0,
      "skipped" : 0,
      "passed" : 1,
      "unknown" : 0,
      "total" : 1
    },
    "items" : [ {
      "uid" : "64f56fe89c090cf2",
      "status" : "passed",
      "time" : {
        "start" : 1656293581185,
        "stop" : 1656293582349,
        "duration" : 1164
      }
    } ]
  }
}