"Status","Start Time","Stop Time","Duration in ms","Parent Suite","Suite","Sub Suite","Test Class","Test Method","Name","Description"
"passed","Fri Jul 01 10:23:41 CST 2022","Fri Jul 01 10:23:42 CST 2022","375","testCases.blue","test_invoice_manage2_Test_scene_1","","","","test_test_scene_1[test_case2]",""
"passed","Fri Jul 01 10:23:41 CST 2022","Fri Jul 01 10:23:41 CST 2022","203","testCases.addInvoiceToConfirm","test_invoice_manage_Test_scene_1","","","","test_test_scene_1[test_case2]",""
"passed","Fri Jul 01 10:23:41 CST 2022","Fri Jul 01 10:23:42 CST 2022","141","testCases.addInvoiceToConfirm","test_invoice_manage_Test_scene_1","","","","test_test_scene_1[test_case3]",""
"passed","Fri Jul 01 10:23:42 CST 2022","Fri Jul 01 10:23:42 CST 2022","344","testCases.addInvoiceToConfirm","test_invoice_manage1_Test_scene_1","","","","test_test_scene_1[test_case4]",""
"passed","Fri Jul 01 10:23:42 CST 2022","Fri Jul 01 10:23:42 CST 2022","391","testCases.addInvoiceToConfirm","test_invoice_manage1_Test_scene_1","","","","test_test_scene_1[test_case3]",""
"passed","Fri Jul 01 10:23:41 CST 2022","Fri Jul 01 10:23:41 CST 2022","390","testCases.addInvoiceToConfirm","test_invoice_manage_Test_scene_1","","","","test_test_scene_1[test_case1]",""
"passed","Fri Jul 01 10:23:41 CST 2022","Fri Jul 01 10:23:41 CST 2022","219","testCases.blue","test_invoice_manage2_Test_scene_1","","","","test_test_scene_1[test_case0]",""
"passed","Fri Jul 01 10:23:41 CST 2022","Fri Jul 01 10:23:41 CST 2022","125","testCases.addInvoiceToConfirm","test_invoice_manage1_Test_scene_1","","","","test_test_scene_1[test_case0]",""
"passed","Fri Jul 01 10:23:41 CST 2022","Fri Jul 01 10:23:41 CST 2022","360","testCases.blue","test_invoice_manage2_Test_scene_1","","","","test_test_scene_1[test_case1]",""
"passed","Fri Jul 01 10:23:41 CST 2022","Fri Jul 01 10:23:41 CST 2022","281","testCases.addInvoiceToConfirm","test_invoice_manage1_Test_scene_1","","","","test_test_scene_1[test_case1]",""
"passed","Fri Jul 01 10:23:41 CST 2022","Fri Jul 01 10:23:41 CST 2022","125","testCases.addInvoiceToConfirm","test_invoice_manage_Test_scene_1","","","","test_test_scene_1[test_case0]",""
"passed","Fri Jul 01 10:23:41 CST 2022","Fri Jul 01 10:23:42 CST 2022","422","testCases.addInvoiceToConfirm","test_invoice_manage1_Test_scene_1","","","","test_test_scene_1[test_case2]",""
