{
  "afd5b8fa437e3399bbab7bd1fc8918aa" : {
    "statistic" : {
      "failed" : 0,
      "broken" : 0,
      "skipped" : 0,
      "passed" : 1,
      "unknown" : 0,
      "total" : 1
    },
    "items" : [ {
      "uid" : "13b36e661053fa52",
      "status" : "passed",
      "time" : {
        "start" : 1656554339912,
        "stop" : 1656554340535,
        "duration" : 623
      }
    } ]
  },
  "e1e532d9d683f438723ad738116874de" : {
    "statistic" : {
      "failed" : 0,
      "broken" : 0,
      "skipped" : 0,
      "passed" : 1,
      "unknown" : 0,
      "total" : 1
    },
    "items" : [ {
      "uid" : "e0ab88961b06f597",
      "status" : "passed",
      "time" : {
        "start" : 1656554339327,
        "stop" : 1656554339899,
        "duration" : 572
      }
    } ]
  },
  "7b94a35f76ab58821d02894eb57fc81d" : {
    "statistic" : {
      "failed" : 0,
      "broken" : 0,
      "skipped" : 0,
      "passed" : 1,
      "unknown" : 0,
      "total" : 1
    },
    "items" : [ {
      "uid" : "8291f5c5b36c683",
      "status" : "passed",
      "time" : {
        "start" : 1656554339668,
        "stop" : 1656554340229,
        "duration" : 561
      }
    } ]
  },
  "5eb9c9872b02e08fe1274451c1752740" : {
    "statistic" : {
      "failed" : 0,
      "broken" : 0,
      "skipped" : 0,
      "passed" : 1,
      "unknown" : 0,
      "total" : 1
    },
    "items" : [ {
      "uid" : "76a6db4763ed2d8d",
      "status" : "passed",
      "time" : {
        "start" : 1656554339340,
        "stop" : 1656554339709,
        "duration" : 369
      }
    } ]
  },
  "6a88c037cf1babac7c8d9389dfb6ca53" : {
    "statistic" : {
      "failed" : 0,
      "broken" : 0,
      "skipped" : 0,
      "passed" : 1,
      "unknown" : 0,
      "total" : 1
    },
    "items" : [ {
      "uid" : "7ceda2aa00c722ce",
      "status" : "passed",
      "time" : {
        "start" : 1656554339722,
        "stop" : 1656554340195,
        "duration" : 473
      }
    } ]
  },
  "00708f03bd1a1d2bb8d845792d5e67bd" : {
    "statistic" : {
      "failed" : 0,
      "broken" : 0,
      "skipped" : 0,
      "passed" : 1,
      "unknown" : 0,
      "total" : 1
    },
    "items" : [ {
      "uid" : "49c62209adbfa0e7",
      "status" : "passed",
      "time" : {
        "start" : 1656554340563,
        "stop" : 1656554340770,
        "duration" : 207
      }
    } ]
  },
  "e402d4f5afdb11afc56a2e52b250b8b7" : {
    "statistic" : {
      "failed" : 0,
      "broken" : 0,
      "skipped" : 0,
      "passed" : 1,
      "unknown" : 0,
      "total" : 1
    },
    "items" : [ {
      "uid" : "ab9a884594dec3e4",
      "status" : "passed",
      "time" : {
        "start" : 1656554341328,
        "stop" : 1656554341816,
        "duration" : 488
      }
    } ]
  },
  "278b2a7c9ac43764fae6fc61727ae281" : {
    "statistic" : {
      "failed" : 0,
      "broken" : 0,
      "skipped" : 0,
      "passed" : 1,
      "unknown" : 0,
      "total" : 1
    },
    "items" : [ {
      "uid" : "47298d4145982337",
      "status" : "passed",
      "time" : {
        "start" : 1656554340244,
        "stop" : 1656554340553,
        "duration" : 309
      }
    } ]
  },
  "7e77df6106fcf9ced14f70f67930cdfc" : {
    "statistic" : {
      "failed" : 0,
      "broken" : 0,
      "skipped" : 0,
      "passed" : 1,
      "unknown" : 0,
      "total" : 1
    },
    "items" : [ {
      "uid" : "a0fdd591f872990f",
      "status" : "passed",
      "time" : {
        "start" : 1656554340214,
        "stop" : 1656554340781,
        "duration" : 567
      }
    } ]
  },
  "809b9577037b738935e0101a9a21b881" : {
    "statistic" : {
      "failed" : 0,
      "broken" : 0,
      "skipped" : 0,
      "passed" : 1,
      "unknown" : 0,
      "total" : 1
    },
    "items" : [ {
      "uid" : "37bfc5f74407b19",
      "status" : "passed",
      "time" : {
        "start" : 1656554339340,
        "stop" : 1656554339655,
        "duration" : 315
      }
    } ]
  },
  "5e84cecda5358b45118a62c2769c8f30" : {
    "statistic" : {
      "failed" : 0,
      "broken" : 0,
      "skipped" : 0,
      "passed" : 1,
      "unknown" : 0,
      "total" : 1
    },
    "items" : [ {
      "uid" : "f35ef4408454505a",
      "status" : "passed",
      "time" : {
        "start" : 1656554340547,
        "stop" : 1656554340974,
        "duration" : 427
      }
    } ]
  },
  "4cfac0c788c049c180e2f593ec96fd14" : {
    "statistic" : {
      "failed" : 0,
      "broken" : 0,
      "skipped" : 0,
      "passed" : 1,
      "unknown" : 0,
      "total" : 1
    },
    "items" : [ {
      "uid" : "e39b73c8c6087851",
      "status" : "passed",
      "time" : {
        "start" : 1656554340797,
        "stop" : 1656554341316,
        "duration" : 519
      }
    } ]
  }
}