{
  "afd5b8fa437e3399bbab7bd1fc8918aa" : {
    "statistic" : {
      "failed" : 0,
      "broken" : 0,
      "skipped" : 0,
      "passed" : 1,
      "unknown" : 0,
      "total" : 1
    },
    "items" : [ {
      "uid" : "fd536cb0bcc0223c",
      "status" : "passed",
      "time" : {
        "start" : 1656553983717,
        "stop" : 1656553984512,
        "duration" : 795
      }
    } ]
  },
  "e1e532d9d683f438723ad738116874de" : {
    "statistic" : {
      "failed" : 0,
      "broken" : 0,
      "skipped" : 0,
      "passed" : 1,
      "unknown" : 0,
      "total" : 1
    },
    "items" : [ {
      "uid" : "eedb12f11b94fdc1",
      "status" : "passed",
      "time" : {
        "start" : 1656553982454,
        "stop" : 1656553983640,
        "duration" : 1186
      }
    } ]
  },
  "7b94a35f76ab58821d02894eb57fc81d" : {
    "statistic" : {
      "failed" : 0,
      "broken" : 0,
      "skipped" : 0,
      "passed" : 1,
      "unknown" : 0,
      "total" : 1
    },
    "items" : [ {
      "uid" : "7eeff99fe932ee14",
      "status" : "passed",
      "time" : {
        "start" : 1656553983256,
        "stop" : 1656553984061,
        "duration" : 805
      }
    } ]
  },
  "5eb9c9872b02e08fe1274451c1752740" : {
    "statistic" : {
      "failed" : 0,
      "broken" : 0,
      "skipped" : 0,
      "passed" : 1,
      "unknown" : 0,
      "total" : 1
    },
    "items" : [ {
      "uid" : "56e1a1b27cfec58e",
      "status" : "passed",
      "time" : {
        "start" : 1656553982265,
        "stop" : 1656553983228,
        "duration" : 963
      }
    } ]
  },
  "6a88c037cf1babac7c8d9389dfb6ca53" : {
    "statistic" : {
      "failed" : 0,
      "broken" : 0,
      "skipped" : 0,
      "passed" : 1,
      "unknown" : 0,
      "total" : 1
    },
    "items" : [ {
      "uid" : "d4c94d24b55cc5fc",
      "status" : "passed",
      "time" : {
        "start" : 1656553983308,
        "stop" : 1656553984011,
        "duration" : 703
      }
    } ]
  },
  "00708f03bd1a1d2bb8d845792d5e67bd" : {
    "statistic" : {
      "failed" : 0,
      "broken" : 0,
      "skipped" : 0,
      "passed" : 1,
      "unknown" : 0,
      "total" : 1
    },
    "items" : [ {
      "uid" : "3ccac88ea8ae6417",
      "status" : "passed",
      "time" : {
        "start" : 1656553984688,
        "stop" : 1656553984942,
        "duration" : 254
      }
    } ]
  },
  "e402d4f5afdb11afc56a2e52b250b8b7" : {
    "statistic" : {
      "failed" : 0,
      "broken" : 0,
      "skipped" : 0,
      "passed" : 1,
      "unknown" : 0,
      "total" : 1
    },
    "items" : [ {
      "uid" : "1725841e2855ec1f",
      "status" : "passed",
      "time" : {
        "start" : 1656553985445,
        "stop" : 1656553985823,
        "duration" : 378
      }
    } ]
  },
  "278b2a7c9ac43764fae6fc61727ae281" : {
    "statistic" : {
      "failed" : 0,
      "broken" : 0,
      "skipped" : 0,
      "passed" : 1,
      "unknown" : 0,
      "total" : 1
    },
    "items" : [ {
      "uid" : "7963987495b1914c",
      "status" : "passed",
      "time" : {
        "start" : 1656553984182,
        "stop" : 1656553984655,
        "duration" : 473
      }
    } ]
  },
  "7e77df6106fcf9ced14f70f67930cdfc" : {
    "statistic" : {
      "failed" : 0,
      "broken" : 0,
      "skipped" : 0,
      "passed" : 1,
      "unknown" : 0,
      "total" : 1
    },
    "items" : [ {
      "uid" : "a05992696e54761a",
      "status" : "passed",
      "time" : {
        "start" : 1656553984112,
        "stop" : 1656553984761,
        "duration" : 649
      }
    } ]
  },
  "809b9577037b738935e0101a9a21b881" : {
    "statistic" : {
      "failed" : 0,
      "broken" : 0,
      "skipped" : 0,
      "passed" : 1,
      "unknown" : 0,
      "total" : 1
    },
    "items" : [ {
      "uid" : "d8e47432bfdc1303",
      "status" : "passed",
      "time" : {
        "start" : 1656553982439,
        "stop" : 1656553983235,
        "duration" : 796
      }
    } ]
  },
  "5e84cecda5358b45118a62c2769c8f30" : {
    "statistic" : {
      "failed" : 0,
      "broken" : 0,
      "skipped" : 0,
      "passed" : 1,
      "unknown" : 0,
      "total" : 1
    },
    "items" : [ {
      "uid" : "95662d68ae9b1be1",
      "status" : "passed",
      "time" : {
        "start" : 1656553984563,
        "stop" : 1656553985066,
        "duration" : 503
      }
    } ]
  },
  "4cfac0c788c049c180e2f593ec96fd14" : {
    "statistic" : {
      "failed" : 0,
      "broken" : 0,
      "skipped" : 0,
      "passed" : 1,
      "unknown" : 0,
      "total" : 1
    },
    "items" : [ {
      "uid" : "abd6585d4bbae1a0",
      "status" : "passed",
      "time" : {
        "start" : 1656553984783,
        "stop" : 1656553985433,
        "duration" : 650
      }
    } ]
  }
}