{
  "e1e532d9d683f438723ad738116874de" : {
    "statistic" : {
      "failed" : 0,
      "broken" : 0,
      "skipped" : 0,
      "passed" : 1,
      "unknown" : 0,
      "total" : 1
    },
    "items" : [ {
      "uid" : "49692be5a568bc79",
      "status" : "passed",
      "time" : {
        "start" : 1656554218527,
        "stop" : 1656554218864,
        "duration" : 337
      }
    } ]
  },
  "7b94a35f76ab58821d02894eb57fc81d" : {
    "statistic" : {
      "failed" : 0,
      "broken" : 0,
      "skipped" : 0,
      "passed" : 1,
      "unknown" : 0,
      "total" : 1
    },
    "items" : [ {
      "uid" : "db2d2b610febb6c5",
      "status" : "passed",
      "time" : {
        "start" : 1656554218807,
        "stop" : 1656554219340,
        "duration" : 533
      }
    } ]
  },
  "afd5b8fa437e3399bbab7bd1fc8918aa" : {
    "statistic" : {
      "failed" : 0,
      "broken" : 0,
      "skipped" : 0,
      "passed" : 1,
      "unknown" : 0,
      "total" : 1
    },
    "items" : [ {
      "uid" : "eaa7d1375ca81158",
      "status" : "passed",
      "time" : {
        "start" : 1656554218881,
        "stop" : 1656554219331,
        "duration" : 450
      }
    } ]
  },
  "5eb9c9872b02e08fe1274451c1752740" : {
    "statistic" : {
      "failed" : 0,
      "broken" : 0,
      "skipped" : 0,
      "passed" : 1,
      "unknown" : 0,
      "total" : 1
    },
    "items" : [ {
      "uid" : "251ba579f6fa10a0",
      "status" : "passed",
      "time" : {
        "start" : 1656554218511,
        "stop" : 1656554218730,
        "duration" : 219
      }
    } ]
  },
  "6a88c037cf1babac7c8d9389dfb6ca53" : {
    "statistic" : {
      "failed" : 0,
      "broken" : 0,
      "skipped" : 0,
      "passed" : 1,
      "unknown" : 0,
      "total" : 1
    },
    "items" : [ {
      "uid" : "aedd3a677408bee5",
      "status" : "passed",
      "time" : {
        "start" : 1656554218744,
        "stop" : 1656554219099,
        "duration" : 355
      }
    } ]
  },
  "00708f03bd1a1d2bb8d845792d5e67bd" : {
    "statistic" : {
      "failed" : 0,
      "broken" : 0,
      "skipped" : 0,
      "passed" : 1,
      "unknown" : 0,
      "total" : 1
    },
    "items" : [ {
      "uid" : "933a901fc5d72854",
      "status" : "passed",
      "time" : {
        "start" : 1656554219636,
        "stop" : 1656554219806,
        "duration" : 170
      }
    } ]
  },
  "e402d4f5afdb11afc56a2e52b250b8b7" : {
    "statistic" : {
      "failed" : 0,
      "broken" : 0,
      "skipped" : 0,
      "passed" : 1,
      "unknown" : 0,
      "total" : 1
    },
    "items" : [ {
      "uid" : "ca703e7d6ff0758a",
      "status" : "passed",
      "time" : {
        "start" : 1656554220037,
        "stop" : 1656554220448,
        "duration" : 411
      }
    } ]
  },
  "278b2a7c9ac43764fae6fc61727ae281" : {
    "statistic" : {
      "failed" : 0,
      "broken" : 0,
      "skipped" : 0,
      "passed" : 1,
      "unknown" : 0,
      "total" : 1
    },
    "items" : [ {
      "uid" : "8f66a50d8fd8f415",
      "status" : "passed",
      "time" : {
        "start" : 1656554219356,
        "stop" : 1656554219625,
        "duration" : 269
      }
    } ]
  },
  "809b9577037b738935e0101a9a21b881" : {
    "statistic" : {
      "failed" : 0,
      "broken" : 0,
      "skipped" : 0,
      "passed" : 1,
      "unknown" : 0,
      "total" : 1
    },
    "items" : [ {
      "uid" : "797c787f86ebffa5",
      "status" : "passed",
      "time" : {
        "start" : 1656554218568,
        "stop" : 1656554218794,
        "duration" : 226
      }
    } ]
  },
  "7e77df6106fcf9ced14f70f67930cdfc" : {
    "statistic" : {
      "failed" : 0,
      "broken" : 0,
      "skipped" : 0,
      "passed" : 1,
      "unknown" : 0,
      "total" : 1
    },
    "items" : [ {
      "uid" : "b77153a06856b88e",
      "status" : "passed",
      "time" : {
        "start" : 1656554219111,
        "stop" : 1656554219528,
        "duration" : 417
      }
    } ]
  },
  "5e84cecda5358b45118a62c2769c8f30" : {
    "statistic" : {
      "failed" : 0,
      "broken" : 0,
      "skipped" : 0,
      "passed" : 1,
      "unknown" : 0,
      "total" : 1
    },
    "items" : [ {
      "uid" : "5cc0af4851640796",
      "status" : "passed",
      "time" : {
        "start" : 1656554219343,
        "stop" : 1656554219709,
        "duration" : 366
      }
    } ]
  },
  "4cfac0c788c049c180e2f593ec96fd14" : {
    "statistic" : {
      "failed" : 0,
      "broken" : 0,
      "skipped" : 0,
      "passed" : 1,
      "unknown" : 0,
      "total" : 1
    },
    "items" : [ {
      "uid" : "79fcf8495b9c6f93",
      "status" : "passed",
      "time" : {
        "start" : 1656554219541,
        "stop" : 1656554220023,
        "duration" : 482
      }
    } ]
  }
}