{
  "e1e532d9d683f438723ad738116874de" : {
    "statistic" : {
      "failed" : 0,
      "broken" : 0,
      "skipped" : 0,
      "passed" : 1,
      "unknown" : 0,
      "total" : 1
    },
    "items" : [ {
      "uid" : "e6b8e215dc04c11d",
      "status" : "passed",
      "time" : {
        "start" : 1656552540287,
        "stop" : 1656552541106,
        "duration" : 819
      }
    } ]
  },
  "afd5b8fa437e3399bbab7bd1fc8918aa" : {
    "statistic" : {
      "failed" : 0,
      "broken" : 0,
      "skipped" : 0,
      "passed" : 1,
      "unknown" : 0,
      "total" : 1
    },
    "items" : [ {
      "uid" : "830bd099f83cc7c0",
      "status" : "passed",
      "time" : {
        "start" : 1656552541119,
        "stop" : 1656552541796,
        "duration" : 677
      }
    } ]
  },
  "7b94a35f76ab58821d02894eb57fc81d" : {
    "statistic" : {
      "failed" : 0,
      "broken" : 0,
      "skipped" : 0,
      "passed" : 1,
      "unknown" : 0,
      "total" : 1
    },
    "items" : [ {
      "uid" : "3836bce88d863923",
      "status" : "passed",
      "time" : {
        "start" : 1656552540735,
        "stop" : 1656552541339,
        "duration" : 604
      }
    } ]
  },
  "5eb9c9872b02e08fe1274451c1752740" : {
    "statistic" : {
      "failed" : 0,
      "broken" : 0,
      "skipped" : 0,
      "passed" : 1,
      "unknown" : 0,
      "total" : 1
    },
    "items" : [ {
      "uid" : "3a7b6683a2155e9c",
      "status" : "passed",
      "time" : {
        "start" : 1656552540287,
        "stop" : 1656552540636,
        "duration" : 349
      }
    } ]
  },
  "6a88c037cf1babac7c8d9389dfb6ca53" : {
    "statistic" : {
      "failed" : 0,
      "broken" : 0,
      "skipped" : 0,
      "passed" : 1,
      "unknown" : 0,
      "total" : 1
    },
    "items" : [ {
      "uid" : "bcbfbe8fd9264cb8",
      "status" : "passed",
      "time" : {
        "start" : 1656552540649,
        "stop" : 1656552541100,
        "duration" : 451
      }
    } ]
  },
  "00708f03bd1a1d2bb8d845792d5e67bd" : {
    "statistic" : {
      "failed" : 0,
      "broken" : 0,
      "skipped" : 0,
      "passed" : 1,
      "unknown" : 0,
      "total" : 1
    },
    "items" : [ {
      "uid" : "dd986e11d24825e7",
      "status" : "passed",
      "time" : {
        "start" : 1656552541681,
        "stop" : 1656552541888,
        "duration" : 207
      }
    } ]
  },
  "e402d4f5afdb11afc56a2e52b250b8b7" : {
    "statistic" : {
      "failed" : 0,
      "broken" : 0,
      "skipped" : 0,
      "passed" : 1,
      "unknown" : 0,
      "total" : 1
    },
    "items" : [ {
      "uid" : "8a640dedf28eb9be",
      "status" : "passed",
      "time" : {
        "start" : 1656552542359,
        "stop" : 1656552542836,
        "duration" : 477
      }
    } ]
  },
  "278b2a7c9ac43764fae6fc61727ae281" : {
    "statistic" : {
      "failed" : 0,
      "broken" : 0,
      "skipped" : 0,
      "passed" : 1,
      "unknown" : 0,
      "total" : 1
    },
    "items" : [ {
      "uid" : "8577186ccc493ae7",
      "status" : "passed",
      "time" : {
        "start" : 1656552541352,
        "stop" : 1656552541672,
        "duration" : 320
      }
    } ]
  },
  "809b9577037b738935e0101a9a21b881" : {
    "statistic" : {
      "failed" : 0,
      "broken" : 0,
      "skipped" : 0,
      "passed" : 1,
      "unknown" : 0,
      "total" : 1
    },
    "items" : [ {
      "uid" : "e77ce6455b94c831",
      "status" : "passed",
      "time" : {
        "start" : 1656552540287,
        "stop" : 1656552540723,
        "duration" : 436
      }
    } ]
  },
  "7e77df6106fcf9ced14f70f67930cdfc" : {
    "statistic" : {
      "failed" : 0,
      "broken" : 0,
      "skipped" : 0,
      "passed" : 1,
      "unknown" : 0,
      "total" : 1
    },
    "items" : [ {
      "uid" : "fdc1b40d87c486e8",
      "status" : "passed",
      "time" : {
        "start" : 1656552541113,
        "stop" : 1656552541744,
        "duration" : 631
      }
    } ]
  },
  "5e84cecda5358b45118a62c2769c8f30" : {
    "statistic" : {
      "failed" : 0,
      "broken" : 0,
      "skipped" : 0,
      "passed" : 1,
      "unknown" : 0,
      "total" : 1
    },
    "items" : [ {
      "uid" : "c4032b8d73e83508",
      "status" : "passed",
      "time" : {
        "start" : 1656552541806,
        "stop" : 1656552542355,
        "duration" : 549
      }
    } ]
  },
  "4cfac0c788c049c180e2f593ec96fd14" : {
    "statistic" : {
      "failed" : 0,
      "broken" : 0,
      "skipped" : 0,
      "passed" : 1,
      "unknown" : 0,
      "total" : 1
    },
    "items" : [ {
      "uid" : "df528d4fe23413bc",
      "status" : "passed",
      "time" : {
        "start" : 1656552541783,
        "stop" : 1656552542351,
        "duration" : 568
      }
    } ]
  }
}