"Status","Start Time","Stop Time","Duration in ms","Parent Suite","Suite","Sub Suite","Test Class","Test Method","Name","Description"
"passed","Thu Jun 30 09:54:59 CST 2022","Thu Jun 30 09:54:59 CST 2022","339","testCases.addInvoiceToConfirm","test_invoice_manage1_Test_scene_1","","","","test_test_scene_1[test_case1]",""
"passed","Thu Jun 30 09:55:00 CST 2022","Thu Jun 30 09:55:00 CST 2022","537","testCases.addInvoiceToConfirm","test_invoice_manage1_Test_scene_1","","","","test_test_scene_1[test_case2]",""
"passed","Thu Jun 30 09:54:59 CST 2022","Thu Jun 30 09:55:00 CST 2022","478","testCases.addInvoiceToConfirm","test_invoice_manage_Test_scene_1","","","","test_test_scene_1[test_case1]",""
"passed","Thu Jun 30 09:55:00 CST 2022","Thu Jun 30 09:55:01 CST 2022","537","testCases.addInvoiceToConfirm","test_invoice_manage1_Test_scene_1","","","","test_test_scene_1[test_case3]",""
"passed","Thu Jun 30 09:55:00 CST 2022","Thu Jun 30 09:55:00 CST 2022","227","testCases.addInvoiceToConfirm","test_invoice_manage_Test_scene_1","","","","test_test_scene_1[test_case2]",""
"passed","Thu Jun 30 09:55:01 CST 2022","Thu Jun 30 09:55:01 CST 2022","465","testCases.addInvoiceToConfirm","test_invoice_manage1_Test_scene_1","","","","test_test_scene_1[test_case4]",""
"passed","Thu Jun 30 09:55:00 CST 2022","Thu Jun 30 09:55:00 CST 2022","161","testCases.addInvoiceToConfirm","test_invoice_manage_Test_scene_1","","","","test_test_scene_1[test_case3]",""
"passed","Thu Jun 30 09:54:59 CST 2022","Thu Jun 30 09:54:59 CST 2022","291","testCases.addInvoiceToConfirm","test_invoice_manage_Test_scene_1","","","","test_test_scene_1[test_case0]",""
"passed","Thu Jun 30 09:54:59 CST 2022","Thu Jun 30 09:54:59 CST 2022","289","testCases.blue","test_invoice_manage2_Test_scene_1","","","","test_test_scene_1[test_case0]",""
"passed","Thu Jun 30 09:54:59 CST 2022","Thu Jun 30 09:55:00 CST 2022","441","testCases.blue","test_invoice_manage2_Test_scene_1","","","","test_test_scene_1[test_case1]",""
"passed","Thu Jun 30 09:55:00 CST 2022","Thu Jun 30 09:55:00 CST 2022","289","testCases.blue","test_invoice_manage2_Test_scene_1","","","","test_test_scene_1[test_case2]",""
"passed","Thu Jun 30 09:54:59 CST 2022","Thu Jun 30 09:54:59 CST 2022","307","testCases.addInvoiceToConfirm","test_invoice_manage1_Test_scene_1","","","","test_test_scene_1[test_case0]",""
