[ {
  "uid" : "41a92189530ff061",
  "name" : "test_test_scene_1[test_case2]",
  "time" : {
    "start" : 1656553138516,
    "stop" : 1656553138958,
    "duration" : 442
  },
  "status" : "passed",
  "severity" : "normal"
}, {
  "uid" : "72f3f8412711b1f2",
  "name" : "test_test_scene_1[test_case0]",
  "time" : {
    "start" : 1656553137669,
    "stop" : 1656553138105,
    "duration" : 436
  },
  "status" : "passed",
  "severity" : "normal"
}, {
  "uid" : "f069570c3fff1d2f",
  "name" : "test_test_scene_1[test_case0]",
  "time" : {
    "start" : 1656553137668,
    "stop" : 1656553138059,
    "duration" : 391
  },
  "status" : "passed",
  "severity" : "normal"
}, {
  "uid" : "1c9387548acdf83",
  "name" : "test_test_scene_1[test_case1]",
  "time" : {
    "start" : 1656553137946,
    "stop" : 1656553138508,
    "duration" : 562
  },
  "status" : "passed",
  "severity" : "normal"
}, {
  "uid" : "2dfdb10d9d24d9af",
  "name" : "test_test_scene_1[test_case3]",
  "time" : {
    "start" : 1656553138977,
    "stop" : 1656553139186,
    "duration" : 209
  },
  "status" : "passed",
  "severity" : "normal"
}, {
  "uid" : "e74fc3b18bf2eb9c",
  "name" : "test_test_scene_1[test_case1]",
  "time" : {
    "start" : 1656553138070,
    "stop" : 1656553138479,
    "duration" : 409
  },
  "status" : "passed",
  "severity" : "normal"
}, {
  "uid" : "60d93c68f5c60d50",
  "name" : "test_test_scene_1[test_case0]",
  "time" : {
    "start" : 1656553137668,
    "stop" : 1656553137931,
    "duration" : 263
  },
  "status" : "passed",
  "severity" : "normal"
}, {
  "uid" : "937626f014febb0d",
  "name" : "test_test_scene_1[test_case3]",
  "time" : {
    "start" : 1656553139055,
    "stop" : 1656553139533,
    "duration" : 478
  },
  "status" : "passed",
  "severity" : "normal"
}, {
  "uid" : "1409cc540f724599",
  "name" : "test_test_scene_1[test_case4]",
  "time" : {
    "start" : 1656553139545,
    "stop" : 1656553139938,
    "duration" : 393
  },
  "status" : "passed",
  "severity" : "normal"
}, {
  "uid" : "d96cbd4e78b7d862",
  "name" : "test_test_scene_1[test_case2]",
  "time" : {
    "start" : 1656553138571,
    "stop" : 1656553138962,
    "duration" : 391
  },
  "status" : "passed",
  "severity" : "normal"
}, {
  "uid" : "d49af3e978a6ce5c",
  "name" : "test_test_scene_1[test_case1]",
  "time" : {
    "start" : 1656553138115,
    "stop" : 1656553138558,
    "duration" : 443
  },
  "status" : "passed",
  "severity" : "normal"
}, {
  "uid" : "8d242f0281aef5ae",
  "name" : "test_test_scene_1[test_case2]",
  "time" : {
    "start" : 1656553138489,
    "stop" : 1656553139044,
    "duration" : 555
  },
  "status" : "passed",
  "severity" : "normal"
} ]