{
  "uid" : "83edc06c07f9ae9e47eb6dd1b683e4e2",
  "name" : "packages",
  "children" : [ {
    "name" : "testCase.pro.apis",
    "children" : [ {
      "name" : "test_1",
      "children" : [ {
        "name" : "test_2",
        "uid" : "96968d2af8cad7e9",
        "parentUid" : "d92ecb28c7658aff2c8a3c63264e0195",
        "status" : "passed",
        "time" : {
          "start" : 1687943938201,
          "stop" : 1687943938201,
          "duration" : 0
        },
        "flaky" : false,
        "newFailed" : false,
        "newPassed" : false,
        "newBroken" : false,
        "retriesCount" : 0,
        "retriesStatusChange" : false,
        "parameters" : [ ]
      }, {
        "name" : "test_1",
        "uid" : "a450123a17011940",
        "parentUid" : "d92ecb28c7658aff2c8a3c63264e0195",
        "status" : "passed",
        "time" : {
          "start" : 1687943938201,
          "stop" : 1687943938201,
          "duration" : 0
        },
        "flaky" : false,
        "newFailed" : false,
        "newPassed" : false,
        "newBroken" : false,
        "retriesCount" : 0,
        "retriesStatusChange" : false,
        "parameters" : [ ]
      }, {
        "name" : "test_3",
        "uid" : "e0b4dfea433836c",
        "parentUid" : "d92ecb28c7658aff2c8a3c63264e0195",
        "status" : "passed",
        "time" : {
          "start" : 1687943938216,
          "stop" : 1687943938216,
          "duration" : 0
        },
        "flaky" : false,
        "newFailed" : false,
        "newPassed" : false,
        "newBroken" : false,
        "retriesCount" : 0,
        "retriesStatusChange" : false,
        "parameters" : [ ]
      } ],
      "uid" : "d92ecb28c7658aff2c8a3c63264e0195"
    }, {
      "name" : "test_2",
      "children" : [ {
        "name" : "test_1",
        "uid" : "368e13bff28dda51",
        "parentUid" : "806ce5372d392df476b046e3f146cb7d",
        "status" : "passed",
        "time" : {
          "start" : 1687943938216,
          "stop" : 1687943938216,
          "duration" : 0
        },
        "flaky" : false,
        "newFailed" : false,
        "newPassed" : false,
        "newBroken" : false,
        "retriesCount" : 0,
        "retriesStatusChange" : false,
        "parameters" : [ ]
      }, {
        "name" : "test_2",
        "uid" : "2c24f6d6f9cb2803",
        "parentUid" : "806ce5372d392df476b046e3f146cb7d",
        "status" : "passed",
        "time" : {
          "start" : 1687943938216,
          "stop" : 1687943938216,
          "duration" : 0
        },
        "flaky" : false,
        "newFailed" : false,
        "newPassed" : false,
        "newBroken" : false,
        "retriesCount" : 0,
        "retriesStatusChange" : false,
        "parameters" : [ ]
      }, {
        "name" : "test_3",
        "uid" : "d46213d784115ba8",
        "parentUid" : "806ce5372d392df476b046e3f146cb7d",
        "status" : "passed",
        "time" : {
          "start" : 1687943938216,
          "stop" : 1687943938216,
          "duration" : 0
        },
        "flaky" : false,
        "newFailed" : false,
        "newPassed" : false,
        "newBroken" : false,
        "retriesCount" : 0,
        "retriesStatusChange" : false,
        "parameters" : [ ]
      } ],
      "uid" : "806ce5372d392df476b046e3f146cb7d"
    } ],
    "uid" : "testCase.pro.apis"
  } ]
}