{
  "uid" : "98d3104e051c652961429bf95fa0b5d6",
  "name" : "suites",
  "children" : [ {
    "name" : "testCase.pro.apis",
    "children" : [ {
      "name" : "test_1",
      "children" : [ {
        "name" : "test_2",
        "uid" : "96968d2af8cad7e9",
        "parentUid" : "7c45ea5479b86a15de9bb16b15520bdd",
        "status" : "passed",
        "time" : {
          "start" : 1687943938201,
          "stop" : 1687943938201,
          "duration" : 0
        },
        "flaky" : false,
        "newFailed" : false,
        "newPassed" : false,
        "newBroken" : false,
        "retriesCount" : 0,
        "retriesStatusChange" : false,
        "parameters" : [ ]
      }, {
        "name" : "test_1",
        "uid" : "a450123a17011940",
        "parentUid" : "7c45ea5479b86a15de9bb16b15520bdd",
        "status" : "passed",
        "time" : {
          "start" : 1687943938201,
          "stop" : 1687943938201,
          "duration" : 0
        },
        "flaky" : false,
        "newFailed" : false,
        "newPassed" : false,
        "newBroken" : false,
        "retriesCount" : 0,
        "retriesStatusChange" : false,
        "parameters" : [ ]
      }, {
        "name" : "test_3",
        "uid" : "e0b4dfea433836c",
        "parentUid" : "7c45ea5479b86a15de9bb16b15520bdd",
        "status" : "passed",
        "time" : {
          "start" : 1687943938216,
          "stop" : 1687943938216,
          "duration" : 0
        },
        "flaky" : false,
        "newFailed" : false,
        "newPassed" : false,
        "newBroken" : false,
        "retriesCount" : 0,
        "retriesStatusChange" : false,
        "parameters" : [ ]
      } ],
      "uid" : "7c45ea5479b86a15de9bb16b15520bdd"
    }, {
      "name" : "test_2",
      "children" : [ {
        "name" : "test_1",
        "uid" : "368e13bff28dda51",
        "parentUid" : "d83668984d0d1e3d355b3d7239f3e0ff",
        "status" : "passed",
        "time" : {
          "start" : 1687943938216,
          "stop" : 1687943938216,
          "duration" : 0
        },
        "flaky" : false,
        "newFailed" : false,
        "newPassed" : false,
        "newBroken" : false,
        "retriesCount" : 0,
        "retriesStatusChange" : false,
        "parameters" : [ ]
      }, {
        "name" : "test_2",
        "uid" : "2c24f6d6f9cb2803",
        "parentUid" : "d83668984d0d1e3d355b3d7239f3e0ff",
        "status" : "passed",
        "time" : {
          "start" : 1687943938216,
          "stop" : 1687943938216,
          "duration" : 0
        },
        "flaky" : false,
        "newFailed" : false,
        "newPassed" : false,
        "newBroken" : false,
        "retriesCount" : 0,
        "retriesStatusChange" : false,
        "parameters" : [ ]
      }, {
        "name" : "test_3",
        "uid" : "d46213d784115ba8",
        "parentUid" : "d83668984d0d1e3d355b3d7239f3e0ff",
        "status" : "passed",
        "time" : {
          "start" : 1687943938216,
          "stop" : 1687943938216,
          "duration" : 0
        },
        "flaky" : false,
        "newFailed" : false,
        "newPassed" : false,
        "newBroken" : false,
        "retriesCount" : 0,
        "retriesStatusChange" : false,
        "parameters" : [ ]
      } ],
      "uid" : "d83668984d0d1e3d355b3d7239f3e0ff"
    } ],
    "uid" : "d7f1784afb4c242addf349bec4e7fc57"
  } ]
}