{
  "uid" : "ab17fc5a4eb3bca4b216b548c7f9fcbc",
  "name" : "timeline",
  "children" : [ {
    "name" : "CN01XIT00000ZON",
    "children" : [ {
      "name" : "8372-MainThread",
      "children" : [ {
        "name" : "test_1",
        "uid" : "a450123a17011940",
        "parentUid" : "74b2df2a9aa03cd3e46a0b373a0f416b",
        "status" : "passed",
        "time" : {
          "start" : 1687943938201,
          "stop" : 1687943938201,
          "duration" : 0
        },
        "flaky" : false,
        "newFailed" : false,
        "newPassed" : false,
        "newBroken" : false,
        "retriesCount" : 0,
        "retriesStatusChange" : false,
        "parameters" : [ ]
      }, {
        "name" : "test_2",
        "uid" : "2c24f6d6f9cb2803",
        "parentUid" : "74b2df2a9aa03cd3e46a0b373a0f416b",
        "status" : "passed",
        "time" : {
          "start" : 1687943938216,
          "stop" : 1687943938216,
          "duration" : 0
        },
        "flaky" : false,
        "newFailed" : false,
        "newPassed" : false,
        "newBroken" : false,
        "retriesCount" : 0,
        "retriesStatusChange" : false,
        "parameters" : [ ]
      }, {
        "name" : "test_2",
        "uid" : "96968d2af8cad7e9",
        "parentUid" : "74b2df2a9aa03cd3e46a0b373a0f416b",
        "status" : "passed",
        "time" : {
          "start" : 1687943938201,
          "stop" : 1687943938201,
          "duration" : 0
        },
        "flaky" : false,
        "newFailed" : false,
        "newPassed" : false,
        "newBroken" : false,
        "retriesCount" : 0,
        "retriesStatusChange" : false,
        "parameters" : [ ]
      }, {
        "name" : "test_3",
        "uid" : "e0b4dfea433836c",
        "parentUid" : "74b2df2a9aa03cd3e46a0b373a0f416b",
        "status" : "passed",
        "time" : {
          "start" : 1687943938216,
          "stop" : 1687943938216,
          "duration" : 0
        },
        "flaky" : false,
        "newFailed" : false,
        "newPassed" : false,
        "newBroken" : false,
        "retriesCount" : 0,
        "retriesStatusChange" : false,
        "parameters" : [ ]
      }, {
        "name" : "test_3",
        "uid" : "d46213d784115ba8",
        "parentUid" : "74b2df2a9aa03cd3e46a0b373a0f416b",
        "status" : "passed",
        "time" : {
          "start" : 1687943938216,
          "stop" : 1687943938216,
          "duration" : 0
        },
        "flaky" : false,
        "newFailed" : false,
        "newPassed" : false,
        "newBroken" : false,
        "retriesCount" : 0,
        "retriesStatusChange" : false,
        "parameters" : [ ]
      }, {
        "name" : "test_1",
        "uid" : "368e13bff28dda51",
        "parentUid" : "74b2df2a9aa03cd3e46a0b373a0f416b",
        "status" : "passed",
        "time" : {
          "start" : 1687943938216,
          "stop" : 1687943938216,
          "duration" : 0
        },
        "flaky" : false,
        "newFailed" : false,
        "newPassed" : false,
        "newBroken" : false,
        "retriesCount" : 0,
        "retriesStatusChange" : false,
        "parameters" : [ ]
      } ],
      "uid" : "74b2df2a9aa03cd3e46a0b373a0f416b"
    } ],
    "uid" : "f8b0faf773517d923b353d1ef0c9672e"
  } ]
}