{
  "e1e532d9d683f438723ad738116874de" : {
    "statistic" : {
      "failed" : 0,
      "broken" : 0,
      "skipped" : 0,
      "passed" : 1,
      "unknown" : 0,
      "total" : 1
    },
    "items" : [ {
      "uid" : "56ec7b8e0a32fc2f",
      "status" : "passed",
      "time" : {
        "start" : 1656642371043,
        "stop" : 1656642371340,
        "duration" : 297
      }
    } ]
  },
  "7b94a35f76ab58821d02894eb57fc81d" : {
    "statistic" : {
      "failed" : 0,
      "broken" : 0,
      "skipped" : 0,
      "passed" : 1,
      "unknown" : 0,
      "total" : 1
    },
    "items" : [ {
      "uid" : "71bd671b5cae6bc2",
      "status" : "passed",
      "time" : {
        "start" : 1656642371309,
        "stop" : 1656642371699,
        "duration" : 390
      }
    } ]
  },
  "afd5b8fa437e3399bbab7bd1fc8918aa" : {
    "statistic" : {
      "failed" : 0,
      "broken" : 0,
      "skipped" : 0,
      "passed" : 1,
      "unknown" : 0,
      "total" : 1
    },
    "items" : [ {
      "uid" : "325a245706f3a84c",
      "status" : "passed",
      "time" : {
        "start" : 1656642371356,
        "stop" : 1656642371699,
        "duration" : 343
      }
    } ]
  },
  "5eb9c9872b02e08fe1274451c1752740" : {
    "statistic" : {
      "failed" : 0,
      "broken" : 0,
      "skipped" : 0,
      "passed" : 1,
      "unknown" : 0,
      "total" : 1
    },
    "items" : [ {
      "uid" : "2f1abded57fd8e1b",
      "status" : "passed",
      "time" : {
        "start" : 1656642371059,
        "stop" : 1656642371215,
        "duration" : 156
      }
    } ]
  },
  "6a88c037cf1babac7c8d9389dfb6ca53" : {
    "statistic" : {
      "failed" : 0,
      "broken" : 0,
      "skipped" : 0,
      "passed" : 1,
      "unknown" : 0,
      "total" : 1
    },
    "items" : [ {
      "uid" : "830c8d0fec1dafe5",
      "status" : "passed",
      "time" : {
        "start" : 1656642371231,
        "stop" : 1656642371465,
        "duration" : 234
      }
    } ]
  },
  "00708f03bd1a1d2bb8d845792d5e67bd" : {
    "statistic" : {
      "failed" : 0,
      "broken" : 0,
      "skipped" : 0,
      "passed" : 1,
      "unknown" : 0,
      "total" : 1
    },
    "items" : [ {
      "uid" : "ba230cba38ec0638",
      "status" : "passed",
      "time" : {
        "start" : 1656642371887,
        "stop" : 1656642371996,
        "duration" : 109
      }
    } ]
  },
  "e402d4f5afdb11afc56a2e52b250b8b7" : {
    "statistic" : {
      "failed" : 0,
      "broken" : 0,
      "skipped" : 0,
      "passed" : 1,
      "unknown" : 0,
      "total" : 1
    },
    "items" : [ {
      "uid" : "c20c6a8afa81889a",
      "status" : "passed",
      "time" : {
        "start" : 1656642372215,
        "stop" : 1656642372527,
        "duration" : 312
      }
    } ]
  },
  "278b2a7c9ac43764fae6fc61727ae281" : {
    "statistic" : {
      "failed" : 0,
      "broken" : 0,
      "skipped" : 0,
      "passed" : 1,
      "unknown" : 0,
      "total" : 1
    },
    "items" : [ {
      "uid" : "f799a7b5d7d1fb14",
      "status" : "passed",
      "time" : {
        "start" : 1656642371715,
        "stop" : 1656642371871,
        "duration" : 156
      }
    } ]
  },
  "7e77df6106fcf9ced14f70f67930cdfc" : {
    "statistic" : {
      "failed" : 0,
      "broken" : 0,
      "skipped" : 0,
      "passed" : 1,
      "unknown" : 0,
      "total" : 1
    },
    "items" : [ {
      "uid" : "729d8ff4e739773e",
      "status" : "passed",
      "time" : {
        "start" : 1656642371465,
        "stop" : 1656642371855,
        "duration" : 390
      }
    } ]
  },
  "809b9577037b738935e0101a9a21b881" : {
    "statistic" : {
      "failed" : 0,
      "broken" : 0,
      "skipped" : 0,
      "passed" : 1,
      "unknown" : 0,
      "total" : 1
    },
    "items" : [ {
      "uid" : "e673c0728b43c472",
      "status" : "passed",
      "time" : {
        "start" : 1656642371074,
        "stop" : 1656642371293,
        "duration" : 219
      }
    } ]
  },
  "5e84cecda5358b45118a62c2769c8f30" : {
    "statistic" : {
      "failed" : 0,
      "broken" : 0,
      "skipped" : 0,
      "passed" : 1,
      "unknown" : 0,
      "total" : 1
    },
    "items" : [ {
      "uid" : "c9db2dd230ea7e6e",
      "status" : "passed",
      "time" : {
        "start" : 1656642371715,
        "stop" : 1656642371934,
        "duration" : 219
      }
    } ]
  },
  "4cfac0c788c049c180e2f593ec96fd14" : {
    "statistic" : {
      "failed" : 0,
      "broken" : 0,
      "skipped" : 0,
      "passed" : 1,
      "unknown" : 0,
      "total" : 1
    },
    "items" : [ {
      "uid" : "7347d0b755ed0aab",
      "status" : "passed",
      "time" : {
        "start" : 1656642371871,
        "stop" : 1656642372215,
        "duration" : 344
      }
    } ]
  }
}