{
  "afd5b8fa437e3399bbab7bd1fc8918aa" : {
    "statistic" : {
      "failed" : 0,
      "broken" : 0,
      "skipped" : 0,
      "passed" : 1,
      "unknown" : 0,
      "total" : 1
    },
    "items" : [ {
      "uid" : "95f5a6fdfbf84d3d",
      "status" : "passed",
      "time" : {
        "start" : 1656553385754,
        "stop" : 1656553386334,
        "duration" : 580
      }
    } ]
  },
  "7b94a35f76ab58821d02894eb57fc81d" : {
    "statistic" : {
      "failed" : 0,
      "broken" : 0,
      "skipped" : 0,
      "passed" : 1,
      "unknown" : 0,
      "total" : 1
    },
    "items" : [ {
      "uid" : "d1d8e34f619d32ea",
      "status" : "passed",
      "time" : {
        "start" : 1656553385753,
        "stop" : 1656553386339,
        "duration" : 586
      }
    } ]
  },
  "e1e532d9d683f438723ad738116874de" : {
    "statistic" : {
      "failed" : 0,
      "broken" : 0,
      "skipped" : 0,
      "passed" : 1,
      "unknown" : 0,
      "total" : 1
    },
    "items" : [ {
      "uid" : "51e9f5596a96bd32",
      "status" : "passed",
      "time" : {
        "start" : 1656553385407,
        "stop" : 1656553385744,
        "duration" : 337
      }
    } ]
  },
  "5eb9c9872b02e08fe1274451c1752740" : {
    "statistic" : {
      "failed" : 0,
      "broken" : 0,
      "skipped" : 0,
      "passed" : 1,
      "unknown" : 0,
      "total" : 1
    },
    "items" : [ {
      "uid" : "af94c7d5ffe55fed",
      "status" : "passed",
      "time" : {
        "start" : 1656553385406,
        "stop" : 1656553385723,
        "duration" : 317
      }
    } ]
  },
  "6a88c037cf1babac7c8d9389dfb6ca53" : {
    "statistic" : {
      "failed" : 0,
      "broken" : 0,
      "skipped" : 0,
      "passed" : 1,
      "unknown" : 0,
      "total" : 1
    },
    "items" : [ {
      "uid" : "ec2c8dda9873a4b0",
      "status" : "passed",
      "time" : {
        "start" : 1656553385735,
        "stop" : 1656553386199,
        "duration" : 464
      }
    } ]
  },
  "00708f03bd1a1d2bb8d845792d5e67bd" : {
    "statistic" : {
      "failed" : 0,
      "broken" : 0,
      "skipped" : 0,
      "passed" : 1,
      "unknown" : 0,
      "total" : 1
    },
    "items" : [ {
      "uid" : "8e29d7fe885b8aef",
      "status" : "passed",
      "time" : {
        "start" : 1656553386656,
        "stop" : 1656553386874,
        "duration" : 218
      }
    } ]
  },
  "e402d4f5afdb11afc56a2e52b250b8b7" : {
    "statistic" : {
      "failed" : 0,
      "broken" : 0,
      "skipped" : 0,
      "passed" : 1,
      "unknown" : 0,
      "total" : 1
    },
    "items" : [ {
      "uid" : "79e01a88ba5346ab",
      "status" : "passed",
      "time" : {
        "start" : 1656553387380,
        "stop" : 1656553387931,
        "duration" : 551
      }
    } ]
  },
  "278b2a7c9ac43764fae6fc61727ae281" : {
    "statistic" : {
      "failed" : 0,
      "broken" : 0,
      "skipped" : 0,
      "passed" : 1,
      "unknown" : 0,
      "total" : 1
    },
    "items" : [ {
      "uid" : "d074c50d42fffeee",
      "status" : "passed",
      "time" : {
        "start" : 1656553386357,
        "stop" : 1656553386648,
        "duration" : 291
      }
    } ]
  },
  "7e77df6106fcf9ced14f70f67930cdfc" : {
    "statistic" : {
      "failed" : 0,
      "broken" : 0,
      "skipped" : 0,
      "passed" : 1,
      "unknown" : 0,
      "total" : 1
    },
    "items" : [ {
      "uid" : "ad5d79efbbea72e9",
      "status" : "passed",
      "time" : {
        "start" : 1656553386212,
        "stop" : 1656553386825,
        "duration" : 613
      }
    } ]
  },
  "809b9577037b738935e0101a9a21b881" : {
    "statistic" : {
      "failed" : 0,
      "broken" : 0,
      "skipped" : 0,
      "passed" : 1,
      "unknown" : 0,
      "total" : 1
    },
    "items" : [ {
      "uid" : "d8a979868392d6b4",
      "status" : "passed",
      "time" : {
        "start" : 1656553385386,
        "stop" : 1656553385741,
        "duration" : 355
      }
    } ]
  },
  "5e84cecda5358b45118a62c2769c8f30" : {
    "statistic" : {
      "failed" : 0,
      "broken" : 0,
      "skipped" : 0,
      "passed" : 1,
      "unknown" : 0,
      "total" : 1
    },
    "items" : [ {
      "uid" : "7d9c7dcea7459127",
      "status" : "passed",
      "time" : {
        "start" : 1656553386348,
        "stop" : 1656553386745,
        "duration" : 397
      }
    } ]
  },
  "4cfac0c788c049c180e2f593ec96fd14" : {
    "statistic" : {
      "failed" : 0,
      "broken" : 0,
      "skipped" : 0,
      "passed" : 1,
      "unknown" : 0,
      "total" : 1
    },
    "items" : [ {
      "uid" : "ac00ac2160fd8141",
      "status" : "passed",
      "time" : {
        "start" : 1656553386840,
        "stop" : 1656553387368,
        "duration" : 528
      }
    } ]
  }
}