{
  "7b94a35f76ab58821d02894eb57fc81d" : {
    "statistic" : {
      "failed" : 0,
      "broken" : 0,
      "skipped" : 0,
      "passed" : 1,
      "unknown" : 0,
      "total" : 1
    },
    "items" : [ {
      "uid" : "b7ca4450f2fe7ef9",
      "status" : "passed",
      "time" : {
        "start" : 1656554941940,
        "stop" : 1656554942535,
        "duration" : 595
      }
    } ]
  },
  "afd5b8fa437e3399bbab7bd1fc8918aa" : {
    "statistic" : {
      "failed" : 0,
      "broken" : 0,
      "skipped" : 0,
      "passed" : 1,
      "unknown" : 0,
      "total" : 1
    },
    "items" : [ {
      "uid" : "1765178f590bc719",
      "status" : "passed",
      "time" : {
        "start" : 1656554942035,
        "stop" : 1656554942576,
        "duration" : 541
      }
    } ]
  },
  "e1e532d9d683f438723ad738116874de" : {
    "statistic" : {
      "failed" : 0,
      "broken" : 0,
      "skipped" : 0,
      "passed" : 1,
      "unknown" : 0,
      "total" : 1
    },
    "items" : [ {
      "uid" : "b9442a094afce12e",
      "status" : "passed",
      "time" : {
        "start" : 1656554941505,
        "stop" : 1656554942020,
        "duration" : 515
      }
    } ]
  },
  "5eb9c9872b02e08fe1274451c1752740" : {
    "statistic" : {
      "failed" : 0,
      "broken" : 0,
      "skipped" : 0,
      "passed" : 1,
      "unknown" : 0,
      "total" : 1
    },
    "items" : [ {
      "uid" : "cd38c9d8d553b756",
      "status" : "passed",
      "time" : {
        "start" : 1656554941559,
        "stop" : 1656554941847,
        "duration" : 288
      }
    } ]
  },
  "6a88c037cf1babac7c8d9389dfb6ca53" : {
    "statistic" : {
      "failed" : 0,
      "broken" : 0,
      "skipped" : 0,
      "passed" : 1,
      "unknown" : 0,
      "total" : 1
    },
    "items" : [ {
      "uid" : "e467f6dc150b6687",
      "status" : "passed",
      "time" : {
        "start" : 1656554941871,
        "stop" : 1656554942320,
        "duration" : 449
      }
    } ]
  },
  "00708f03bd1a1d2bb8d845792d5e67bd" : {
    "statistic" : {
      "failed" : 0,
      "broken" : 0,
      "skipped" : 0,
      "passed" : 1,
      "unknown" : 0,
      "total" : 1
    },
    "items" : [ {
      "uid" : "13b2eb5ecbbae442",
      "status" : "passed",
      "time" : {
        "start" : 1656554943213,
        "stop" : 1656554944483,
        "duration" : 1270
      }
    } ]
  },
  "e402d4f5afdb11afc56a2e52b250b8b7" : {
    "statistic" : {
      "failed" : 0,
      "broken" : 0,
      "skipped" : 0,
      "passed" : 1,
      "unknown" : 0,
      "total" : 1
    },
    "items" : [ {
      "uid" : "ffab88d93f4e6ddf",
      "status" : "passed",
      "time" : {
        "start" : 1656554945707,
        "stop" : 1656554946405,
        "duration" : 698
      }
    } ]
  },
  "278b2a7c9ac43764fae6fc61727ae281" : {
    "statistic" : {
      "failed" : 0,
      "broken" : 0,
      "skipped" : 0,
      "passed" : 1,
      "unknown" : 0,
      "total" : 1
    },
    "items" : [ {
      "uid" : "7b5ad09056db36f4",
      "status" : "passed",
      "time" : {
        "start" : 1656554942563,
        "stop" : 1656554943048,
        "duration" : 485
      }
    } ]
  },
  "809b9577037b738935e0101a9a21b881" : {
    "statistic" : {
      "failed" : 0,
      "broken" : 0,
      "skipped" : 0,
      "passed" : 1,
      "unknown" : 0,
      "total" : 1
    },
    "items" : [ {
      "uid" : "483d98496abdcc4a",
      "status" : "passed",
      "time" : {
        "start" : 1656554941506,
        "stop" : 1656554941926,
        "duration" : 420
      }
    } ]
  },
  "7e77df6106fcf9ced14f70f67930cdfc" : {
    "statistic" : {
      "failed" : 0,
      "broken" : 0,
      "skipped" : 0,
      "passed" : 1,
      "unknown" : 0,
      "total" : 1
    },
    "items" : [ {
      "uid" : "e2877e309527aba9",
      "status" : "passed",
      "time" : {
        "start" : 1656554942331,
        "stop" : 1656554943046,
        "duration" : 715
      }
    } ]
  },
  "5e84cecda5358b45118a62c2769c8f30" : {
    "statistic" : {
      "failed" : 0,
      "broken" : 0,
      "skipped" : 0,
      "passed" : 1,
      "unknown" : 0,
      "total" : 1
    },
    "items" : [ {
      "uid" : "7d3cd3f59a008159",
      "status" : "passed",
      "time" : {
        "start" : 1656554942593,
        "stop" : 1656554943305,
        "duration" : 712
      }
    } ]
  },
  "4cfac0c788c049c180e2f593ec96fd14" : {
    "statistic" : {
      "failed" : 0,
      "broken" : 0,
      "skipped" : 0,
      "passed" : 1,
      "unknown" : 0,
      "total" : 1
    },
    "items" : [ {
      "uid" : "20c65af292968299",
      "status" : "passed",
      "time" : {
        "start" : 1656554943155,
        "stop" : 1656554945633,
        "duration" : 2478
      }
    } ]
  }
}