[ {
  "uid" : "28f01c6c6b7c587",
  "name" : "test_test_scene_1[test_case2]",
  "time" : {
    "start" : 1656642221813,
    "stop" : 1656642222188,
    "duration" : 375
  },
  "status" : "passed",
  "severity" : "normal"
}, {
  "uid" : "21bf830451399c03",
  "name" : "test_test_scene_1[test_case2]",
  "time" : {
    "start" : 1656642221735,
    "stop" : 1656642221938,
    "duration" : 203
  },
  "status" : "passed",
  "severity" : "normal"
}, {
  "uid" : "cbc82d71bac2e48f",
  "name" : "test_test_scene_1[test_case3]",
  "time" : {
    "start" : 1656642221954,
    "stop" : 1656642222095,
    "duration" : 141
  },
  "status" : "passed",
  "severity" : "normal"
}, {
  "uid" : "16a296efbdd5f38",
  "name" : "test_test_scene_1[test_case4]",
  "time" : {
    "start" : 1656642222407,
    "stop" : 1656642222751,
    "duration" : 344
  },
  "status" : "passed",
  "severity" : "normal"
}, {
  "uid" : "e26bf82b805ac1dc",
  "name" : "test_test_scene_1[test_case3]",
  "time" : {
    "start" : 1656642222016,
    "stop" : 1656642222407,
    "duration" : 391
  },
  "status" : "passed",
  "severity" : "normal"
}, {
  "uid" : "a967384d3633d8c0",
  "name" : "test_test_scene_1[test_case1]",
  "time" : {
    "start" : 1656642221345,
    "stop" : 1656642221735,
    "duration" : 390
  },
  "status" : "passed",
  "severity" : "normal"
}, {
  "uid" : "69994050767a9e7f",
  "name" : "test_test_scene_1[test_case0]",
  "time" : {
    "start" : 1656642221204,
    "stop" : 1656642221423,
    "duration" : 219
  },
  "status" : "passed",
  "severity" : "normal"
}, {
  "uid" : "e7fc3703424dc1f7",
  "name" : "test_test_scene_1[test_case0]",
  "time" : {
    "start" : 1656642221173,
    "stop" : 1656642221298,
    "duration" : 125
  },
  "status" : "passed",
  "severity" : "normal"
}, {
  "uid" : "dbc3ac904fe4a1ae",
  "name" : "test_test_scene_1[test_case1]",
  "time" : {
    "start" : 1656642221438,
    "stop" : 1656642221798,
    "duration" : 360
  },
  "status" : "passed",
  "severity" : "normal"
}, {
  "uid" : "af63c5f77c1e35bd",
  "name" : "test_test_scene_1[test_case1]",
  "time" : {
    "start" : 1656642221298,
    "stop" : 1656642221579,
    "duration" : 281
  },
  "status" : "passed",
  "severity" : "normal"
}, {
  "uid" : "f178dd55ef4fc5a0",
  "name" : "test_test_scene_1[test_case0]",
  "time" : {
    "start" : 1656642221204,
    "stop" : 1656642221329,
    "duration" : 125
  },
  "status" : "passed",
  "severity" : "normal"
}, {
  "uid" : "f3b35088d186b526",
  "name" : "test_test_scene_1[test_case2]",
  "time" : {
    "start" : 1656642221579,
    "stop" : 1656642222001,
    "duration" : 422
  },
  "status" : "passed",
  "severity" : "normal"
} ]