[ {
  "uid" : "cc4ef37776486d81",
  "name" : "test_test_scene_1[test_case2]",
  "time" : {
    "start" : 1656554100086,
    "stop" : 1656554100375,
    "duration" : 289
  },
  "status" : "passed",
  "severity" : "normal"
}, {
  "uid" : "1810195b9419efbd",
  "name" : "test_test_scene_1[test_case3]",
  "time" : {
    "start" : 1656554100566,
    "stop" : 1656554101103,
    "duration" : 537
  },
  "status" : "passed",
  "severity" : "normal"
}, {
  "uid" : "302886f361548a44",
  "name" : "test_test_scene_1[test_case0]",
  "time" : {
    "start" : 1656554099332,
    "stop" : 1656554099621,
    "duration" : 289
  },
  "status" : "passed",
  "severity" : "normal"
}, {
  "uid" : "4feedad3661c15fe",
  "name" : "test_test_scene_1[test_case2]",
  "time" : {
    "start" : 1656554100015,
    "stop" : 1656554100552,
    "duration" : 537
  },
  "status" : "passed",
  "severity" : "normal"
}, {
  "uid" : "ed5dcccc69644eb7",
  "name" : "test_test_scene_1[test_case1]",
  "time" : {
    "start" : 1656554099635,
    "stop" : 1656554100076,
    "duration" : 441
  },
  "status" : "passed",
  "severity" : "normal"
}, {
  "uid" : "5ec2594b856c8d3b",
  "name" : "test_test_scene_1[test_case3]",
  "time" : {
    "start" : 1656554100391,
    "stop" : 1656554100552,
    "duration" : 161
  },
  "status" : "passed",
  "severity" : "normal"
}, {
  "uid" : "bb2f5e7cecb236de",
  "name" : "test_test_scene_1[test_case1]",
  "time" : {
    "start" : 1656554099657,
    "stop" : 1656554099996,
    "duration" : 339
  },
  "status" : "passed",
  "severity" : "normal"
}, {
  "uid" : "ebbe7408e08c146",
  "name" : "test_test_scene_1[test_case0]",
  "time" : {
    "start" : 1656554099339,
    "stop" : 1656554099646,
    "duration" : 307
  },
  "status" : "passed",
  "severity" : "normal"
}, {
  "uid" : "14cb6f5ee2fff843",
  "name" : "test_test_scene_1[test_case2]",
  "time" : {
    "start" : 1656554100154,
    "stop" : 1656554100381,
    "duration" : 227
  },
  "status" : "passed",
  "severity" : "normal"
}, {
  "uid" : "47536ba6f0f9187b",
  "name" : "test_test_scene_1[test_case4]",
  "time" : {
    "start" : 1656554101112,
    "stop" : 1656554101577,
    "duration" : 465
  },
  "status" : "passed",
  "severity" : "normal"
}, {
  "uid" : "7834ce69a1796cd3",
  "name" : "test_test_scene_1[test_case0]",
  "time" : {
    "start" : 1656554099361,
    "stop" : 1656554099652,
    "duration" : 291
  },
  "status" : "passed",
  "severity" : "normal"
}, {
  "uid" : "d3bd24c0a4651291",
  "name" : "test_test_scene_1[test_case1]",
  "time" : {
    "start" : 1656554099664,
    "stop" : 1656554100142,
    "duration" : 478
  },
  "status" : "passed",
  "severity" : "normal"
} ]