[ {
  "uid" : "8794e70419d52205",
  "name" : "test_test_scene_1[test_case2]",
  "time" : {
    "start" : 1656642525416,
    "stop" : 1656642525918,
    "duration" : 502
  },
  "status" : "passed",
  "severity" : "normal"
}, {
  "uid" : "41764849fb03b3f2",
  "name" : "test_test_scene_1[test_case4]",
  "time" : {
    "start" : 1656642526543,
    "stop" : 1656642526824,
    "duration" : 281
  },
  "status" : "passed",
  "severity" : "normal"
}, {
  "uid" : "7cbf35f8402f8e93",
  "name" : "test_test_scene_1[test_case2]",
  "time" : {
    "start" : 1656642525634,
    "stop" : 1656642525980,
    "duration" : 346
  },
  "status" : "passed",
  "severity" : "normal"
}, {
  "uid" : "a6a679a446903616",
  "name" : "test_test_scene_1[test_case1]",
  "time" : {
    "start" : 1656642525072,
    "stop" : 1656642525634,
    "duration" : 562
  },
  "status" : "passed",
  "severity" : "normal"
}, {
  "uid" : "bf630baee422fb74",
  "name" : "test_test_scene_1[test_case0]",
  "time" : {
    "start" : 1656642524696,
    "stop" : 1656642525056,
    "duration" : 360
  },
  "status" : "passed",
  "severity" : "normal"
}, {
  "uid" : "da4e77e52c9ba6b0",
  "name" : "test_test_scene_1[test_case1]",
  "time" : {
    "start" : 1656642525072,
    "stop" : 1656642525400,
    "duration" : 328
  },
  "status" : "passed",
  "severity" : "normal"
}, {
  "uid" : "b8e41a397e7d62c3",
  "name" : "test_test_scene_1[test_case0]",
  "time" : {
    "start" : 1656642524680,
    "stop" : 1656642525088,
    "duration" : 408
  },
  "status" : "passed",
  "severity" : "normal"
}, {
  "uid" : "560b45faa8acd57a",
  "name" : "test_test_scene_1[test_case3]",
  "time" : {
    "start" : 1656642525934,
    "stop" : 1656642526527,
    "duration" : 593
  },
  "status" : "passed",
  "severity" : "normal"
}, {
  "uid" : "96240c75885f31b4",
  "name" : "test_test_scene_1[test_case2]",
  "time" : {
    "start" : 1656642525666,
    "stop" : 1656642525838,
    "duration" : 172
  },
  "status" : "passed",
  "severity" : "normal"
}, {
  "uid" : "9b65ea80aa1b8f90",
  "name" : "test_test_scene_1[test_case0]",
  "time" : {
    "start" : 1656642524727,
    "stop" : 1656642525056,
    "duration" : 329
  },
  "status" : "passed",
  "severity" : "normal"
}, {
  "uid" : "ed47f7a862a277fe",
  "name" : "test_test_scene_1[test_case1]",
  "time" : {
    "start" : 1656642525103,
    "stop" : 1656642525619,
    "duration" : 516
  },
  "status" : "passed",
  "severity" : "normal"
}, {
  "uid" : "e2ce75a0eef1adf7",
  "name" : "test_test_scene_1[test_case3]",
  "time" : {
    "start" : 1656642525853,
    "stop" : 1656642525980,
    "duration" : 127
  },
  "status" : "passed",
  "severity" : "normal"
} ]