"Status","Start Time","Stop Time","Duration in ms","Parent Suite","Suite","Sub Suite","Test Class","Test Method","Name","Description"
"passed","Thu Jun 30 09:53:05 CST 2022","Thu Jun 30 09:53:05 CST 2022","378","testCases.addInvoiceToConfirm","test_invoice_manage1_Test_scene_1","","","","test_test_scene_1[test_case4]",""
"passed","Thu Jun 30 09:53:04 CST 2022","Thu Jun 30 09:53:04 CST 2022","473","testCases.addInvoiceToConfirm","test_invoice_manage_Test_scene_1","","","","test_test_scene_1[test_case2]",""
"passed","Thu Jun 30 09:53:02 CST 2022","Thu Jun 30 09:53:03 CST 2022","1186","testCases.blue","test_invoice_manage2_Test_scene_1","","","","test_test_scene_1[test_case0]",""
"passed","Thu Jun 30 09:53:04 CST 2022","Thu Jun 30 09:53:05 CST 2022","650","testCases.addInvoiceToConfirm","test_invoice_manage1_Test_scene_1","","","","test_test_scene_1[test_case3]",""
"passed","Thu Jun 30 09:53:03 CST 2022","Thu Jun 30 09:53:04 CST 2022","805","testCases.addInvoiceToConfirm","test_invoice_manage_Test_scene_1","","","","test_test_scene_1[test_case1]",""
"passed","Thu Jun 30 09:53:02 CST 2022","Thu Jun 30 09:53:03 CST 2022","963","testCases.addInvoiceToConfirm","test_invoice_manage1_Test_scene_1","","","","test_test_scene_1[test_case0]",""
"passed","Thu Jun 30 09:53:03 CST 2022","Thu Jun 30 09:53:04 CST 2022","703","testCases.addInvoiceToConfirm","test_invoice_manage1_Test_scene_1","","","","test_test_scene_1[test_case1]",""
"passed","Thu Jun 30 09:53:04 CST 2022","Thu Jun 30 09:53:04 CST 2022","649","testCases.addInvoiceToConfirm","test_invoice_manage1_Test_scene_1","","","","test_test_scene_1[test_case2]",""
"passed","Thu Jun 30 09:53:04 CST 2022","Thu Jun 30 09:53:04 CST 2022","254","testCases.addInvoiceToConfirm","test_invoice_manage_Test_scene_1","","","","test_test_scene_1[test_case3]",""
"passed","Thu Jun 30 09:53:03 CST 2022","Thu Jun 30 09:53:04 CST 2022","795","testCases.blue","test_invoice_manage2_Test_scene_1","","","","test_test_scene_1[test_case1]",""
"passed","Thu Jun 30 09:53:04 CST 2022","Thu Jun 30 09:53:05 CST 2022","503","testCases.blue","test_invoice_manage2_Test_scene_1","","","","test_test_scene_1[test_case2]",""
"passed","Thu Jun 30 09:53:02 CST 2022","Thu Jun 30 09:53:03 CST 2022","796","testCases.addInvoiceToConfirm","test_invoice_manage_Test_scene_1","","","","test_test_scene_1[test_case0]",""
