[ {
  "uid" : "9ea94ccd705a7439",
  "name" : "test_test_scene_1[test_case1]",
  "time" : {
    "start" : 1656555184865,
    "stop" : 1656555185644,
    "duration" : 779
  },
  "status" : "passed",
  "severity" : "normal"
}, {
  "uid" : "63aa0175b943317f",
  "name" : "test_test_scene_1[test_case0]",
  "time" : {
    "start" : 1656555184512,
    "stop" : 1656555184858,
    "duration" : 346
  },
  "status" : "passed",
  "severity" : "normal"
}, {
  "uid" : "b62f3029eb75769e",
  "name" : "test_test_scene_1[test_case1]",
  "time" : {
    "start" : 1656555184888,
    "stop" : 1656555185656,
    "duration" : 768
  },
  "status" : "passed",
  "severity" : "normal"
}, {
  "uid" : "d485189241db90ff",
  "name" : "test_test_scene_1[test_case0]",
  "time" : {
    "start" : 1656555184420,
    "stop" : 1656555184847,
    "duration" : 427
  },
  "status" : "passed",
  "severity" : "normal"
}, {
  "uid" : "d39c7c33d6693ae6",
  "name" : "test_test_scene_1[test_case4]",
  "time" : {
    "start" : 1656555186932,
    "stop" : 1656555187350,
    "duration" : 418
  },
  "status" : "passed",
  "severity" : "normal"
}, {
  "uid" : "e4758cf9df913209",
  "name" : "test_test_scene_1[test_case2]",
  "time" : {
    "start" : 1656555185754,
    "stop" : 1656555186145,
    "duration" : 391
  },
  "status" : "passed",
  "severity" : "normal"
}, {
  "uid" : "6384b5b5fa7d48d1",
  "name" : "test_test_scene_1[test_case2]",
  "time" : {
    "start" : 1656555185745,
    "stop" : 1656555186370,
    "duration" : 625
  },
  "status" : "passed",
  "severity" : "normal"
}, {
  "uid" : "9f2ba05d2efb6754",
  "name" : "test_test_scene_1[test_case2]",
  "time" : {
    "start" : 1656555185762,
    "stop" : 1656555186063,
    "duration" : 301
  },
  "status" : "passed",
  "severity" : "normal"
}, {
  "uid" : "db166be29b7143f",
  "name" : "test_test_scene_1[test_case3]",
  "time" : {
    "start" : 1656555186077,
    "stop" : 1656555186262,
    "duration" : 185
  },
  "status" : "passed",
  "severity" : "normal"
}, {
  "uid" : "84e73c944380b663",
  "name" : "test_test_scene_1[test_case0]",
  "time" : {
    "start" : 1656555184421,
    "stop" : 1656555184906,
    "duration" : 485
  },
  "status" : "passed",
  "severity" : "normal"
}, {
  "uid" : "45bde6245450d21",
  "name" : "test_test_scene_1[test_case1]",
  "time" : {
    "start" : 1656555184925,
    "stop" : 1656555185657,
    "duration" : 732
  },
  "status" : "passed",
  "severity" : "normal"
}, {
  "uid" : "c43a3d5adaf55e92",
  "name" : "test_test_scene_1[test_case3]",
  "time" : {
    "start" : 1656555186381,
    "stop" : 1656555186912,
    "duration" : 531
  },
  "status" : "passed",
  "severity" : "normal"
} ]