"Status","Start Time","Stop Time","Duration in ms","Parent Suite","Suite","Sub Suite","Test Class","Test Method","Name","Description"
"passed","Thu Jun 30 09:50:57 CST 2022","Thu Jun 30 09:50:58 CST 2022","469","testCases.blue","test_invoice_manage2_Test_scene_1","","","","test_test_scene_1[test_case0]",""
"passed","Thu Jun 30 09:50:58 CST 2022","Thu Jun 30 09:50:58 CST 2022","509","testCases.blue","test_invoice_manage2_Test_scene_1","","","","test_test_scene_1[test_case1]",""
"passed","Thu Jun 30 09:50:59 CST 2022","Thu Jun 30 09:51:00 CST 2022","611","testCases.addInvoiceToConfirm","test_invoice_manage1_Test_scene_1","","","","test_test_scene_1[test_case3]",""
"passed","Thu Jun 30 09:50:58 CST 2022","Thu Jun 30 09:50:58 CST 2022","354","testCases.addInvoiceToConfirm","test_invoice_manage_Test_scene_1","","","","test_test_scene_1[test_case0]",""
"passed","Thu Jun 30 09:50:58 CST 2022","Thu Jun 30 09:50:59 CST 2022","439","testCases.addInvoiceToConfirm","test_invoice_manage_Test_scene_1","","","","test_test_scene_1[test_case2]",""
"passed","Thu Jun 30 09:51:00 CST 2022","Thu Jun 30 09:51:00 CST 2022","492","testCases.addInvoiceToConfirm","test_invoice_manage1_Test_scene_1","","","","test_test_scene_1[test_case4]",""
"passed","Thu Jun 30 09:50:58 CST 2022","Thu Jun 30 09:50:58 CST 2022","580","testCases.addInvoiceToConfirm","test_invoice_manage_Test_scene_1","","","","test_test_scene_1[test_case1]",""
"passed","Thu Jun 30 09:50:57 CST 2022","Thu Jun 30 09:50:58 CST 2022","358","testCases.addInvoiceToConfirm","test_invoice_manage1_Test_scene_1","","","","test_test_scene_1[test_case0]",""
"passed","Thu Jun 30 09:50:58 CST 2022","Thu Jun 30 09:50:58 CST 2022","384","testCases.addInvoiceToConfirm","test_invoice_manage1_Test_scene_1","","","","test_test_scene_1[test_case1]",""
"passed","Thu Jun 30 09:50:58 CST 2022","Thu Jun 30 09:50:59 CST 2022","672","testCases.addInvoiceToConfirm","test_invoice_manage1_Test_scene_1","","","","test_test_scene_1[test_case2]",""
"passed","Thu Jun 30 09:50:59 CST 2022","Thu Jun 30 09:50:59 CST 2022","191","testCases.addInvoiceToConfirm","test_invoice_manage_Test_scene_1","","","","test_test_scene_1[test_case3]",""
"passed","Thu Jun 30 09:50:59 CST 2022","Thu Jun 30 09:50:59 CST 2022","350","testCases.blue","test_invoice_manage2_Test_scene_1","","","","test_test_scene_1[test_case2]",""
