{
  "7b94a35f76ab58821d02894eb57fc81d" : {
    "statistic" : {
      "failed" : 0,
      "broken" : 0,
      "skipped" : 0,
      "passed" : 1,
      "unknown" : 0,
      "total" : 1
    },
    "items" : [ {
      "uid" : "d74a49281ea676ac",
      "status" : "passed",
      "time" : {
        "start" : 1656294168566,
        "stop" : 1656294169071,
        "duration" : 505
      }
    } ]
  },
  "afd5b8fa437e3399bbab7bd1fc8918aa" : {
    "statistic" : {
      "failed" : 0,
      "broken" : 0,
      "skipped" : 0,
      "passed" : 1,
      "unknown" : 0,
      "total" : 1
    },
    "items" : [ {
      "uid" : "29f38b6988efb29a",
      "status" : "passed",
      "time" : {
        "start" : 1656294168582,
        "stop" : 1656294169054,
        "duration" : 472
      }
    } ]
  },
  "e1e532d9d683f438723ad738116874de" : {
    "statistic" : {
      "failed" : 0,
      "broken" : 0,
      "skipped" : 0,
      "passed" : 1,
      "unknown" : 0,
      "total" : 1
    },
    "items" : [ {
      "uid" : "5abf01d33a6447ac",
      "status" : "passed",
      "time" : {
        "start" : 1656294168355,
        "stop" : 1656294168572,
        "duration" : 217
      }
    } ]
  },
  "5eb9c9872b02e08fe1274451c1752740" : {
    "statistic" : {
      "failed" : 0,
      "broken" : 0,
      "skipped" : 0,
      "passed" : 1,
      "unknown" : 0,
      "total" : 1
    },
    "items" : [ {
      "uid" : "7e59522aff440d6",
      "status" : "passed",
      "time" : {
        "start" : 1656294168375,
        "stop" : 1656294168636,
        "duration" : 261
      }
    } ]
  },
  "6a88c037cf1babac7c8d9389dfb6ca53" : {
    "statistic" : {
      "failed" : 0,
      "broken" : 0,
      "skipped" : 0,
      "passed" : 1,
      "unknown" : 0,
      "total" : 1
    },
    "items" : [ {
      "uid" : "2d9f6d0e02d29705",
      "status" : "passed",
      "time" : {
        "start" : 1656294168645,
        "stop" : 1656294168945,
        "duration" : 300
      }
    } ]
  },
  "00708f03bd1a1d2bb8d845792d5e67bd" : {
    "statistic" : {
      "failed" : 0,
      "broken" : 0,
      "skipped" : 0,
      "passed" : 1,
      "unknown" : 0,
      "total" : 1
    },
    "items" : [ {
      "uid" : "9edf8cb4de73e582",
      "status" : "passed",
      "time" : {
        "start" : 1656294169356,
        "stop" : 1656294169475,
        "duration" : 119
      }
    } ]
  },
  "e402d4f5afdb11afc56a2e52b250b8b7" : {
    "statistic" : {
      "failed" : 0,
      "broken" : 0,
      "skipped" : 0,
      "passed" : 1,
      "unknown" : 0,
      "total" : 1
    },
    "items" : [ {
      "uid" : "946f845ca79edaa4",
      "status" : "passed",
      "time" : {
        "start" : 1656294169852,
        "stop" : 1656294170179,
        "duration" : 327
      }
    } ]
  },
  "278b2a7c9ac43764fae6fc61727ae281" : {
    "statistic" : {
      "failed" : 0,
      "broken" : 0,
      "skipped" : 0,
      "passed" : 1,
      "unknown" : 0,
      "total" : 1
    },
    "items" : [ {
      "uid" : "11ec7578ba0c2d65",
      "status" : "passed",
      "time" : {
        "start" : 1656294169083,
        "stop" : 1656294169348,
        "duration" : 265
      }
    } ]
  },
  "7e77df6106fcf9ced14f70f67930cdfc" : {
    "statistic" : {
      "failed" : 0,
      "broken" : 0,
      "skipped" : 0,
      "passed" : 1,
      "unknown" : 0,
      "total" : 1
    },
    "items" : [ {
      "uid" : "c35ff093ef3c698",
      "status" : "passed",
      "time" : {
        "start" : 1656294168953,
        "stop" : 1656294169422,
        "duration" : 469
      }
    } ]
  },
  "809b9577037b738935e0101a9a21b881" : {
    "statistic" : {
      "failed" : 0,
      "broken" : 0,
      "skipped" : 0,
      "passed" : 1,
      "unknown" : 0,
      "total" : 1
    },
    "items" : [ {
      "uid" : "41f201aa86671ae7",
      "status" : "passed",
      "time" : {
        "start" : 1656294168355,
        "stop" : 1656294168556,
        "duration" : 201
      }
    } ]
  },
  "5e84cecda5358b45118a62c2769c8f30" : {
    "statistic" : {
      "failed" : 0,
      "broken" : 0,
      "skipped" : 0,
      "passed" : 1,
      "unknown" : 0,
      "total" : 1
    },
    "items" : [ {
      "uid" : "b257e62e48b86b79",
      "status" : "passed",
      "time" : {
        "start" : 1656294169063,
        "stop" : 1656294169418,
        "duration" : 355
      }
    } ]
  },
  "4cfac0c788c049c180e2f593ec96fd14" : {
    "statistic" : {
      "failed" : 0,
      "broken" : 0,
      "skipped" : 0,
      "passed" : 1,
      "unknown" : 0,
      "total" : 1
    },
    "items" : [ {
      "uid" : "d43ebbbe6499c5a0",
      "status" : "passed",
      "time" : {
        "start" : 1656294169431,
        "stop" : 1656294169843,
        "duration" : 412
      }
    } ]
  }
}