{
  "7b94a35f76ab58821d02894eb57fc81d" : {
    "statistic" : {
      "failed" : 0,
      "broken" : 0,
      "skipped" : 0,
      "passed" : 1,
      "unknown" : 0,
      "total" : 1
    },
    "items" : [ {
      "uid" : "d3bd24c0a4651291",
      "status" : "passed",
      "time" : {
        "start" : 1656554099664,
        "stop" : 1656554100142,
        "duration" : 478
      }
    } ]
  },
  "afd5b8fa437e3399bbab7bd1fc8918aa" : {
    "statistic" : {
      "failed" : 0,
      "broken" : 0,
      "skipped" : 0,
      "passed" : 1,
      "unknown" : 0,
      "total" : 1
    },
    "items" : [ {
      "uid" : "ed5dcccc69644eb7",
      "status" : "passed",
      "time" : {
        "start" : 1656554099635,
        "stop" : 1656554100076,
        "duration" : 441
      }
    } ]
  },
  "e1e532d9d683f438723ad738116874de" : {
    "statistic" : {
      "failed" : 0,
      "broken" : 0,
      "skipped" : 0,
      "passed" : 1,
      "unknown" : 0,
      "total" : 1
    },
    "items" : [ {
      "uid" : "302886f361548a44",
      "status" : "passed",
      "time" : {
        "start" : 1656554099332,
        "stop" : 1656554099621,
        "duration" : 289
      }
    } ]
  },
  "5eb9c9872b02e08fe1274451c1752740" : {
    "statistic" : {
      "failed" : 0,
      "broken" : 0,
      "skipped" : 0,
      "passed" : 1,
      "unknown" : 0,
      "total" : 1
    },
    "items" : [ {
      "uid" : "ebbe7408e08c146",
      "status" : "passed",
      "time" : {
        "start" : 1656554099339,
        "stop" : 1656554099646,
        "duration" : 307
      }
    } ]
  },
  "6a88c037cf1babac7c8d9389dfb6ca53" : {
    "statistic" : {
      "failed" : 0,
      "broken" : 0,
      "skipped" : 0,
      "passed" : 1,
      "unknown" : 0,
      "total" : 1
    },
    "items" : [ {
      "uid" : "bb2f5e7cecb236de",
      "status" : "passed",
      "time" : {
        "start" : 1656554099657,
        "stop" : 1656554099996,
        "duration" : 339
      }
    } ]
  },
  "00708f03bd1a1d2bb8d845792d5e67bd" : {
    "statistic" : {
      "failed" : 0,
      "broken" : 0,
      "skipped" : 0,
      "passed" : 1,
      "unknown" : 0,
      "total" : 1
    },
    "items" : [ {
      "uid" : "5ec2594b856c8d3b",
      "status" : "passed",
      "time" : {
        "start" : 1656554100391,
        "stop" : 1656554100552,
        "duration" : 161
      }
    } ]
  },
  "e402d4f5afdb11afc56a2e52b250b8b7" : {
    "statistic" : {
      "failed" : 0,
      "broken" : 0,
      "skipped" : 0,
      "passed" : 1,
      "unknown" : 0,
      "total" : 1
    },
    "items" : [ {
      "uid" : "47536ba6f0f9187b",
      "status" : "passed",
      "time" : {
        "start" : 1656554101112,
        "stop" : 1656554101577,
        "duration" : 465
      }
    } ]
  },
  "278b2a7c9ac43764fae6fc61727ae281" : {
    "statistic" : {
      "failed" : 0,
      "broken" : 0,
      "skipped" : 0,
      "passed" : 1,
      "unknown" : 0,
      "total" : 1
    },
    "items" : [ {
      "uid" : "14cb6f5ee2fff843",
      "status" : "passed",
      "time" : {
        "start" : 1656554100154,
        "stop" : 1656554100381,
        "duration" : 227
      }
    } ]
  },
  "809b9577037b738935e0101a9a21b881" : {
    "statistic" : {
      "failed" : 0,
      "broken" : 0,
      "skipped" : 0,
      "passed" : 1,
      "unknown" : 0,
      "total" : 1
    },
    "items" : [ {
      "uid" : "7834ce69a1796cd3",
      "status" : "passed",
      "time" : {
        "start" : 1656554099361,
        "stop" : 1656554099652,
        "duration" : 291
      }
    } ]
  },
  "7e77df6106fcf9ced14f70f67930cdfc" : {
    "statistic" : {
      "failed" : 0,
      "broken" : 0,
      "skipped" : 0,
      "passed" : 1,
      "unknown" : 0,
      "total" : 1
    },
    "items" : [ {
      "uid" : "4feedad3661c15fe",
      "status" : "passed",
      "time" : {
        "start" : 1656554100015,
        "stop" : 1656554100552,
        "duration" : 537
      }
    } ]
  },
  "5e84cecda5358b45118a62c2769c8f30" : {
    "statistic" : {
      "failed" : 0,
      "broken" : 0,
      "skipped" : 0,
      "passed" : 1,
      "unknown" : 0,
      "total" : 1
    },
    "items" : [ {
      "uid" : "cc4ef37776486d81",
      "status" : "passed",
      "time" : {
        "start" : 1656554100086,
        "stop" : 1656554100375,
        "duration" : 289
      }
    } ]
  },
  "4cfac0c788c049c180e2f593ec96fd14" : {
    "statistic" : {
      "failed" : 0,
      "broken" : 0,
      "skipped" : 0,
      "passed" : 1,
      "unknown" : 0,
      "total" : 1
    },
    "items" : [ {
      "uid" : "1810195b9419efbd",
      "status" : "passed",
      "time" : {
        "start" : 1656554100566,
        "stop" : 1656554101103,
        "duration" : 537
      }
    } ]
  }
}