[ {
  "uid" : "c15910e28ab0c39b",
  "name" : "test_test_scene_1[test_case2]",
  "time" : {
    "start" : 1656553508125,
    "stop" : 1656553508824,
    "duration" : 699
  },
  "status" : "passed",
  "severity" : "normal"
}, {
  "uid" : "4eb08bfeec54de15",
  "name" : "test_test_scene_1[test_case1]",
  "time" : {
    "start" : 1656553507612,
    "stop" : 1656553508314,
    "duration" : 702
  },
  "status" : "passed",
  "severity" : "normal"
}, {
  "uid" : "2ceb2a29ad5cf56d",
  "name" : "test_test_scene_1[test_case1]",
  "time" : {
    "start" : 1656553507467,
    "stop" : 1656553508262,
    "duration" : 795
  },
  "status" : "passed",
  "severity" : "normal"
}, {
  "uid" : "140fc8f38adb675f",
  "name" : "test_test_scene_1[test_case2]",
  "time" : {
    "start" : 1656553508299,
    "stop" : 1656553508591,
    "duration" : 292
  },
  "status" : "passed",
  "severity" : "normal"
}, {
  "uid" : "1b47cad7e7467605",
  "name" : "test_test_scene_1[test_case0]",
  "time" : {
    "start" : 1656553507172,
    "stop" : 1656553507456,
    "duration" : 284
  },
  "status" : "passed",
  "severity" : "normal"
}, {
  "uid" : "429065cbe7b0c1ad",
  "name" : "test_test_scene_1[test_case3]",
  "time" : {
    "start" : 1656553508841,
    "stop" : 1656553509834,
    "duration" : 993
  },
  "status" : "passed",
  "severity" : "normal"
}, {
  "uid" : "8d479965028d62e6",
  "name" : "test_test_scene_1[test_case0]",
  "time" : {
    "start" : 1656553507172,
    "stop" : 1656553507582,
    "duration" : 410
  },
  "status" : "passed",
  "severity" : "normal"
}, {
  "uid" : "cfadac04c9b4b473",
  "name" : "test_test_scene_1[test_case3]",
  "time" : {
    "start" : 1656553508603,
    "stop" : 1656553508834,
    "duration" : 231
  },
  "status" : "passed",
  "severity" : "normal"
}, {
  "uid" : "1e73f02c10387f2a",
  "name" : "test_test_scene_1[test_case1]",
  "time" : {
    "start" : 1656553507478,
    "stop" : 1656553508113,
    "duration" : 635
  },
  "status" : "passed",
  "severity" : "normal"
}, {
  "uid" : "db5472460c3d7664",
  "name" : "test_test_scene_1[test_case4]",
  "time" : {
    "start" : 1656553510141,
    "stop" : 1656553510643,
    "duration" : 502
  },
  "status" : "passed",
  "severity" : "normal"
}, {
  "uid" : "4b10e96930273af0",
  "name" : "test_test_scene_1[test_case2]",
  "time" : {
    "start" : 1656553508332,
    "stop" : 1656553508742,
    "duration" : 410
  },
  "status" : "passed",
  "severity" : "normal"
}, {
  "uid" : "fd574de35d786023",
  "name" : "test_test_scene_1[test_case0]",
  "time" : {
    "start" : 1656553507172,
    "stop" : 1656553507451,
    "duration" : 279
  },
  "status" : "passed",
  "severity" : "normal"
} ]