{
  "e1e532d9d683f438723ad738116874de" : {
    "statistic" : {
      "failed" : 0,
      "broken" : 0,
      "skipped" : 0,
      "passed" : 1,
      "unknown" : 0,
      "total" : 1
    },
    "items" : [ {
      "uid" : "928b72ec5e1d41d9",
      "status" : "passed",
      "time" : {
        "start" : 1656552902180,
        "stop" : 1656552902548,
        "duration" : 368
      }
    } ]
  },
  "afd5b8fa437e3399bbab7bd1fc8918aa" : {
    "statistic" : {
      "failed" : 0,
      "broken" : 0,
      "skipped" : 0,
      "passed" : 1,
      "unknown" : 0,
      "total" : 1
    },
    "items" : [ {
      "uid" : "884be0a75959154c",
      "status" : "passed",
      "time" : {
        "start" : 1656552902563,
        "stop" : 1656552903244,
        "duration" : 681
      }
    } ]
  },
  "7b94a35f76ab58821d02894eb57fc81d" : {
    "statistic" : {
      "failed" : 0,
      "broken" : 0,
      "skipped" : 0,
      "passed" : 1,
      "unknown" : 0,
      "total" : 1
    },
    "items" : [ {
      "uid" : "c705081e58c30936",
      "status" : "passed",
      "time" : {
        "start" : 1656552902568,
        "stop" : 1656552903237,
        "duration" : 669
      }
    } ]
  },
  "5eb9c9872b02e08fe1274451c1752740" : {
    "statistic" : {
      "failed" : 0,
      "broken" : 0,
      "skipped" : 0,
      "passed" : 1,
      "unknown" : 0,
      "total" : 1
    },
    "items" : [ {
      "uid" : "feacdafcb465e364",
      "status" : "passed",
      "time" : {
        "start" : 1656552902104,
        "stop" : 1656552902641,
        "duration" : 537
      }
    } ]
  },
  "6a88c037cf1babac7c8d9389dfb6ca53" : {
    "statistic" : {
      "failed" : 0,
      "broken" : 0,
      "skipped" : 0,
      "passed" : 1,
      "unknown" : 0,
      "total" : 1
    },
    "items" : [ {
      "uid" : "1cb3b8474c751b6b",
      "status" : "passed",
      "time" : {
        "start" : 1656552902662,
        "stop" : 1656552903015,
        "duration" : 353
      }
    } ]
  },
  "00708f03bd1a1d2bb8d845792d5e67bd" : {
    "statistic" : {
      "failed" : 0,
      "broken" : 0,
      "skipped" : 0,
      "passed" : 1,
      "unknown" : 0,
      "total" : 1
    },
    "items" : [ {
      "uid" : "de5e16cc5da5a9d6",
      "status" : "passed",
      "time" : {
        "start" : 1656552903706,
        "stop" : 1656552904008,
        "duration" : 302
      }
    } ]
  },
  "e402d4f5afdb11afc56a2e52b250b8b7" : {
    "statistic" : {
      "failed" : 0,
      "broken" : 0,
      "skipped" : 0,
      "passed" : 1,
      "unknown" : 0,
      "total" : 1
    },
    "items" : [ {
      "uid" : "3ec1b5f0b2cf0f9e",
      "status" : "passed",
      "time" : {
        "start" : 1656552904547,
        "stop" : 1656552905190,
        "duration" : 643
      }
    } ]
  },
  "278b2a7c9ac43764fae6fc61727ae281" : {
    "statistic" : {
      "failed" : 0,
      "broken" : 0,
      "skipped" : 0,
      "passed" : 1,
      "unknown" : 0,
      "total" : 1
    },
    "items" : [ {
      "uid" : "c13bb6508443e5a7",
      "status" : "passed",
      "time" : {
        "start" : 1656552903257,
        "stop" : 1656552903640,
        "duration" : 383
      }
    } ]
  },
  "7e77df6106fcf9ced14f70f67930cdfc" : {
    "statistic" : {
      "failed" : 0,
      "broken" : 0,
      "skipped" : 0,
      "passed" : 1,
      "unknown" : 0,
      "total" : 1
    },
    "items" : [ {
      "uid" : "1eddd48255852946",
      "status" : "passed",
      "time" : {
        "start" : 1656552903027,
        "stop" : 1656552903747,
        "duration" : 720
      }
    } ]
  },
  "809b9577037b738935e0101a9a21b881" : {
    "statistic" : {
      "failed" : 0,
      "broken" : 0,
      "skipped" : 0,
      "passed" : 1,
      "unknown" : 0,
      "total" : 1
    },
    "items" : [ {
      "uid" : "4b3ffaa9b05936ae",
      "status" : "passed",
      "time" : {
        "start" : 1656552902131,
        "stop" : 1656552902554,
        "duration" : 423
      }
    } ]
  },
  "5e84cecda5358b45118a62c2769c8f30" : {
    "statistic" : {
      "failed" : 0,
      "broken" : 0,
      "skipped" : 0,
      "passed" : 1,
      "unknown" : 0,
      "total" : 1
    },
    "items" : [ {
      "uid" : "323e046bcf6fd1e0",
      "status" : "passed",
      "time" : {
        "start" : 1656552903260,
        "stop" : 1656552903755,
        "duration" : 495
      }
    } ]
  },
  "4cfac0c788c049c180e2f593ec96fd14" : {
    "statistic" : {
      "failed" : 0,
      "broken" : 0,
      "skipped" : 0,
      "passed" : 1,
      "unknown" : 0,
      "total" : 1
    },
    "items" : [ {
      "uid" : "5b29a3ad02e8b9c4",
      "status" : "passed",
      "time" : {
        "start" : 1656552903767,
        "stop" : 1656552904534,
        "duration" : 767
      }
    } ]
  }
}