"Status","Start Time","Stop Time","Duration in ms","Parent Suite","Suite","Sub Suite","Test Class","Test Method","Name","Description"
"passed","Fri Jul 01 10:16:24 CST 2022","Fri Jul 01 10:16:24 CST 2022","203","testCases.addInvoiceToConfirm","test_invoice_manage_Test_scene_1","","","","test_test_scene_1[test_case0]",""
"broken","Fri Jul 01 10:16:25 CST 2022","Fri Jul 01 10:16:25 CST 2022","0","testCases.blue","test_invoice_manage2_Test_scene_1","","","","test_test_scene_1[test_case2]",""
"broken","Fri Jul 01 10:16:24 CST 2022","Fri Jul 01 10:16:24 CST 2022","172","testCases.addInvoiceToConfirm","test_invoice_manage1_Test_scene_1","","","","test_test_scene_1[test_case0]",""
"broken","Fri Jul 01 10:16:25 CST 2022","Fri Jul 01 10:16:25 CST 2022","0","testCases.addInvoiceToConfirm","test_invoice_manage1_Test_scene_1","","","","test_test_scene_1[test_case2]",""
"broken","Fri Jul 01 10:16:25 CST 2022","Fri Jul 01 10:16:25 CST 2022","0","testCases.addInvoiceToConfirm","test_invoice_manage1_Test_scene_1","","","","test_test_scene_1[test_case4]",""
"broken","Fri Jul 01 10:16:25 CST 2022","Fri Jul 01 10:16:25 CST 2022","0","testCases.addInvoiceToConfirm","test_invoice_manage_Test_scene_1","","","","test_test_scene_1[test_case3]",""
"broken","Fri Jul 01 10:16:25 CST 2022","Fri Jul 01 10:16:25 CST 2022","0","testCases.addInvoiceToConfirm","test_invoice_manage_Test_scene_1","","","","test_test_scene_1[test_case2]",""
"broken","Fri Jul 01 10:16:24 CST 2022","Fri Jul 01 10:16:24 CST 2022","328","testCases.blue","test_invoice_manage2_Test_scene_1","","","","test_test_scene_1[test_case0]",""
"broken","Fri Jul 01 10:16:25 CST 2022","Fri Jul 01 10:16:25 CST 2022","0","testCases.blue","test_invoice_manage2_Test_scene_1","","","","test_test_scene_1[test_case1]",""
"broken","Fri Jul 01 10:16:25 CST 2022","Fri Jul 01 10:16:25 CST 2022","0","testCases.addInvoiceToConfirm","test_invoice_manage1_Test_scene_1","","","","test_test_scene_1[test_case1]",""
"broken","Fri Jul 01 10:16:25 CST 2022","Fri Jul 01 10:16:25 CST 2022","0","testCases.addInvoiceToConfirm","test_invoice_manage1_Test_scene_1","","","","test_test_scene_1[test_case3]",""
"broken","Fri Jul 01 10:16:24 CST 2022","Fri Jul 01 10:16:24 CST 2022","0","testCases.addInvoiceToConfirm","test_invoice_manage_Test_scene_1","","","","test_test_scene_1[test_case1]",""
