"Status","Start Time","Stop Time","Duration in ms","Parent Suite","Suite","Sub Suite","Test Class","Test Method","Name","Description"
"passed","Thu Jun 30 09:47:01 CST 2022","Thu Jun 30 09:47:01 CST 2022","223","testCases.addInvoiceToConfirm","test_invoice_manage_Test_scene_1","","","","test_test_scene_1[test_case0]",""
"passed","Thu Jun 30 09:47:02 CST 2022","Thu Jun 30 09:47:02 CST 2022","356","testCases.addInvoiceToConfirm","test_invoice_manage_Test_scene_1","","","","test_test_scene_1[test_case2]",""
"passed","Thu Jun 30 09:47:01 CST 2022","Thu Jun 30 09:47:02 CST 2022","572","testCases.blue","test_invoice_manage2_Test_scene_1","","","","test_test_scene_1[test_case1]",""
"passed","Thu Jun 30 09:47:01 CST 2022","Thu Jun 30 09:47:01 CST 2022","288","testCases.blue","test_invoice_manage2_Test_scene_1","","","","test_test_scene_1[test_case0]",""
"passed","Thu Jun 30 09:47:02 CST 2022","Thu Jun 30 09:47:02 CST 2022","190","testCases.addInvoiceToConfirm","test_invoice_manage_Test_scene_1","","","","test_test_scene_1[test_case3]",""
"passed","Thu Jun 30 09:47:01 CST 2022","Thu Jun 30 09:47:02 CST 2022","667","testCases.addInvoiceToConfirm","test_invoice_manage_Test_scene_1","","","","test_test_scene_1[test_case1]",""
"passed","Thu Jun 30 09:47:01 CST 2022","Thu Jun 30 09:47:01 CST 2022","243","testCases.addInvoiceToConfirm","test_invoice_manage1_Test_scene_1","","","","test_test_scene_1[test_case0]",""
"passed","Thu Jun 30 09:47:02 CST 2022","Thu Jun 30 09:47:03 CST 2022","654","testCases.addInvoiceToConfirm","test_invoice_manage1_Test_scene_1","","","","test_test_scene_1[test_case3]",""
"passed","Thu Jun 30 09:47:02 CST 2022","Thu Jun 30 09:47:02 CST 2022","701","testCases.addInvoiceToConfirm","test_invoice_manage1_Test_scene_1","","","","test_test_scene_1[test_case2]",""
"passed","Thu Jun 30 09:47:01 CST 2022","Thu Jun 30 09:47:02 CST 2022","597","testCases.addInvoiceToConfirm","test_invoice_manage1_Test_scene_1","","","","test_test_scene_1[test_case1]",""
"passed","Thu Jun 30 09:47:02 CST 2022","Thu Jun 30 09:47:02 CST 2022","463","testCases.blue","test_invoice_manage2_Test_scene_1","","","","test_test_scene_1[test_case2]",""
"passed","Thu Jun 30 09:47:03 CST 2022","Thu Jun 30 09:47:03 CST 2022","442","testCases.addInvoiceToConfirm","test_invoice_manage1_Test_scene_1","","","","test_test_scene_1[test_case4]",""
