[ {
  "uid" : "1725841e2855ec1f",
  "name" : "test_test_scene_1[test_case4]",
  "time" : {
    "start" : 1656553985445,
    "stop" : 1656553985823,
    "duration" : 378
  },
  "status" : "passed",
  "severity" : "normal"
}, {
  "uid" : "7963987495b1914c",
  "name" : "test_test_scene_1[test_case2]",
  "time" : {
    "start" : 1656553984182,
    "stop" : 1656553984655,
    "duration" : 473
  },
  "status" : "passed",
  "severity" : "normal"
}, {
  "uid" : "eedb12f11b94fdc1",
  "name" : "test_test_scene_1[test_case0]",
  "time" : {
    "start" : 1656553982454,
    "stop" : 1656553983640,
    "duration" : 1186
  },
  "status" : "passed",
  "severity" : "normal"
}, {
  "uid" : "abd6585d4bbae1a0",
  "name" : "test_test_scene_1[test_case3]",
  "time" : {
    "start" : 1656553984783,
    "stop" : 1656553985433,
    "duration" : 650
  },
  "status" : "passed",
  "severity" : "normal"
}, {
  "uid" : "7eeff99fe932ee14",
  "name" : "test_test_scene_1[test_case1]",
  "time" : {
    "start" : 1656553983256,
    "stop" : 1656553984061,
    "duration" : 805
  },
  "status" : "passed",
  "severity" : "normal"
}, {
  "uid" : "56e1a1b27cfec58e",
  "name" : "test_test_scene_1[test_case0]",
  "time" : {
    "start" : 1656553982265,
    "stop" : 1656553983228,
    "duration" : 963
  },
  "status" : "passed",
  "severity" : "normal"
}, {
  "uid" : "d4c94d24b55cc5fc",
  "name" : "test_test_scene_1[test_case1]",
  "time" : {
    "start" : 1656553983308,
    "stop" : 1656553984011,
    "duration" : 703
  },
  "status" : "passed",
  "severity" : "normal"
}, {
  "uid" : "a05992696e54761a",
  "name" : "test_test_scene_1[test_case2]",
  "time" : {
    "start" : 1656553984112,
    "stop" : 1656553984761,
    "duration" : 649
  },
  "status" : "passed",
  "severity" : "normal"
}, {
  "uid" : "3ccac88ea8ae6417",
  "name" : "test_test_scene_1[test_case3]",
  "time" : {
    "start" : 1656553984688,
    "stop" : 1656553984942,
    "duration" : 254
  },
  "status" : "passed",
  "severity" : "normal"
}, {
  "uid" : "fd536cb0bcc0223c",
  "name" : "test_test_scene_1[test_case1]",
  "time" : {
    "start" : 1656553983717,
    "stop" : 1656553984512,
    "duration" : 795
  },
  "status" : "passed",
  "severity" : "normal"
}, {
  "uid" : "95662d68ae9b1be1",
  "name" : "test_test_scene_1[test_case2]",
  "time" : {
    "start" : 1656553984563,
    "stop" : 1656553985066,
    "duration" : 503
  },
  "status" : "passed",
  "severity" : "normal"
}, {
  "uid" : "d8e47432bfdc1303",
  "name" : "test_test_scene_1[test_case0]",
  "time" : {
    "start" : 1656553982439,
    "stop" : 1656553983235,
    "duration" : 796
  },
  "status" : "passed",
  "severity" : "normal"
} ]