{
  "afd5b8fa437e3399bbab7bd1fc8918aa" : {
    "statistic" : {
      "failed" : 0,
      "broken" : 0,
      "skipped" : 0,
      "passed" : 1,
      "unknown" : 0,
      "total" : 1
    },
    "items" : [ {
      "uid" : "f3a8a5db5a900f38",
      "status" : "passed",
      "time" : {
        "start" : 1656553858477,
        "stop" : 1656553858986,
        "duration" : 509
      }
    } ]
  },
  "7b94a35f76ab58821d02894eb57fc81d" : {
    "statistic" : {
      "failed" : 0,
      "broken" : 0,
      "skipped" : 0,
      "passed" : 1,
      "unknown" : 0,
      "total" : 1
    },
    "items" : [ {
      "uid" : "a6cb5e25084a7ccd",
      "status" : "passed",
      "time" : {
        "start" : 1656553858371,
        "stop" : 1656553858951,
        "duration" : 580
      }
    } ]
  },
  "e1e532d9d683f438723ad738116874de" : {
    "statistic" : {
      "failed" : 0,
      "broken" : 0,
      "skipped" : 0,
      "passed" : 1,
      "unknown" : 0,
      "total" : 1
    },
    "items" : [ {
      "uid" : "bbaafbf01d1e819a",
      "status" : "passed",
      "time" : {
        "start" : 1656553857993,
        "stop" : 1656553858462,
        "duration" : 469
      }
    } ]
  },
  "5eb9c9872b02e08fe1274451c1752740" : {
    "statistic" : {
      "failed" : 0,
      "broken" : 0,
      "skipped" : 0,
      "passed" : 1,
      "unknown" : 0,
      "total" : 1
    },
    "items" : [ {
      "uid" : "5d1d9a46e8e9a7e8",
      "status" : "passed",
      "time" : {
        "start" : 1656553857994,
        "stop" : 1656553858352,
        "duration" : 358
      }
    } ]
  },
  "6a88c037cf1babac7c8d9389dfb6ca53" : {
    "statistic" : {
      "failed" : 0,
      "broken" : 0,
      "skipped" : 0,
      "passed" : 1,
      "unknown" : 0,
      "total" : 1
    },
    "items" : [ {
      "uid" : "a86770cd000fb9eb",
      "status" : "passed",
      "time" : {
        "start" : 1656553858368,
        "stop" : 1656553858752,
        "duration" : 384
      }
    } ]
  },
  "00708f03bd1a1d2bb8d845792d5e67bd" : {
    "statistic" : {
      "failed" : 0,
      "broken" : 0,
      "skipped" : 0,
      "passed" : 1,
      "unknown" : 0,
      "total" : 1
    },
    "items" : [ {
      "uid" : "3720ae73e30be95d",
      "status" : "passed",
      "time" : {
        "start" : 1656553859436,
        "stop" : 1656553859627,
        "duration" : 191
      }
    } ]
  },
  "e402d4f5afdb11afc56a2e52b250b8b7" : {
    "statistic" : {
      "failed" : 0,
      "broken" : 0,
      "skipped" : 0,
      "passed" : 1,
      "unknown" : 0,
      "total" : 1
    },
    "items" : [ {
      "uid" : "706abcb4809c47ca",
      "status" : "passed",
      "time" : {
        "start" : 1656553860085,
        "stop" : 1656553860577,
        "duration" : 492
      }
    } ]
  },
  "278b2a7c9ac43764fae6fc61727ae281" : {
    "statistic" : {
      "failed" : 0,
      "broken" : 0,
      "skipped" : 0,
      "passed" : 1,
      "unknown" : 0,
      "total" : 1
    },
    "items" : [ {
      "uid" : "fb6af775ac17addb",
      "status" : "passed",
      "time" : {
        "start" : 1656553858980,
        "stop" : 1656553859419,
        "duration" : 439
      }
    } ]
  },
  "7e77df6106fcf9ced14f70f67930cdfc" : {
    "statistic" : {
      "failed" : 0,
      "broken" : 0,
      "skipped" : 0,
      "passed" : 1,
      "unknown" : 0,
      "total" : 1
    },
    "items" : [ {
      "uid" : "8fc207b962bda1da",
      "status" : "passed",
      "time" : {
        "start" : 1656553858767,
        "stop" : 1656553859439,
        "duration" : 672
      }
    } ]
  },
  "809b9577037b738935e0101a9a21b881" : {
    "statistic" : {
      "failed" : 0,
      "broken" : 0,
      "skipped" : 0,
      "passed" : 1,
      "unknown" : 0,
      "total" : 1
    },
    "items" : [ {
      "uid" : "471359f9d3d5f7ea",
      "status" : "passed",
      "time" : {
        "start" : 1656553858002,
        "stop" : 1656553858356,
        "duration" : 354
      }
    } ]
  },
  "5e84cecda5358b45118a62c2769c8f30" : {
    "statistic" : {
      "failed" : 0,
      "broken" : 0,
      "skipped" : 0,
      "passed" : 1,
      "unknown" : 0,
      "total" : 1
    },
    "items" : [ {
      "uid" : "db3bf74c7eddee38",
      "status" : "passed",
      "time" : {
        "start" : 1656553859005,
        "stop" : 1656553859355,
        "duration" : 350
      }
    } ]
  },
  "4cfac0c788c049c180e2f593ec96fd14" : {
    "statistic" : {
      "failed" : 0,
      "broken" : 0,
      "skipped" : 0,
      "passed" : 1,
      "unknown" : 0,
      "total" : 1
    },
    "items" : [ {
      "uid" : "abc314cb50dc8d09",
      "status" : "passed",
      "time" : {
        "start" : 1656553859461,
        "stop" : 1656553860072,
        "duration" : 611
      }
    } ]
  }
}