"Status","Start Time","Stop Time","Duration in ms","Parent Suite","Suite","Sub Suite","Test Class","Test Method","Name","Description"
"passed","Thu Jun 30 10:01:01 CST 2022","Thu Jun 30 10:01:02 CST 2022","423","testCases.addInvoiceToConfirm","test_invoice_manage1_Test_scene_1","","","","test_test_scene_1[test_case4]",""
"passed","Thu Jun 30 10:01:00 CST 2022","Thu Jun 30 10:01:01 CST 2022","302","testCases.blue","test_invoice_manage2_Test_scene_1","","","","test_test_scene_1[test_case2]",""
"passed","Thu Jun 30 10:01:01 CST 2022","Thu Jun 30 10:01:01 CST 2022","501","testCases.addInvoiceToConfirm","test_invoice_manage1_Test_scene_1","","","","test_test_scene_1[test_case3]",""
"passed","Thu Jun 30 10:00:59 CST 2022","Thu Jun 30 10:01:00 CST 2022","365","testCases.addInvoiceToConfirm","test_invoice_manage1_Test_scene_1","","","","test_test_scene_1[test_case0]",""
"passed","Thu Jun 30 10:00:59 CST 2022","Thu Jun 30 10:01:00 CST 2022","328","testCases.addInvoiceToConfirm","test_invoice_manage_Test_scene_1","","","","test_test_scene_1[test_case0]",""
"passed","Thu Jun 30 10:01:01 CST 2022","Thu Jun 30 10:01:01 CST 2022","173","testCases.addInvoiceToConfirm","test_invoice_manage_Test_scene_1","","","","test_test_scene_1[test_case3]",""
"passed","Thu Jun 30 10:00:59 CST 2022","Thu Jun 30 10:01:00 CST 2022","430","testCases.blue","test_invoice_manage2_Test_scene_1","","","","test_test_scene_1[test_case0]",""
"passed","Thu Jun 30 10:01:00 CST 2022","Thu Jun 30 10:01:00 CST 2022","363","testCases.addInvoiceToConfirm","test_invoice_manage1_Test_scene_1","","","","test_test_scene_1[test_case1]",""
"passed","Thu Jun 30 10:01:00 CST 2022","Thu Jun 30 10:01:01 CST 2022","223","testCases.addInvoiceToConfirm","test_invoice_manage_Test_scene_1","","","","test_test_scene_1[test_case2]",""
"passed","Thu Jun 30 10:01:00 CST 2022","Thu Jun 30 10:01:01 CST 2022","498","testCases.addInvoiceToConfirm","test_invoice_manage1_Test_scene_1","","","","test_test_scene_1[test_case2]",""
"passed","Thu Jun 30 10:01:00 CST 2022","Thu Jun 30 10:01:00 CST 2022","538","testCases.blue","test_invoice_manage2_Test_scene_1","","","","test_test_scene_1[test_case1]",""
"passed","Thu Jun 30 10:01:00 CST 2022","Thu Jun 30 10:01:00 CST 2022","547","testCases.addInvoiceToConfirm","test_invoice_manage_Test_scene_1","","","","test_test_scene_1[test_case1]",""
