[ {
  "uid" : "e77a2e0a598ddd20",
  "name" : "test_test_scene_1[test_case3]",
  "time" : {
    "start" : 1656555422069,
    "stop" : 1656555422616,
    "duration" : 547
  },
  "status" : "passed",
  "severity" : "normal"
}, {
  "uid" : "cced64c27e5b146c",
  "name" : "test_test_scene_1[test_case2]",
  "time" : {
    "start" : 1656555421460,
    "stop" : 1656555422054,
    "duration" : 594
  },
  "status" : "passed",
  "severity" : "normal"
}, {
  "uid" : "7c94c7c5e7f29208",
  "name" : "test_test_scene_1[test_case1]",
  "time" : {
    "start" : 1656555420976,
    "stop" : 1656555421570,
    "duration" : 594
  },
  "status" : "passed",
  "severity" : "normal"
}, {
  "uid" : "7be26af5b7b332de",
  "name" : "test_test_scene_1[test_case2]",
  "time" : {
    "start" : 1656555421538,
    "stop" : 1656555421944,
    "duration" : 406
  },
  "status" : "passed",
  "severity" : "normal"
}, {
  "uid" : "b03c21128321bb47",
  "name" : "test_test_scene_1[test_case0]",
  "time" : {
    "start" : 1656555420601,
    "stop" : 1656555420851,
    "duration" : 250
  },
  "status" : "passed",
  "severity" : "normal"
}, {
  "uid" : "757c7c5d32f037b6",
  "name" : "test_test_scene_1[test_case1]",
  "time" : {
    "start" : 1656555420867,
    "stop" : 1656555421523,
    "duration" : 656
  },
  "status" : "passed",
  "severity" : "normal"
}, {
  "uid" : "98ec39e63b5b35a5",
  "name" : "test_test_scene_1[test_case0]",
  "time" : {
    "start" : 1656555420632,
    "stop" : 1656555420945,
    "duration" : 313
  },
  "status" : "passed",
  "severity" : "normal"
}, {
  "uid" : "7cae109361a50af1",
  "name" : "test_test_scene_1[test_case4]",
  "time" : {
    "start" : 1656555422632,
    "stop" : 1656555423085,
    "duration" : 453
  },
  "status" : "passed",
  "severity" : "normal"
}, {
  "uid" : "20ad4ecbb993bd21",
  "name" : "test_test_scene_1[test_case1]",
  "time" : {
    "start" : 1656555420960,
    "stop" : 1656555421445,
    "duration" : 485
  },
  "status" : "passed",
  "severity" : "normal"
}, {
  "uid" : "63b15c9a594a09a5",
  "name" : "test_test_scene_1[test_case3]",
  "time" : {
    "start" : 1656555421976,
    "stop" : 1656555422148,
    "duration" : 172
  },
  "status" : "passed",
  "severity" : "normal"
}, {
  "uid" : "79dee83356ece789",
  "name" : "test_test_scene_1[test_case0]",
  "time" : {
    "start" : 1656555420601,
    "stop" : 1656555420945,
    "duration" : 344
  },
  "status" : "passed",
  "severity" : "normal"
}, {
  "uid" : "47c798d47d7376f1",
  "name" : "test_test_scene_1[test_case2]",
  "time" : {
    "start" : 1656555421585,
    "stop" : 1656555421944,
    "duration" : 359
  },
  "status" : "passed",
  "severity" : "normal"
} ]