"Status","Start Time","Stop Time","Duration in ms","Parent Suite","Suite","Sub Suite","Test Class","Test Method","Name","Description"
"passed","Thu Jun 30 10:03:00 CST 2022","Thu Jun 30 10:03:00 CST 2022","386","testCases.addInvoiceToConfirm","test_invoice_manage1_Test_scene_1","","","","test_test_scene_1[test_case0]",""
"passed","Thu Jun 30 10:03:01 CST 2022","Thu Jun 30 10:03:01 CST 2022","177","testCases.addInvoiceToConfirm","test_invoice_manage_Test_scene_1","","","","test_test_scene_1[test_case3]",""
"passed","Thu Jun 30 10:03:00 CST 2022","Thu Jun 30 10:03:01 CST 2022","525","testCases.blue","test_invoice_manage2_Test_scene_1","","","","test_test_scene_1[test_case1]",""
"passed","Thu Jun 30 10:03:01 CST 2022","Thu Jun 30 10:03:01 CST 2022","416","testCases.blue","test_invoice_manage2_Test_scene_1","","","","test_test_scene_1[test_case2]",""
"passed","Thu Jun 30 10:03:01 CST 2022","Thu Jun 30 10:03:01 CST 2022","298","testCases.addInvoiceToConfirm","test_invoice_manage_Test_scene_1","","","","test_test_scene_1[test_case2]",""
"passed","Thu Jun 30 10:03:01 CST 2022","Thu Jun 30 10:03:02 CST 2022","518","testCases.addInvoiceToConfirm","test_invoice_manage1_Test_scene_1","","","","test_test_scene_1[test_case3]",""
"passed","Thu Jun 30 10:03:00 CST 2022","Thu Jun 30 10:03:01 CST 2022","420","testCases.addInvoiceToConfirm","test_invoice_manage1_Test_scene_1","","","","test_test_scene_1[test_case1]",""
"passed","Thu Jun 30 10:03:01 CST 2022","Thu Jun 30 10:03:01 CST 2022","599","testCases.addInvoiceToConfirm","test_invoice_manage1_Test_scene_1","","","","test_test_scene_1[test_case2]",""
"passed","Thu Jun 30 10:03:00 CST 2022","Thu Jun 30 10:03:00 CST 2022","315","testCases.addInvoiceToConfirm","test_invoice_manage_Test_scene_1","","","","test_test_scene_1[test_case0]",""
"passed","Thu Jun 30 10:03:00 CST 2022","Thu Jun 30 10:03:01 CST 2022","551","testCases.addInvoiceToConfirm","test_invoice_manage_Test_scene_1","","","","test_test_scene_1[test_case1]",""
"passed","Thu Jun 30 10:03:02 CST 2022","Thu Jun 30 10:03:02 CST 2022","464","testCases.addInvoiceToConfirm","test_invoice_manage1_Test_scene_1","","","","test_test_scene_1[test_case4]",""
"passed","Thu Jun 30 10:03:00 CST 2022","Thu Jun 30 10:03:00 CST 2022","404","testCases.blue","test_invoice_manage2_Test_scene_1","","","","test_test_scene_1[test_case0]",""
