{
  "uid" : "ab17fc5a4eb3bca4b216b548c7f9fcbc",
  "name" : "timeline",
  "children" : [ {
    "name" : "CN01XIT00000ZON",
    "children" : [ {
      "name" : "21228-MainThread",
      "children" : [ {
        "name" : "test_test_scene_1[test_case1]",
        "uid" : "2a77389858886aba",
        "parentUid" : "012f66a67d432c64dff3b701d8ed1b9b",
        "status" : "passed",
        "time" : {
          "start" : 1656554580903,
          "stop" : 1656554581428,
          "duration" : 525
        },
        "flaky" : false,
        "newFailed" : false,
        "newPassed" : false,
        "newBroken" : false,
        "retriesCount" : 0,
        "retriesStatusChange" : false,
        "parameters" : [ "{'batchConfirm': {'step_2': {'script': {'request_header': {'Method': 'post', 'path': '/mage/manual/batchConfirm', 'Connection': 'keep-alive', 'Content-Type': 'application/x-www-form-urlencoded', 'timeout': 10, 'sleep_time': 0, 'is_login': True}, 'request_body': {'str': '$DB{id}'}, 'check_body': {'check_json': {'check_type': 'perfect_match', 'expected_code': 200, 'expected_result': 'batchConfirm_response.json'}}}, 'data': {'sql': \"['select id from t_invoice_to_confirm where business_no = $Req{blue.data.businessNo}']\"}}}}" ]
      }, {
        "name" : "test_test_scene_1[test_case0]",
        "uid" : "7b1766d583fae7db",
        "parentUid" : "012f66a67d432c64dff3b701d8ed1b9b",
        "status" : "passed",
        "time" : {
          "start" : 1656554580486,
          "stop" : 1656554580890,
          "duration" : 404
        },
        "flaky" : false,
        "newFailed" : false,
        "newPassed" : false,
        "newBroken" : false,
        "retriesCount" : 0,
        "retriesStatusChange" : false,
        "parameters" : [ "{'blue': {'step_1': {'script': {'request_header': {'base_url': 'https://fenqitest.midea.com', 'env': '/invoice_sit', 'Method': 'post', 'path': '/invoice/trans/blue', 'Connection': 'keep-alive', 'timeout': 10, 'sleep_time': 0, 'is_login': False}, 'request_body': {'appId': '${appId}', 'appKey': '${appKey}', 'data': {'invoiceAmt': 610.0, 'immediateInvoice': 1, 'payTaxpayerName': '${payTaxpayerName}', 'invoiceHead': 1, 'bizId': 'biz$(fdate)$(ftime)', 'invoiceType': 3, 'remarks': '票面备注：客户名称：${payTaxpayerName}, bizId=biz$(fdate)$(ftime)$(fnum::2)', 'taxpayerCode': '${taxpayerCode}', 'businessNo': '$(fdate)$(ftime)$(fnum::4)', 'detailList': [{'standards': 'MT-TZBKC01', 'taxRate': 0.13, 'taxUnitPrice': 180.0, 'businessNo': '$(fdate)$(ftime)$(fnum::2)', 'goodCount': 1, 'goodUnit': '台', 'bizDetailId': 'bdid$(fnum::11)', 'amtContainTax': 180.0, 'taxCode': '1080422', 'goodsName': 'Micca 炊具'}, {'standards': 'MP-SJ20W101', 'taxRate': 0.13, 'taxUnitPrice': 430.0, 'businessNo': '$(fdate)$(ftime)$(fnum::2)', 'goodCount': 1, 'goodUnit': '台', 'bizDetailId': 'bdid$(fnum::11)', 'amtContainTax': 430.0, 'taxCode': '107060112', 'goodsName': 'Midea/美的 餐饮具'}]}}, 'check_body': {'check_json': {'check_type': 'perfect_match', 'expected_code': 200, 'expected_result': 'blue_response.json'}, 'check_part': {'check_type': 'in', 'expected_code': 200, 'expected_result': {'code': '00000'}}}}, 'data': {'appId': 'IBCP', 'appKey': '123456', 'payTaxpayerName': 'muzili_blue', 'taxpayerCode': '440001999999260'}}}}" ]
      }, {
        "name" : "test_test_scene_1[test_case2]",
        "uid" : "cc31ffa221ae6966",
        "parentUid" : "012f66a67d432c64dff3b701d8ed1b9b",
        "status" : "passed",
        "time" : {
          "start" : 1656554581442,
          "stop" : 1656554581858,
          "duration" : 416
        },
        "flaky" : false,
        "newFailed" : false,
        "newPassed" : false,
        "newBroken" : false,
        "retriesCount" : 0,
        "retriesStatusChange" : false,
        "parameters" : [ "{'batchInvoice': {'step_3': {'script': {'request_header': {'Method': 'post', 'path': '/mage/draft/batchInvoice', 'Connection': 'keep-alive', 'Content-Type': 'application/x-www-form-urlencoded', 'timeout': 10, 'sleep_time': 0, 'is_login': True}, 'request_body': {'str': '$DB{id}'}, 'check_body': {'check_json': {'check_type': 'perfect_match', 'expected_code': 200, 'expected_result': 'batchInvoice_response.json'}}}, 'data': {'sql': \"['select id from t_invoice_trans where business_no = $Req{blue.data.businessNo}']\"}}}}" ]
      } ],
      "uid" : "012f66a67d432c64dff3b701d8ed1b9b"
    }, {
      "name" : "24992-MainThread",
      "children" : [ {
        "name" : "test_test_scene_1[test_case4]",
        "uid" : "9e27897f183ba2ea",
        "parentUid" : "96272669350d697266d884de6d606e87",
        "status" : "passed",
        "time" : {
          "start" : 1656554582465,
          "stop" : 1656554582929,
          "duration" : 464
        },
        "flaky" : false,
        "newFailed" : false,
        "newPassed" : false,
        "newBroken" : false,
        "retriesCount" : 0,
        "retriesStatusChange" : false,
        "parameters" : [ "{'batchInvoice': {'step_5': {'script': {'request_header': {'Method': 'post', 'path': '/mage/draft/batchInvoice', 'Connection': 'keep-alive', 'Content-Type': 'application/x-www-form-urlencoded', 'timeout': 10, 'sleep_time': 0, 'is_login': True}, 'request_body': {'str': '$DB{id}'}, 'check_body': {'check_json': {'check_type': 'perfect_match', 'expected_code': 200, 'expected_result': 'batchInvoice_response.json'}}}, 'data': {'sql': \"['select id from t_invoice_trans where business_no = $Req{addInvoiceToConfirm.data.businessNos}']\"}}}}" ]
      }, {
        "name" : "test_test_scene_1[test_case0]",
        "uid" : "6325d555237d049c",
        "parentUid" : "96272669350d697266d884de6d606e87",
        "status" : "passed",
        "time" : {
          "start" : 1656554580486,
          "stop" : 1656554580872,
          "duration" : 386
        },
        "flaky" : false,
        "newFailed" : false,
        "newPassed" : false,
        "newBroken" : false,
        "retriesCount" : 0,
        "retriesStatusChange" : false,
        "parameters" : [ "{'addInvoiceToConfirm': {'step_1': {'script': {'request_header': {'Method': 'post', 'path': '/mage/manual/addInvoiceToConfirm', 'Connection': 'keep-alive', 'timeout': 10, 'sleep_time': 0, 'is_login': True}, 'request_body': {'appId': '${appId}', 'appKey': '${appKey}', 'data': {'id': '', 'invoiceType': '1', 'invoiceHead': '1', 'erpCustCode': '', 'sysSource': '0', 'autoSendFlag': '${autoSendFlag}', 'ouName': '', 'ouCode': '', 'payTaxpayerName': '${payTaxpayerName}', 'payTaxpayerCode': '', 'payUnitAddress': '220610', 'payFixedPhoneNumber': '220610', 'businessNos': '$(fdate)$(ftime)$(fnum::4)', 'mail': '220610', 'messagePhone': '220610', 'payBankName': '220610', 'payBankAccount': '220610', 'invoiceToConfirmDetailBOList': [{'businessNo': '$(fdate)$(ftime)$(fnum::2)', 'goodsName': '石狮子', 'goodsId': 204, 'goodsCode': '17122000041283', 'standards': '220610', 'goodsUnit': '只', 'goodsCount': 1, 'taxUnitPrice': 100, 'notTaxUnitPrice': 88.5, 'amtContainTax': 100, 'amtNotContainTax': 88.5, 'taxAmt': 11.5, 'taxClassificationId': 999, 'taxName': '矿产品', 'taxFullName': '其他矿产品', 'taxRate': 0.13, 'taxCode': '1020600000000000000', 'shortTaxCode': '10206'}, {'businessNo': '$(fdate)$(ftime)$(fnum::2)', 'goodsName': '收音机', 'goodsId': 179, 'goodsCode': '963852741', 'standards': '220610', 'goodsUnit': '件', 'goodsCount': 2, 'taxUnitPrice': 100, 'notTaxUnitPrice': 88.495, 'amtContainTax': 200, 'amtNotContainTax': 176.99, 'taxAmt': 23.01, 'taxClassificationId': 999, 'taxName': '绘图测量仪器', 'taxFullName': '数学计算器具', 'taxRate': 0.13, 'taxCode': '1090604040000000000', 'shortTaxCode': '109060404'}], 'recTaxpayerId': 269, 'recTaxpayerName': '百鸣鸟装饰有限公司', 'recTaxpayerCode': '440001999999260', 'reviewer': '沙和尚', 'receiver': '猪八戒', 'openMan': '孙悟空', 'remarks': '220610', 'recUnitAddress': '佛山市顺德区北滘美的大道148号', 'recFixedPhoneNumber': '0817-25945214', 'recBankName': '中国农商银行佛山北滘支行', 'recBankAccount': '1845822362245224477', 'invoiceByHandFlag': 1, 'amount': '', 'deviceId': 234, 'deviceType': 1, 'amtNotContainTax': 265.49, 'taxAmt': 34.51, 'invoiceAmt': 300, 'blueInvoiceNo': '', 'blueInvoiceCode': '', 'redRushInfoNo': ''}}, 'check_body': {'check_json': {'check_type': 'perfect_match', 'expected_code': 200, 'expected_result': 'addInvoiceToConfirm_response.json'}}}, 'data': {'appId': 'IBCP', 'appKey': '123456', 'payTaxpayerName': 'muzili', 'autoSendFlag': '1'}}}}" ]
      }, {
        "name" : "test_test_scene_1[test_case2]",
        "uid" : "d427ad8ae9f327c6",
        "parentUid" : "96272669350d697266d884de6d606e87",
        "status" : "passed",
        "time" : {
          "start" : 1656554581320,
          "stop" : 1656554581919,
          "duration" : 599
        },
        "flaky" : false,
        "newFailed" : false,
        "newPassed" : false,
        "newBroken" : false,
        "retriesCount" : 0,
        "retriesStatusChange" : false,
        "parameters" : [ "{'updateInvoiceToConfirm': {'step_3': {'script': {'request_header': {'Method': 'post', 'path': '/mage/manual/updateInvoiceToConfirm', 'Connection': 'keep-alive', 'timeout': 10, 'sleep_time': 0, 'is_login': True}, 'request_body': {'appId': 'IBCP', 'appKey': '123456', 'data': {'id': '$DB{id}', 'invoiceType': '1', 'invoiceHead': 1, 'erpCustCode': '', 'sysSource': 0, 'autoSendFlag': 1, 'ouName': '', 'ouCode': '', 'payTaxpayerName': 'muzili', 'payTaxpayerCode': '', 'payUnitAddress': '220610', 'payFixedPhoneNumber': '220610', 'businessNos': '$Req{addInvoiceToConfirm.data.businessNos}', 'mail': '220615', 'messagePhone': '220615', 'payBankName': '220610', 'payBankAccount': '220610', 'invoiceToConfirmDetailBOList': [{'businessNo': '$Req{addInvoiceToConfirm.data.invoiceToConfirmDetailBOList[0].businessNo}', 'bizDetailId': '$DB{b0_bizDetailId}', 'standards': '220610', 'goodsCount': 1, 'amtContainTax': 100, 'amtNotContainTax': 88.5, 'taxAmt': 11.5, 'goodsId': 206, 'goodsCode': '17122000041283', 'goodsName': '石狮子', 'goodsUnit': '只', 'taxUnitPrice': 100, 'notTaxUnitPrice': 88.5, 'taxClassificationId': 378, 'taxCode': '1020600000000000000', 'taxRate': 0.13, 'taxName': '矿产品', 'taxFullName': '其他矿产品', 'merchantId': '0000111008', 'shortTaxCode': '10206', 'confirmId': '$DB{b0_id}', '_X_ROW_KEY': 'row_5553'}, {'businessNo': '$Req{addInvoiceToConfirm.data.invoiceToConfirmDetailBOList[1].businessNo}', 'bizDetailId': '$DB{b1_bizDetailId}', 'standards': '220610', 'goodsCount': 2, 'amtContainTax': 200, 'amtNotContainTax': 176.99, 'taxAmt': 23.01, 'goodsId': 178, 'goodsCode': '963852741', 'goodsName': '收音机', 'goodsUnit': '件', 'taxUnitPrice': 100, 'notTaxUnitPrice': 88.495, 'taxClassificationId': 999, 'taxCode': '1090604040000000000', 'taxRate': 0.13, 'taxName': '黑色金属矿石', 'taxFullName': '铁矿石', 'merchantId': '0000111008', 'shortTaxCode': '1020301', 'confirmId': '$DB{b1_id}', '_X_ROW_KEY': 'row_5554'}], 'recTaxpayerId': 0, 'recTaxpayerName': '百鸣鸟装饰有限公司', 'recTaxpayerCode': '440001999999260', 'reviewer': '沙和尚', 'receiver': '猪八戒', 'openMan': '孙悟空', 'remarks': '2206101212', 'recUnitAddress': '中欧', 'recFixedPhoneNumber': '13688889999', 'recBankName': '中国农商银行佛山北滘支行', 'recBankAccount': '12353154656665', 'invoiceByHandFlag': '', 'amount': '', 'deviceId': '', 'deviceType': 1, 'amtNotContainTax': 265.49, 'taxAmt': 34.51, 'invoiceAmt': 300, 'blueInvoiceNo': '', 'blueInvoiceCode': '', 'redRushInfoNo': ''}}, 'check_body': {'check_json': {'check_type': 'perfect_match', 'expected_code': 200, 'expected_result': 'updateInvoiceToConfirm_response.json'}}}, 'data': {'sql': \"['select id from t_invoice_to_confirm where business_no = $Req{addInvoiceToConfirm.data.businessNos}',\\n'select id as b0_id, biz_detail_id as b0_bizDetailId from t_invoice_to_confirm_detail where business_no = $Req{addInvoiceToConfirm.data.invoiceToConfirmDetailBOList[0].businessNo}',\\n'select id as b1_id, biz_detail_id as b1_bizDetailId from t_invoice_to_confirm_detail where business_no = $Req{addInvoiceToConfirm.data.invoiceToConfirmDetailBOList[1].businessNo}']\"}}}}" ]
      }, {
        "name" : "test_test_scene_1[test_case3]",
        "uid" : "a9e4cefb0018fcdb",
        "parentUid" : "96272669350d697266d884de6d606e87",
        "status" : "passed",
        "time" : {
          "start" : 1656554581936,
          "stop" : 1656554582454,
          "duration" : 518
        },
        "flaky" : false,
        "newFailed" : false,
        "newPassed" : false,
        "newBroken" : false,
        "retriesCount" : 0,
        "retriesStatusChange" : false,
        "parameters" : [ "{'batchConfirm': {'step_4': {'script': {'request_header': {'Method': 'post', 'path': '/mage/manual/batchConfirm', 'Connection': 'keep-alive', 'Content-Type': 'application/x-www-form-urlencoded', 'timeout': 10, 'sleep_time': 0, 'is_login': True}, 'request_body': {'str': '$DB{id}'}, 'check_body': {'check_json': {'check_type': 'perfect_match', 'expected_code': 200, 'expected_result': 'batchConfirm_response.json'}}}, 'data': {'sql': \"['select id from t_invoice_to_confirm where business_no = $Req{addInvoiceToConfirm.data.businessNos}']\"}}}}" ]
      }, {
        "name" : "test_test_scene_1[test_case1]",
        "uid" : "807f0ace60c40d70",
        "parentUid" : "96272669350d697266d884de6d606e87",
        "status" : "passed",
        "time" : {
          "start" : 1656554580888,
          "stop" : 1656554581308,
          "duration" : 420
        },
        "flaky" : false,
        "newFailed" : false,
        "newPassed" : false,
        "newBroken" : false,
        "retriesCount" : 0,
        "retriesStatusChange" : false,
        "parameters" : [ "{'viewInvoiceToConfirm': {'step_2': {'script': {'request_header': {'Method': 'post', 'path': '/mage/manual/viewInvoiceToConfirm', 'Content-Type': 'application/x-www-form-urlencoded', 'Connection': 'keep-alive', 'timeout': 10, 'sleep_time': 0, 'is_login': True}, 'request_body': {'id': '$DB{id}', 'isEdit': 1}, 'check_body': {'check_part': {'expected_code': 200, 'check_type': 'partial_match', 'expected_result': {'errorCode': None, 'isPinCode': None, 'isSuccess': True, 'message': None}}}}, 'data': {'sql': \"['select id from t_invoice_to_confirm where business_no = $Req{addInvoiceToConfirm.data.businessNos}']\"}}}}" ]
      } ],
      "uid" : "96272669350d697266d884de6d606e87"
    }, {
      "name" : "34320-MainThread",
      "children" : [ {
        "name" : "test_test_scene_1[test_case2]",
        "uid" : "c9eaf2c6b4b981c9",
        "parentUid" : "de28d654a8b52cbb6797ae2106367143",
        "status" : "passed",
        "time" : {
          "start" : 1656554581457,
          "stop" : 1656554581755,
          "duration" : 298
        },
        "flaky" : false,
        "newFailed" : false,
        "newPassed" : false,
        "newBroken" : false,
        "retriesCount" : 0,
        "retriesStatusChange" : false,
        "parameters" : [ "{'draftList': {'step_3': {'script': {'request_header': {'Method': 'post', 'path': '/mage/draft/draftList', 'Connection': 'keep-alive', 'timeout': 10, 'sleep_time': 0, 'is_login': True}, 'request_body': {'invoiceType': '', 'businessNos': '$Req{addInvoiceToConfirm.data.businessNos}', 'payTaxpayerName': '', 'createDateStartStr': '', 'createDateEndStr': '', 'status': '', 'provinceCentre': '', 'taxpayerCode': '', 'recTaxpayerName': '', 'ouName': '', 'sysSource': '', 'requestChannel': '', 'blueInvoiceNo': '', 'pageNumber': 1, 'pageSize': 10}, 'check_body': {'check_part': {'expected_code': 200, 'check_type': 'partial_match', 'expected_result': {'isSuccess': True, 'data': {'total': 1}}}}}, 'data': None}}}" ]
      }, {
        "name" : "test_test_scene_1[test_case3]",
        "uid" : "71276f9c676c7de7",
        "parentUid" : "de28d654a8b52cbb6797ae2106367143",
        "status" : "passed",
        "time" : {
          "start" : 1656554581770,
          "stop" : 1656554581947,
          "duration" : 177
        },
        "flaky" : false,
        "newFailed" : false,
        "newPassed" : false,
        "newBroken" : false,
        "retriesCount" : 0,
        "retriesStatusChange" : false,
        "parameters" : [ "{'exportQueryDraft': {'step_4': {'script': {'request_header': {'Method': 'post', 'path': '/mage/draft/exportQueryDraft', 'Connection': 'keep-alive', 'timeout': 10, 'sleep_time': 0, 'is_login': True}, 'request_body': {'businessNos': '$Req{addInvoiceToConfirm.data.businessNos}', 'pageNumber': 1, 'pageSize': 10, 'totalCount': 2, 'filter': ['businessNos', 'payTaxpayerName', 'payTaxpayerCode', 'noTaxInvoiceAmt', 'totalTaxAmt', 'invoiceAmt', 'payUnitAddress', 'payFixedPhoneNumber', 'payBankName', 'payBankAccount', 'remarks', 'recTaxpayerName', 'status', 'invoiceType', 'requestChannel', 'operate']}, 'check_body': {'check_part': {'expected_code': 200, 'check_type': 'partial_match', 'expected_result': {'isSuccess': True, 'data': None}}}}, 'data': None}}}" ]
      }, {
        "name" : "test_test_scene_1[test_case0]",
        "uid" : "60f110eea5a8d054",
        "parentUid" : "de28d654a8b52cbb6797ae2106367143",
        "status" : "passed",
        "time" : {
          "start" : 1656554580562,
          "stop" : 1656554580877,
          "duration" : 315
        },
        "flaky" : false,
        "newFailed" : false,
        "newPassed" : false,
        "newBroken" : false,
        "retriesCount" : 0,
        "retriesStatusChange" : false,
        "parameters" : [ "{'addInvoiceToConfirm': {'step_1': {'script': {'request_header': {'Method': 'post', 'path': '/mage/manual/addInvoiceToConfirm', 'Connection': 'keep-alive', 'timeout': 10, 'sleep_time': 0, 'is_login': True}, 'request_body': {'appId': '${appId}', 'appKey': '${appKey}', 'data': {'id': '', 'invoiceType': '1', 'invoiceHead': '1', 'erpCustCode': '', 'sysSource': '0', 'autoSendFlag': '${autoSendFlag}', 'ouName': '', 'ouCode': '', 'payTaxpayerName': '${payTaxpayerName}', 'payTaxpayerCode': '', 'payUnitAddress': '220610', 'payFixedPhoneNumber': '220610', 'businessNos': '$(fdate)$(ftime)$(fnum::4)', 'mail': '220610', 'messagePhone': '220610', 'payBankName': '220610', 'payBankAccount': '220610', 'invoiceToConfirmDetailBOList': [{'businessNo': '$(fdate)$(ftime)$(fnum::2)', 'goodsName': '石狮子', 'goodsId': 204, 'goodsCode': '17122000041283', 'standards': '220610', 'goodsUnit': '只', 'goodsCount': 1, 'taxUnitPrice': 100, 'notTaxUnitPrice': 88.5, 'amtContainTax': 100, 'amtNotContainTax': 88.5, 'taxAmt': 11.5, 'taxClassificationId': 999, 'taxName': '矿产品', 'taxFullName': '其他矿产品', 'taxRate': 0.13, 'taxCode': '1020600000000000000', 'shortTaxCode': '10206'}, {'businessNo': '$(fdate)$(ftime)$(fnum::2)', 'goodsName': '收音机', 'goodsId': 179, 'goodsCode': '963852741', 'standards': '220610', 'goodsUnit': '件', 'goodsCount': 2, 'taxUnitPrice': 100, 'notTaxUnitPrice': 88.495, 'amtContainTax': 200, 'amtNotContainTax': 176.99, 'taxAmt': 23.01, 'taxClassificationId': 999, 'taxName': '绘图测量仪器', 'taxFullName': '数学计算器具', 'taxRate': 0.13, 'taxCode': '1090604040000000000', 'shortTaxCode': '109060404'}], 'recTaxpayerId': 269, 'recTaxpayerName': '百鸣鸟装饰有限公司', 'recTaxpayerCode': '440001999999260', 'reviewer': '沙和尚', 'receiver': '猪八戒', 'openMan': '孙悟空', 'remarks': '220610', 'recUnitAddress': '佛山市顺德区北滘美的大道148号', 'recFixedPhoneNumber': '0817-25945214', 'recBankName': '中国农商银行佛山北滘支行', 'recBankAccount': '1845822362245224477', 'invoiceByHandFlag': 1, 'amount': '', 'deviceId': 234, 'deviceType': 1, 'amtNotContainTax': 265.49, 'taxAmt': 34.51, 'invoiceAmt': 300, 'blueInvoiceNo': '', 'blueInvoiceCode': '', 'redRushInfoNo': ''}}, 'check_body': {'check_json': {'check_type': 'perfect_match', 'expected_code': 200, 'expected_result': 'addInvoiceToConfirm_response.json'}}}, 'data': {'appId': 'IBCP', 'appKey': '123456', 'payTaxpayerName': 'muzili', 'autoSendFlag': '0'}}}}" ]
      }, {
        "name" : "test_test_scene_1[test_case1]",
        "uid" : "2fa960dfa09601fe",
        "parentUid" : "de28d654a8b52cbb6797ae2106367143",
        "status" : "passed",
        "time" : {
          "start" : 1656554580890,
          "stop" : 1656554581441,
          "duration" : 551
        },
        "flaky" : false,
        "newFailed" : false,
        "newPassed" : false,
        "newBroken" : false,
        "retriesCount" : 0,
        "retriesStatusChange" : false,
        "parameters" : [ "{'batchConfirm': {'step_2': {'script': {'request_header': {'Method': 'post', 'path': '/mage/manual/batchConfirm', 'Connection': 'keep-alive', 'Content-Type': 'application/x-www-form-urlencoded', 'timeout': 10, 'sleep_time': 0, 'is_login': True}, 'request_body': {'str': '$DB{id}'}, 'check_body': {'check_json': {'check_type': 'perfect_match', 'expected_code': 200, 'expected_result': 'batchConfirm_response.json'}}}, 'data': {'sql': \"['select id from t_invoice_to_confirm where business_no = $Req{addInvoiceToConfirm.data.businessNos}',\\n'select id from t_invoice_to_confirm where business_no = $Req{blue.data.businessNos}']\"}}}}" ]
      } ],
      "uid" : "de28d654a8b52cbb6797ae2106367143"
    } ],
    "uid" : "f8b0faf773517d923b353d1ef0c9672e"
  } ]
}