[ {
  "uid" : "f37f996f64b3cecb",
  "name" : "test_test_scene_1[test_case0]",
  "time" : {
    "start" : 1656553023898,
    "stop" : 1656553024291,
    "duration" : 393
  },
  "status" : "passed",
  "severity" : "normal"
}, {
  "uid" : "ec6fa901bd90a5d2",
  "name" : "test_test_scene_1[test_case1]",
  "time" : {
    "start" : 1656553024317,
    "stop" : 1656553025008,
    "duration" : 691
  },
  "status" : "passed",
  "severity" : "normal"
}, {
  "uid" : "6e91a3d1e8e0bce8",
  "name" : "test_test_scene_1[test_case1]",
  "time" : {
    "start" : 1656553024308,
    "stop" : 1656553024960,
    "duration" : 652
  },
  "status" : "passed",
  "severity" : "normal"
}, {
  "uid" : "fdcafc4683c423b0",
  "name" : "test_test_scene_1[test_case0]",
  "time" : {
    "start" : 1656553023930,
    "stop" : 1656553024277,
    "duration" : 347
  },
  "status" : "passed",
  "severity" : "normal"
}, {
  "uid" : "cdfa14a3e2cc1fbb",
  "name" : "test_test_scene_1[test_case1]",
  "time" : {
    "start" : 1656553024295,
    "stop" : 1656553024741,
    "duration" : 446
  },
  "status" : "passed",
  "severity" : "normal"
}, {
  "uid" : "5b8a7a432ad7ed03",
  "name" : "test_test_scene_1[test_case3]",
  "time" : {
    "start" : 1656553025467,
    "stop" : 1656553025702,
    "duration" : 235
  },
  "status" : "passed",
  "severity" : "normal"
}, {
  "uid" : "ea088f006058e15b",
  "name" : "test_test_scene_1[test_case2]",
  "time" : {
    "start" : 1656553024977,
    "stop" : 1656553024980,
    "duration" : 3
  },
  "status" : "broken",
  "severity" : "normal"
}, {
  "uid" : "6c2948586f3c71f8",
  "name" : "test_test_scene_1[test_case2]",
  "time" : {
    "start" : 1656553025028,
    "stop" : 1656553025415,
    "duration" : 387
  },
  "status" : "passed",
  "severity" : "normal"
}, {
  "uid" : "40b622b3dbfaa937",
  "name" : "test_test_scene_1[test_case3]",
  "time" : {
    "start" : 1656553025461,
    "stop" : 1656553025950,
    "duration" : 489
  },
  "status" : "passed",
  "severity" : "normal"
}, {
  "uid" : "141468b2002f1c60",
  "name" : "test_test_scene_1[test_case0]",
  "time" : {
    "start" : 1656553023898,
    "stop" : 1656553024292,
    "duration" : 394
  },
  "status" : "passed",
  "severity" : "normal"
}, {
  "uid" : "b36d45ba7bd49d7c",
  "name" : "test_test_scene_1[test_case4]",
  "time" : {
    "start" : 1656553025971,
    "stop" : 1656553026435,
    "duration" : 464
  },
  "status" : "passed",
  "severity" : "normal"
}, {
  "uid" : "99e3df86e9ce7e3a",
  "name" : "test_test_scene_1[test_case2]",
  "time" : {
    "start" : 1656553024758,
    "stop" : 1656553025445,
    "duration" : 687
  },
  "status" : "passed",
  "severity" : "normal"
} ]