[ {
  "uid" : "fb4ca0af84cb9afd",
  "name" : "test_test_scene_1[test_case3]",
  "time" : {
    "start" : 1656552780168,
    "stop" : 1656552780725,
    "duration" : 557
  },
  "status" : "passed",
  "severity" : "normal"
}, {
  "uid" : "843c2c3f461435fc",
  "name" : "test_test_scene_1[test_case1]",
  "time" : {
    "start" : 1656552778966,
    "stop" : 1656552779641,
    "duration" : 675
  },
  "status" : "passed",
  "severity" : "normal"
}, {
  "uid" : "42464a3a1b1d6589",
  "name" : "test_test_scene_1[test_case1]",
  "time" : {
    "start" : 1656552779052,
    "stop" : 1656552779637,
    "duration" : 585
  },
  "status" : "passed",
  "severity" : "normal"
}, {
  "uid" : "ba5746a7d4ef670",
  "name" : "test_test_scene_1[test_case0]",
  "time" : {
    "start" : 1656552778669,
    "stop" : 1656552779042,
    "duration" : 373
  },
  "status" : "passed",
  "severity" : "normal"
}, {
  "uid" : "d1a7b1cb341e7003",
  "name" : "test_test_scene_1[test_case1]",
  "time" : {
    "start" : 1656552778955,
    "stop" : 1656552779500,
    "duration" : 545
  },
  "status" : "passed",
  "severity" : "normal"
}, {
  "uid" : "73d6900954621a70",
  "name" : "test_test_scene_1[test_case4]",
  "time" : {
    "start" : 1656552780735,
    "stop" : 1656552781379,
    "duration" : 644
  },
  "status" : "passed",
  "severity" : "normal"
}, {
  "uid" : "662a058ac692263e",
  "name" : "test_test_scene_1[test_case0]",
  "time" : {
    "start" : 1656552778657,
    "stop" : 1656552778951,
    "duration" : 294
  },
  "status" : "passed",
  "severity" : "normal"
}, {
  "uid" : "3a46a08876fc7590",
  "name" : "test_test_scene_1[test_case2]",
  "time" : {
    "start" : 1656552779647,
    "stop" : 1656552780075,
    "duration" : 428
  },
  "status" : "passed",
  "severity" : "normal"
}, {
  "uid" : "59cebd78275de8ea",
  "name" : "test_test_scene_1[test_case3]",
  "time" : {
    "start" : 1656552779960,
    "stop" : 1656552780185,
    "duration" : 225
  },
  "status" : "passed",
  "severity" : "normal"
}, {
  "uid" : "93cbbec3192aba53",
  "name" : "test_test_scene_1[test_case2]",
  "time" : {
    "start" : 1656552779654,
    "stop" : 1656552779950,
    "duration" : 296
  },
  "status" : "passed",
  "severity" : "normal"
}, {
  "uid" : "d0c06f3c6c9d524f",
  "name" : "test_test_scene_1[test_case2]",
  "time" : {
    "start" : 1656552779509,
    "stop" : 1656552780155,
    "duration" : 646
  },
  "status" : "passed",
  "severity" : "normal"
}, {
  "uid" : "387ff26096992cd5",
  "name" : "test_test_scene_1[test_case0]",
  "time" : {
    "start" : 1656552778652,
    "stop" : 1656552778944,
    "duration" : 292
  },
  "status" : "passed",
  "severity" : "normal"
} ]