{
  "0f1c7dc76fac7106b967823ba1c4190e" : {
    "statistic" : {
      "failed" : 0,
      "broken" : 0,
      "skipped" : 0,
      "passed" : 1,
      "unknown" : 0,
      "total" : 1
    },
    "items" : [ {
      "uid" : "2c24f6d6f9cb2803",
      "status" : "passed",
      "time" : {
        "start" : 1687943938216,
        "stop" : 1687943938216,
        "duration" : 0
      }
    } ]
  },
  "bc9880d8614df209dbcda5de753ff43c" : {
    "statistic" : {
      "failed" : 0,
      "broken" : 0,
      "skipped" : 0,
      "passed" : 1,
      "unknown" : 0,
      "total" : 1
    },
    "items" : [ {
      "uid" : "e0b4dfea433836c",
      "status" : "passed",
      "time" : {
        "start" : 1687943938216,
        "stop" : 1687943938216,
        "duration" : 0
      }
    } ]
  },
  "ebb139d06ae9f35b6b1ab397262d4657" : {
    "statistic" : {
      "failed" : 0,
      "broken" : 0,
      "skipped" : 0,
      "passed" : 1,
      "unknown" : 0,
      "total" : 1
    },
    "items" : [ {
      "uid" : "368e13bff28dda51",
      "status" : "passed",
      "time" : {
        "start" : 1687943938216,
        "stop" : 1687943938216,
        "duration" : 0
      }
    } ]
  },
  "09b9d018b4cec6ba76c3dc15398d6f10" : {
    "statistic" : {
      "failed" : 0,
      "broken" : 0,
      "skipped" : 0,
      "passed" : 1,
      "unknown" : 0,
      "total" : 1
    },
    "items" : [ {
      "uid" : "96968d2af8cad7e9",
      "status" : "passed",
      "time" : {
        "start" : 1687943938201,
        "stop" : 1687943938201,
        "duration" : 0
      }
    } ]
  },
  "30363634153052517fa3bdf6c753fcf8" : {
    "statistic" : {
      "failed" : 0,
      "broken" : 0,
      "skipped" : 0,
      "passed" : 1,
      "unknown" : 0,
      "total" : 1
    },
    "items" : [ {
      "uid" : "a450123a17011940",
      "status" : "passed",
      "time" : {
        "start" : 1687943938201,
        "stop" : 1687943938201,
        "duration" : 0
      }
    } ]
  },
  "698040e8ea63d09389c0e4098fd54827" : {
    "statistic" : {
      "failed" : 0,
      "broken" : 0,
      "skipped" : 0,
      "passed" : 1,
      "unknown" : 0,
      "total" : 1
    },
    "items" : [ {
      "uid" : "d46213d784115ba8",
      "status" : "passed",
      "time" : {
        "start" : 1687943938216,
        "stop" : 1687943938216,
        "duration" : 0
      }
    } ]
  }
}