{
  "e1e532d9d683f438723ad738116874de" : {
    "statistic" : {
      "failed" : 0,
      "broken" : 0,
      "skipped" : 0,
      "passed" : 1,
      "unknown" : 0,
      "total" : 1
    },
    "items" : [ {
      "uid" : "522630747d158131",
      "status" : "passed",
      "time" : {
        "start" : 1656553262635,
        "stop" : 1656553263165,
        "duration" : 530
      }
    } ]
  },
  "afd5b8fa437e3399bbab7bd1fc8918aa" : {
    "statistic" : {
      "failed" : 0,
      "broken" : 0,
      "skipped" : 0,
      "passed" : 1,
      "unknown" : 0,
      "total" : 1
    },
    "items" : [ {
      "uid" : "150c1e2371a1a97b",
      "status" : "passed",
      "time" : {
        "start" : 1656553263189,
        "stop" : 1656553263805,
        "duration" : 616
      }
    } ]
  },
  "7b94a35f76ab58821d02894eb57fc81d" : {
    "statistic" : {
      "failed" : 0,
      "broken" : 0,
      "skipped" : 0,
      "passed" : 1,
      "unknown" : 0,
      "total" : 1
    },
    "items" : [ {
      "uid" : "a2692c8d51e15b6c",
      "status" : "passed",
      "time" : {
        "start" : 1656553263156,
        "stop" : 1656553263776,
        "duration" : 620
      }
    } ]
  },
  "5eb9c9872b02e08fe1274451c1752740" : {
    "statistic" : {
      "failed" : 0,
      "broken" : 0,
      "skipped" : 0,
      "passed" : 1,
      "unknown" : 0,
      "total" : 1
    },
    "items" : [ {
      "uid" : "6b69a0861e742399",
      "status" : "passed",
      "time" : {
        "start" : 1656553262579,
        "stop" : 1656553262977,
        "duration" : 398
      }
    } ]
  },
  "6a88c037cf1babac7c8d9389dfb6ca53" : {
    "statistic" : {
      "failed" : 0,
      "broken" : 0,
      "skipped" : 0,
      "passed" : 1,
      "unknown" : 0,
      "total" : 1
    },
    "items" : [ {
      "uid" : "8b066b844320759f",
      "status" : "passed",
      "time" : {
        "start" : 1656553263000,
        "stop" : 1656553263454,
        "duration" : 454
      }
    } ]
  },
  "00708f03bd1a1d2bb8d845792d5e67bd" : {
    "statistic" : {
      "failed" : 0,
      "broken" : 0,
      "skipped" : 0,
      "passed" : 1,
      "unknown" : 0,
      "total" : 1
    },
    "items" : [ {
      "uid" : "22e7a2e432ce9fed",
      "status" : "passed",
      "time" : {
        "start" : 1656553264064,
        "stop" : 1656553264337,
        "duration" : 273
      }
    } ]
  },
  "e402d4f5afdb11afc56a2e52b250b8b7" : {
    "statistic" : {
      "failed" : 0,
      "broken" : 0,
      "skipped" : 0,
      "passed" : 1,
      "unknown" : 0,
      "total" : 1
    },
    "items" : [ {
      "uid" : "f4a6367071929802",
      "status" : "passed",
      "time" : {
        "start" : 1656553264821,
        "stop" : 1656553265429,
        "duration" : 608
      }
    } ]
  },
  "278b2a7c9ac43764fae6fc61727ae281" : {
    "statistic" : {
      "failed" : 0,
      "broken" : 0,
      "skipped" : 0,
      "passed" : 1,
      "unknown" : 0,
      "total" : 1
    },
    "items" : [ {
      "uid" : "1506ecfccf3b6166",
      "status" : "passed",
      "time" : {
        "start" : 1656553263795,
        "stop" : 1656553264025,
        "duration" : 230
      }
    } ]
  },
  "7e77df6106fcf9ced14f70f67930cdfc" : {
    "statistic" : {
      "failed" : 0,
      "broken" : 0,
      "skipped" : 0,
      "passed" : 1,
      "unknown" : 0,
      "total" : 1
    },
    "items" : [ {
      "uid" : "b4f90d8639358f16",
      "status" : "passed",
      "time" : {
        "start" : 1656553263465,
        "stop" : 1656553264092,
        "duration" : 627
      }
    } ]
  },
  "809b9577037b738935e0101a9a21b881" : {
    "statistic" : {
      "failed" : 0,
      "broken" : 0,
      "skipped" : 0,
      "passed" : 1,
      "unknown" : 0,
      "total" : 1
    },
    "items" : [ {
      "uid" : "31cf1712a0857aca",
      "status" : "passed",
      "time" : {
        "start" : 1656553262644,
        "stop" : 1656553263070,
        "duration" : 426
      }
    } ]
  },
  "5e84cecda5358b45118a62c2769c8f30" : {
    "statistic" : {
      "failed" : 0,
      "broken" : 0,
      "skipped" : 0,
      "passed" : 1,
      "unknown" : 0,
      "total" : 1
    },
    "items" : [ {
      "uid" : "265ee2eac5744154",
      "status" : "passed",
      "time" : {
        "start" : 1656553263822,
        "stop" : 1656553264277,
        "duration" : 455
      }
    } ]
  },
  "4cfac0c788c049c180e2f593ec96fd14" : {
    "statistic" : {
      "failed" : 0,
      "broken" : 0,
      "skipped" : 0,
      "passed" : 1,
      "unknown" : 0,
      "total" : 1
    },
    "items" : [ {
      "uid" : "e8759690664c2899",
      "status" : "passed",
      "time" : {
        "start" : 1656553264107,
        "stop" : 1656553264810,
        "duration" : 703
      }
    } ]
  }
}