{
  "afd5b8fa437e3399bbab7bd1fc8918aa" : {
    "statistic" : {
      "failed" : 0,
      "broken" : 0,
      "skipped" : 0,
      "passed" : 1,
      "unknown" : 0,
      "total" : 1
    },
    "items" : [ {
      "uid" : "757c7c5d32f037b6",
      "status" : "passed",
      "time" : {
        "start" : 1656555420867,
        "stop" : 1656555421523,
        "duration" : 656
      }
    } ]
  },
  "e1e532d9d683f438723ad738116874de" : {
    "statistic" : {
      "failed" : 0,
      "broken" : 0,
      "skipped" : 0,
      "passed" : 1,
      "unknown" : 0,
      "total" : 1
    },
    "items" : [ {
      "uid" : "b03c21128321bb47",
      "status" : "passed",
      "time" : {
        "start" : 1656555420601,
        "stop" : 1656555420851,
        "duration" : 250
      }
    } ]
  },
  "7b94a35f76ab58821d02894eb57fc81d" : {
    "statistic" : {
      "failed" : 0,
      "broken" : 0,
      "skipped" : 0,
      "passed" : 1,
      "unknown" : 0,
      "total" : 1
    },
    "items" : [ {
      "uid" : "7c94c7c5e7f29208",
      "status" : "passed",
      "time" : {
        "start" : 1656555420976,
        "stop" : 1656555421570,
        "duration" : 594
      }
    } ]
  },
  "5eb9c9872b02e08fe1274451c1752740" : {
    "statistic" : {
      "failed" : 0,
      "broken" : 0,
      "skipped" : 0,
      "passed" : 1,
      "unknown" : 0,
      "total" : 1
    },
    "items" : [ {
      "uid" : "79dee83356ece789",
      "status" : "passed",
      "time" : {
        "start" : 1656555420601,
        "stop" : 1656555420945,
        "duration" : 344
      }
    } ]
  },
  "6a88c037cf1babac7c8d9389dfb6ca53" : {
    "statistic" : {
      "failed" : 0,
      "broken" : 0,
      "skipped" : 0,
      "passed" : 1,
      "unknown" : 0,
      "total" : 1
    },
    "items" : [ {
      "uid" : "20ad4ecbb993bd21",
      "status" : "passed",
      "time" : {
        "start" : 1656555420960,
        "stop" : 1656555421445,
        "duration" : 485
      }
    } ]
  },
  "00708f03bd1a1d2bb8d845792d5e67bd" : {
    "statistic" : {
      "failed" : 0,
      "broken" : 0,
      "skipped" : 0,
      "passed" : 1,
      "unknown" : 0,
      "total" : 1
    },
    "items" : [ {
      "uid" : "63b15c9a594a09a5",
      "status" : "passed",
      "time" : {
        "start" : 1656555421976,
        "stop" : 1656555422148,
        "duration" : 172
      }
    } ]
  },
  "e402d4f5afdb11afc56a2e52b250b8b7" : {
    "statistic" : {
      "failed" : 0,
      "broken" : 0,
      "skipped" : 0,
      "passed" : 1,
      "unknown" : 0,
      "total" : 1
    },
    "items" : [ {
      "uid" : "7cae109361a50af1",
      "status" : "passed",
      "time" : {
        "start" : 1656555422632,
        "stop" : 1656555423085,
        "duration" : 453
      }
    } ]
  },
  "278b2a7c9ac43764fae6fc61727ae281" : {
    "statistic" : {
      "failed" : 0,
      "broken" : 0,
      "skipped" : 0,
      "passed" : 1,
      "unknown" : 0,
      "total" : 1
    },
    "items" : [ {
      "uid" : "47c798d47d7376f1",
      "status" : "passed",
      "time" : {
        "start" : 1656555421585,
        "stop" : 1656555421944,
        "duration" : 359
      }
    } ]
  },
  "809b9577037b738935e0101a9a21b881" : {
    "statistic" : {
      "failed" : 0,
      "broken" : 0,
      "skipped" : 0,
      "passed" : 1,
      "unknown" : 0,
      "total" : 1
    },
    "items" : [ {
      "uid" : "98ec39e63b5b35a5",
      "status" : "passed",
      "time" : {
        "start" : 1656555420632,
        "stop" : 1656555420945,
        "duration" : 313
      }
    } ]
  },
  "7e77df6106fcf9ced14f70f67930cdfc" : {
    "statistic" : {
      "failed" : 0,
      "broken" : 0,
      "skipped" : 0,
      "passed" : 1,
      "unknown" : 0,
      "total" : 1
    },
    "items" : [ {
      "uid" : "cced64c27e5b146c",
      "status" : "passed",
      "time" : {
        "start" : 1656555421460,
        "stop" : 1656555422054,
        "duration" : 594
      }
    } ]
  },
  "5e84cecda5358b45118a62c2769c8f30" : {
    "statistic" : {
      "failed" : 0,
      "broken" : 0,
      "skipped" : 0,
      "passed" : 1,
      "unknown" : 0,
      "total" : 1
    },
    "items" : [ {
      "uid" : "7be26af5b7b332de",
      "status" : "passed",
      "time" : {
        "start" : 1656555421538,
        "stop" : 1656555421944,
        "duration" : 406
      }
    } ]
  },
  "4cfac0c788c049c180e2f593ec96fd14" : {
    "statistic" : {
      "failed" : 0,
      "broken" : 0,
      "skipped" : 0,
      "passed" : 1,
      "unknown" : 0,
      "total" : 1
    },
    "items" : [ {
      "uid" : "e77a2e0a598ddd20",
      "status" : "passed",
      "time" : {
        "start" : 1656555422069,
        "stop" : 1656555422616,
        "duration" : 547
      }
    } ]
  }
}